ISO_A3,﻿ISO_A2,﻿WB_A3,﻿WB_REGION,﻿WB_STATUS,﻿NAM_0,﻿NAM_1,﻿ADM1CD_c
﻿CHN,﻿CN,﻿CHN,﻿EAP,﻿Member State,﻿China,﻿Anhui Province,﻿CHN001
﻿CHN,﻿CN,﻿CHN,﻿EAP,﻿Member State,﻿China,﻿Guangxi Zhuang Autonomous Region,﻿CHN007
﻿CHN,﻿CN,﻿CHN,﻿EAP,﻿Member State,﻿China,﻿Hebei Province,﻿CHN010
﻿CHN,﻿CN,﻿CHN,﻿EAP,﻿Member State,﻿China,﻿Heilongjiang Province,﻿CHN011
﻿CHN,﻿CN,﻿CHN,﻿EAP,﻿Member State,﻿China,﻿Jilin Province,﻿CHN017
﻿CHN,﻿CN,﻿CHN,﻿EAP,﻿Member State,﻿China,﻿Jiangsu Province,﻿CHN015
﻿CHN,﻿CN,﻿CHN,﻿EAP,﻿Member State,﻿China,﻿Liaoning Province,﻿CHN018
﻿CHN,﻿CN,﻿CHN,﻿EAP,﻿Member State,﻿China,﻿Shandong Province,﻿CHN023
﻿JPN,﻿JP,﻿JPN,﻿Other,﻿Other,﻿Japan,﻿Aichi Ken,﻿JPN001
﻿JPN,﻿JP,﻿JPN,﻿Other,﻿Other,﻿Japan,﻿Akita Ken,﻿JPN002
﻿JPN,﻿JP,﻿JPN,﻿Other,﻿Other,﻿Japan,﻿Aomori Ken,﻿JPN003
﻿JPN,﻿JP,﻿JPN,﻿Other,﻿Other,﻿Japan,﻿Chiba Ken,﻿JPN004
﻿JPN,﻿JP,﻿JPN,﻿Other,﻿Other,﻿Japan,﻿Ehime Ken,﻿JPN005
﻿JPN,﻿JP,﻿JPN,﻿Other,﻿Other,﻿Japan,﻿Fukui Ken,﻿JPN006
﻿JPN,﻿JP,﻿JPN,﻿Other,﻿Other,﻿Japan,﻿Fukuoka Ken,﻿JPN007
﻿JPN,﻿JP,﻿JPN,﻿Other,﻿Other,﻿Japan,﻿Fukushima Ken,﻿JPN008
﻿JPN,﻿JP,﻿JPN,﻿Other,﻿Other,﻿Japan,﻿Gifu Ken,﻿JPN009
﻿JPN,﻿JP,﻿JPN,﻿Other,﻿Other,﻿Japan,﻿Gunma Ken,﻿JPN010
﻿JPN,﻿JP,﻿JPN,﻿Other,﻿Other,﻿Japan,﻿Hiroshima Ken,﻿JPN011
﻿JPN,﻿JP,﻿JPN,﻿Other,﻿Other,﻿Japan,﻿Hokkai Do,﻿JPN012
﻿JPN,﻿JP,﻿JPN,﻿Other,﻿Other,﻿Japan,﻿Hyogo Ken,﻿JPN013
﻿JPN,﻿JP,﻿JPN,﻿Other,﻿Other,﻿Japan,﻿Ibaraki Ken,﻿JPN014
﻿JPN,﻿JP,﻿JPN,﻿Other,﻿Other,﻿Japan,﻿Ishikawa Ken,﻿JPN015
﻿JPN,﻿JP,﻿JPN,﻿Other,﻿Other,﻿Japan,﻿Iwate Ken,﻿JPN016
﻿JPN,﻿JP,﻿JPN,﻿Other,﻿Other,﻿Japan,﻿Kagawa Ken,﻿JPN017
﻿JPN,﻿JP,﻿JPN,﻿Other,﻿Other,﻿Japan,﻿Kagoshima Ken,﻿JPN018
﻿JPN,﻿JP,﻿JPN,﻿Other,﻿Other,﻿Japan,﻿Kanagawa Ken,﻿JPN019
﻿JPN,﻿JP,﻿JPN,﻿Other,﻿Other,﻿Japan,﻿Kochi Ken,﻿JPN020
﻿JPN,﻿JP,﻿JPN,﻿Other,﻿Other,﻿Japan,﻿Kumamoto Ken,﻿JPN021
﻿JPN,﻿JP,﻿JPN,﻿Other,﻿Other,﻿Japan,﻿Kyoto Fu,﻿JPN022
﻿JPN,﻿JP,﻿JPN,﻿Other,﻿Other,﻿Japan,﻿Mie Ken,﻿JPN023
﻿JPN,﻿JP,﻿JPN,﻿Other,﻿Other,﻿Japan,﻿Miyagi Ken,﻿JPN024
﻿JPN,﻿JP,﻿JPN,﻿Other,﻿Other,﻿Japan,﻿Miyazaki Ken,﻿JPN025
﻿JPN,﻿JP,﻿JPN,﻿Other,﻿Other,﻿Japan,﻿Nagano Ken,﻿JPN026
﻿JPN,﻿JP,﻿JPN,﻿Other,﻿Other,﻿Japan,﻿Nagasaki Ken,﻿JPN027
﻿JPN,﻿JP,﻿JPN,﻿Other,﻿Other,﻿Japan,﻿Nara Ken,﻿JPN028
﻿JPN,﻿JP,﻿JPN,﻿Other,﻿Other,﻿Japan,﻿Niigata Ken,﻿JPN029
﻿JPN,﻿JP,﻿JPN,﻿Other,﻿Other,﻿Japan,﻿Oita Ken,﻿JPN030
﻿JPN,﻿JP,﻿JPN,﻿Other,﻿Other,﻿Japan,﻿Okayama Ken,﻿JPN031
﻿JPN,﻿JP,﻿JPN,﻿Other,﻿Other,﻿Japan,﻿Okinawa Ken,﻿JPN032
﻿JPN,﻿JP,﻿JPN,﻿Other,﻿Other,﻿Japan,﻿Osaka Fu,﻿JPN033
﻿JPN,﻿JP,﻿JPN,﻿Other,﻿Other,﻿Japan,﻿Saga Ken,﻿JPN034
﻿JPN,﻿JP,﻿JPN,﻿Other,﻿Other,﻿Japan,﻿Saitama Ken,﻿JPN035
﻿JPN,﻿JP,﻿JPN,﻿Other,﻿Other,﻿Japan,﻿Shiga Ken,﻿JPN036
﻿JPN,﻿JP,﻿JPN,﻿Other,﻿Other,﻿Japan,﻿Shimane Ken,﻿JPN037
﻿JPN,﻿JP,﻿JPN,﻿Other,﻿Other,﻿Japan,﻿Shizuoka Ken,﻿JPN038
﻿JPN,﻿JP,﻿JPN,﻿Other,﻿Other,﻿Japan,﻿Tochigi Ken,﻿JPN039
﻿JPN,﻿JP,﻿JPN,﻿Other,﻿Other,﻿Japan,﻿Tokushima Ken,﻿JPN040
﻿JPN,﻿JP,﻿JPN,﻿Other,﻿Other,﻿Japan,﻿Tokyo To,﻿JPN041
﻿JPN,﻿JP,﻿JPN,﻿Other,﻿Other,﻿Japan,﻿Tottori Ken,﻿JPN042
﻿JPN,﻿JP,﻿JPN,﻿Other,﻿Other,﻿Japan,﻿Toyama Ken,﻿JPN043
﻿JPN,﻿JP,﻿JPN,﻿Other,﻿Other,﻿Japan,﻿Wakayama Ken,﻿JPN044
﻿JPN,﻿JP,﻿JPN,﻿Other,﻿Other,﻿Japan,﻿Yamagata Ken,﻿JPN045
﻿JPN,﻿JP,﻿JPN,﻿Other,﻿Other,﻿Japan,﻿Yamaguchi Ken,﻿JPN046
﻿JPN,﻿JP,﻿JPN,﻿Other,﻿Other,﻿Japan,﻿Yamanashi Ken,﻿JPN047
﻿PRK,﻿KP,﻿PRK,﻿Other,﻿Non Member State,﻿D. P. R. of Korea,﻿Kaesong-si,﻿PRK006
﻿PRK,﻿KP,﻿PRK,﻿Other,﻿Non Member State,﻿D. P. R. of Korea,﻿Chagang-do,﻿PRK001
﻿PRK,﻿KP,﻿PRK,﻿Other,﻿Non Member State,﻿D. P. R. of Korea,﻿Hamgyong-bukto,﻿PRK002
﻿PRK,﻿KP,﻿PRK,﻿Other,﻿Non Member State,﻿D. P. R. of Korea,﻿Hamgyong-namdo,﻿PRK003
﻿PRK,﻿KP,﻿PRK,﻿Other,﻿Non Member State,﻿D. P. R. of Korea,﻿Kangwon-do,﻿PRK007
﻿PRK,﻿KP,﻿PRK,﻿Other,﻿Non Member State,﻿D. P. R. of Korea,﻿P'yongan-bukto,﻿PRK008
﻿PRK,﻿KP,﻿PRK,﻿Other,﻿Non Member State,﻿D. P. R. of Korea,﻿P'yongan-namdo,﻿PRK009
﻿PRK,﻿KP,﻿PRK,﻿Other,﻿Non Member State,﻿D. P. R. of Korea,﻿P'yongyang-si,﻿PRK010
﻿PRK,﻿KP,﻿PRK,﻿Other,﻿Non Member State,﻿D. P. R. of Korea,﻿Hwanghae-bukto,﻿PRK004
﻿PRK,﻿KP,﻿PRK,﻿Other,﻿Non Member State,﻿D. P. R. of Korea,﻿Hwanghae-namdo,﻿PRK005
﻿PRK,﻿KP,﻿PRK,﻿Other,﻿Non Member State,﻿D. P. R. of Korea,﻿Yanggang-do,﻿PRK011
﻿RUS,﻿RU,﻿RUS,﻿ECA,﻿Member State,﻿Russian Federation,﻿Amurskaya Oblast,﻿RUS005
﻿VNM,﻿VN,﻿VNM,﻿EAP,﻿Member State,﻿Viet Nam,﻿Tỉnh Bắc Ninh,﻿VNM008
﻿VNM,﻿VN,﻿VNM,﻿EAP,﻿Member State,﻿Viet Nam,﻿Tỉnh Cao Bằng,﻿VNM009
﻿VNM,﻿VN,﻿VNM,﻿EAP,﻿Member State,﻿Viet Nam,﻿Tỉnh Lạng Sơn,﻿VNM018
﻿CHN,﻿CN,﻿CHN,﻿EAP,﻿Member State,﻿China,﻿Chongqing Municipality,﻿CHN003
﻿CHN,﻿CN,﻿CHN,﻿EAP,﻿Member State,﻿China,﻿Guangdong Province,﻿CHN006
﻿CHN,﻿CN,﻿CHN,﻿EAP,﻿Member State,﻿China,﻿Gansu Province,﻿CHN005
﻿CHN,﻿CN,﻿CHN,﻿EAP,﻿Member State,﻿China,﻿Guizhou Province,﻿CHN008
﻿CHN,﻿CN,﻿CHN,﻿EAP,﻿Member State,﻿China,﻿Henan Province,﻿CHN012
﻿CHN,﻿CN,﻿CHN,﻿EAP,﻿Member State,﻿China,﻿Hunan Province,﻿CHN014
﻿CHN,﻿CN,﻿CHN,﻿EAP,﻿Member State,﻿China,﻿Hubei Province,﻿CHN013
﻿CHN,﻿CN,﻿CHN,﻿EAP,﻿Member State,﻿China,﻿Jiangxi Province,﻿CHN016
﻿CHN,﻿CN,﻿CHN,﻿EAP,﻿Member State,﻿China,﻿Inner Mongolia Autonomous Region,﻿CHN019
﻿CHN,﻿CN,﻿CHN,﻿EAP,﻿Member State,﻿China,﻿Ningxia Hui Autonomous Region,﻿CHN020
﻿CHN,﻿CN,﻿CHN,﻿EAP,﻿Member State,﻿China,﻿Shaanxi Province,﻿CHN022
﻿CHN,﻿CN,﻿CHN,﻿EAP,﻿Member State,﻿China,﻿Sichuan Province,﻿CHN026
﻿CHN,﻿CN,﻿CHN,﻿EAP,﻿Member State,﻿China,﻿Shanxi Province,﻿CHN025
﻿MNG,﻿MN,﻿MNG,﻿EAP,﻿Member State,﻿Mongolia,﻿Arkhangai,﻿MNG065
﻿MNG,﻿MN,﻿MNG,﻿EAP,﻿Member State,﻿Mongolia,﻿Bulgan,﻿MNG063
﻿MNG,﻿MN,﻿MNG,﻿EAP,﻿Member State,﻿Mongolia,﻿Darkhan-Uul,﻿MNG045
﻿MNG,﻿MN,﻿MNG,﻿EAP,﻿Member State,﻿Mongolia,﻿Dornod,﻿MNG021
﻿MNG,﻿MN,﻿MNG,﻿EAP,﻿Member State,﻿Mongolia,﻿Dornogovi,﻿MNG044
﻿MNG,﻿MN,﻿MNG,﻿EAP,﻿Member State,﻿Mongolia,﻿Dundgovi,﻿MNG048
﻿MNG,﻿MN,﻿MNG,﻿EAP,﻿Member State,﻿Mongolia,﻿Govisümber,﻿MNG042
﻿MNG,﻿MN,﻿MNG,﻿EAP,﻿Member State,﻿Mongolia,﻿Khentii,﻿MNG023
﻿MNG,﻿MN,﻿MNG,﻿EAP,﻿Member State,﻿Mongolia,﻿Khövsgöl,﻿MNG067
﻿MNG,﻿MN,﻿MNG,﻿EAP,﻿Member State,﻿Mongolia,﻿Ömnögovi,﻿MNG046
﻿MNG,﻿MN,﻿MNG,﻿EAP,﻿Member State,﻿Mongolia,﻿Orkhon,﻿MNG061
﻿MNG,﻿MN,﻿MNG,﻿EAP,﻿Member State,﻿Mongolia,﻿Övörkhangai,﻿MNG062
﻿MNG,﻿MN,﻿MNG,﻿EAP,﻿Member State,﻿Mongolia,﻿Selenge,﻿MNG043
﻿MNG,﻿MN,﻿MNG,﻿EAP,﻿Member State,﻿Mongolia,﻿Sükhbaatar,﻿MNG022
﻿MNG,﻿MN,﻿MNG,﻿EAP,﻿Member State,﻿Mongolia,﻿Töv,﻿MNG041
﻿MNG,﻿MN,﻿MNG,﻿EAP,﻿Member State,﻿Mongolia,﻿Ulaanbaatar,﻿MNG011
﻿RUS,﻿RU,﻿RUS,﻿ECA,﻿Member State,﻿Russian Federation,﻿Aginskiy Buryatskiy A. Okrug,﻿RUS002
﻿RUS,﻿RU,﻿RUS,﻿ECA,﻿Member State,﻿Russian Federation,﻿Chitinskaya Oblast,﻿RUS014
﻿RUS,﻿RU,﻿RUS,﻿ECA,﻿Member State,﻿Russian Federation,﻿Ustordynskiy Buryatskiy Okrug,﻿RUS083
﻿RUS,﻿RU,﻿RUS,﻿ECA,﻿Member State,﻿Russian Federation,﻿Buryatiya Rep.,﻿RUS011
﻿RUS,﻿RU,﻿RUS,﻿ECA,﻿Member State,﻿Russian Federation,﻿Irkutskaya Oblast,﻿RUS020
﻿VNM,﻿VN,﻿VNM,﻿EAP,﻿Member State,﻿Viet Nam,﻿Thành phố Hải Phòng,﻿VNM004
﻿VNM,﻿VN,﻿VNM,﻿EAP,﻿Member State,﻿Viet Nam,﻿Tỉnh Hưng Yên,﻿VNM013
﻿VNM,﻿VN,﻿VNM,﻿EAP,﻿Member State,﻿Viet Nam,﻿Tỉnh Ninh Bình,﻿VNM020
﻿VNM,﻿VN,﻿VNM,﻿EAP,﻿Member State,﻿Viet Nam,﻿Tỉnh Quảng Ninh,﻿VNM023
﻿VNM,﻿VN,﻿VNM,﻿EAP,﻿Member State,﻿Viet Nam,﻿Tỉnh Thái Nguyên,﻿VNM027
﻿CHN,﻿CN,﻿CHN,﻿EAP,﻿Member State,﻿China,﻿Beijing Municipality,﻿CHN002
﻿CHN,﻿CN,﻿CHN,﻿EAP,﻿Member State,﻿China,﻿Fujian Province,﻿CHN004
﻿CHN,﻿CN,﻿CHN,﻿EAP,﻿Member State,﻿China,﻿Hainan Province,﻿CHN009
﻿CHN,﻿CN,﻿CHN,﻿EAP,﻿Member State,﻿China,﻿Tianjin Municipality,﻿CHN027
﻿CHN,﻿CN,﻿CHN,﻿EAP,﻿Member State,﻿China,﻿Yunnan Province,﻿CHN030
﻿VNM,﻿VN,﻿VNM,﻿EAP,﻿Member State,﻿Viet Nam,﻿Thành phố Hà Nội,﻿VNM003
﻿VNM,﻿VN,﻿VNM,﻿EAP,﻿Member State,﻿Viet Nam,﻿Tỉnh Gia Lai,﻿VNM011
﻿VNM,﻿VN,﻿VNM,﻿EAP,﻿Member State,﻿Viet Nam,﻿Tỉnh Hà Tĩnh,﻿VNM012
﻿VNM,﻿VN,﻿VNM,﻿EAP,﻿Member State,﻿Viet Nam,﻿Tỉnh Lào Cai,﻿VNM016
﻿VNM,﻿VN,﻿VNM,﻿EAP,﻿Member State,﻿Viet Nam,﻿Tỉnh Quảng Ngãi,﻿VNM022
﻿VNM,﻿VN,﻿VNM,﻿EAP,﻿Member State,﻿Viet Nam,﻿Tỉnh Quảng Trị,﻿VNM024
﻿VNM,﻿VN,﻿VNM,﻿EAP,﻿Member State,﻿Viet Nam,﻿Tỉnh Thanh Hóa,﻿VNM026
﻿VNM,﻿VN,﻿VNM,﻿EAP,﻿Member State,﻿Viet Nam,﻿Tỉnh Tuyên Quang,﻿VNM028
﻿CHN,﻿CN,﻿CHN,﻿EAP,﻿Member State,﻿China,﻿Shanghai Municipality,﻿CHN024
﻿CHN,﻿CN,﻿CHN,﻿EAP,﻿Member State,﻿China,﻿Zhejiang Province,﻿CHN031
﻿KHM,﻿KH,﻿KHM,﻿EAP,﻿Member State,﻿Cambodia,﻿Banteay Meanchey,﻿KHM001
﻿KHM,﻿KH,﻿KHM,﻿EAP,﻿Member State,﻿Cambodia,﻿Battambang,﻿KHM002
﻿KHM,﻿KH,﻿KHM,﻿EAP,﻿Member State,﻿Cambodia,﻿Kampong Cham,﻿KHM003
﻿KHM,﻿KH,﻿KHM,﻿EAP,﻿Member State,﻿Cambodia,﻿Kampong Chhnang,﻿KHM004
﻿KHM,﻿KH,﻿KHM,﻿EAP,﻿Member State,﻿Cambodia,﻿Kampong Speu,﻿KHM005
﻿KHM,﻿KH,﻿KHM,﻿EAP,﻿Member State,﻿Cambodia,﻿Kampong Thom,﻿KHM006
﻿KHM,﻿KH,﻿KHM,﻿EAP,﻿Member State,﻿Cambodia,﻿Kampot,﻿KHM007
﻿KHM,﻿KH,﻿KHM,﻿EAP,﻿Member State,﻿Cambodia,﻿Kandal,﻿KHM008
﻿KHM,﻿KH,﻿KHM,﻿EAP,﻿Member State,﻿Cambodia,﻿Kep,﻿KHM009
﻿KHM,﻿KH,﻿KHM,﻿EAP,﻿Member State,﻿Cambodia,﻿Oddar Meanchey,﻿KHM013
﻿KHM,﻿KH,﻿KHM,﻿EAP,﻿Member State,﻿Cambodia,﻿Pailin,﻿KHM014
﻿KHM,﻿KH,﻿KHM,﻿EAP,﻿Member State,﻿Cambodia,﻿Phnom Penh,﻿KHM015
﻿KHM,﻿KH,﻿KHM,﻿EAP,﻿Member State,﻿Cambodia,﻿Preah Vihear,﻿KHM016
﻿KHM,﻿KH,﻿KHM,﻿EAP,﻿Member State,﻿Cambodia,﻿Prey Veng,﻿KHM017
﻿KHM,﻿KH,﻿KHM,﻿EAP,﻿Member State,﻿Cambodia,﻿Pursat,﻿KHM018
﻿KHM,﻿KH,﻿KHM,﻿EAP,﻿Member State,﻿Cambodia,﻿Siemreap,﻿KHM020
﻿KHM,﻿KH,﻿KHM,﻿EAP,﻿Member State,﻿Cambodia,﻿Stung Treng,﻿KHM022
﻿KHM,﻿KH,﻿KHM,﻿EAP,﻿Member State,﻿Cambodia,﻿Svay Rieng,﻿KHM023
﻿KHM,﻿KH,﻿KHM,﻿EAP,﻿Member State,﻿Cambodia,﻿Takeo,﻿KHM024
﻿KHM,﻿KH,﻿KHM,﻿EAP,﻿Member State,﻿Cambodia,﻿Tboung Khmum,﻿KHM025
﻿KHM,﻿KH,﻿KHM,﻿EAP,﻿Member State,﻿Cambodia,﻿Under National Administration,﻿KHM000
﻿LAO,﻿LA,﻿LAO,﻿EAP,﻿Member State,﻿Lao People's Democratic Republic,﻿Bokeo,﻿LAO002
﻿LAO,﻿LA,﻿LAO,﻿EAP,﻿Member State,﻿Lao People's Democratic Republic,﻿Bolikhamxai,﻿LAO003
﻿LAO,﻿LA,﻿LAO,﻿EAP,﻿Member State,﻿Lao People's Democratic Republic,﻿Champasack,﻿LAO004
﻿LAO,﻿LA,﻿LAO,﻿EAP,﻿Member State,﻿Lao People's Democratic Republic,﻿Houaphan,﻿LAO005
﻿LAO,﻿LA,﻿LAO,﻿EAP,﻿Member State,﻿Lao People's Democratic Republic,﻿Khammouan,﻿LAO006
﻿LAO,﻿LA,﻿LAO,﻿EAP,﻿Member State,﻿Lao People's Democratic Republic,﻿Louangnamtha,﻿LAO007
﻿LAO,﻿LA,﻿LAO,﻿EAP,﻿Member State,﻿Lao People's Democratic Republic,﻿Louangphabang,﻿LAO008
﻿LAO,﻿LA,﻿LAO,﻿EAP,﻿Member State,﻿Lao People's Democratic Republic,﻿Oudomxai,﻿LAO009
﻿LAO,﻿LA,﻿LAO,﻿EAP,﻿Member State,﻿Lao People's Democratic Republic,﻿Phongsaly,﻿LAO010
﻿LAO,﻿LA,﻿LAO,﻿EAP,﻿Member State,﻿Lao People's Democratic Republic,﻿Salavan,﻿LAO011
﻿LAO,﻿LA,﻿LAO,﻿EAP,﻿Member State,﻿Lao People's Democratic Republic,﻿Savannakhet,﻿LAO012
﻿LAO,﻿LA,﻿LAO,﻿EAP,﻿Member State,﻿Lao People's Democratic Republic,﻿Vientiane,﻿LAO013
﻿LAO,﻿LA,﻿LAO,﻿EAP,﻿Member State,﻿Lao People's Democratic Republic,﻿Vientiane Capital,﻿LAO014
﻿LAO,﻿LA,﻿LAO,﻿EAP,﻿Member State,﻿Lao People's Democratic Republic,﻿Xaignabouly,﻿LAO015
﻿LAO,﻿LA,﻿LAO,﻿EAP,﻿Member State,﻿Lao People's Democratic Republic,﻿Xiengkhouang,﻿LAO018
﻿LAO,﻿LA,﻿LAO,﻿EAP,﻿Member State,﻿Lao People's Democratic Republic,﻿Xaisomboon,﻿LAO016
﻿MMR,﻿MM,﻿MMR,﻿EAP,﻿Member State,﻿Myanmar,﻿Shan,﻿MMR013
﻿THA,﻿TH,﻿THA,﻿EAP,﻿Member State,﻿Thailand,﻿Amnat Charoen,﻿THA001
﻿THA,﻿TH,﻿THA,﻿EAP,﻿Member State,﻿Thailand,﻿Ang Thong,﻿THA002
﻿THA,﻿TH,﻿THA,﻿EAP,﻿Member State,﻿Thailand,﻿Bangkok,﻿THA003
﻿THA,﻿TH,﻿THA,﻿EAP,﻿Member State,﻿Thailand,﻿Buriram,﻿THA004
﻿THA,﻿TH,﻿THA,﻿EAP,﻿Member State,﻿Thailand,﻿Chon Buri,﻿THA011
﻿THA,﻿TH,﻿THA,﻿EAP,﻿Member State,﻿Thailand,﻿Chachoengsao,﻿THA005
﻿THA,﻿TH,﻿THA,﻿EAP,﻿Member State,﻿Thailand,﻿Chiang Mai,﻿THA009
﻿THA,﻿TH,﻿THA,﻿EAP,﻿Member State,﻿Thailand,﻿Chai Nat,﻿THA006
﻿THA,﻿TH,﻿THA,﻿EAP,﻿Member State,﻿Thailand,﻿Chiang Rai,﻿THA010
﻿THA,﻿TH,﻿THA,﻿EAP,﻿Member State,﻿Thailand,﻿Chanthaburi,﻿THA008
﻿THA,﻿TH,﻿THA,﻿EAP,﻿Member State,﻿Thailand,﻿Chaiyaphum,﻿THA007
﻿THA,﻿TH,﻿THA,﻿EAP,﻿Member State,﻿Thailand,﻿Khon Kaen,﻿THA016
﻿THA,﻿TH,﻿THA,﻿EAP,﻿Member State,﻿Thailand,﻿Kalasin,﻿THA013
﻿THA,﻿TH,﻿THA,﻿EAP,﻿Member State,﻿Thailand,﻿Kanchanaburi,﻿THA015
﻿THA,﻿TH,﻿THA,﻿EAP,﻿Member State,﻿Thailand,﻿Kamphaeng Phet,﻿THA014
﻿THA,﻿TH,﻿THA,﻿EAP,﻿Member State,﻿Thailand,﻿Lop Buri,﻿THA021
﻿THA,﻿TH,﻿THA,﻿EAP,﻿Member State,﻿Thailand,﻿Loei,﻿THA020
﻿THA,﻿TH,﻿THA,﻿EAP,﻿Member State,﻿Thailand,﻿Lampang,﻿THA018
﻿THA,﻿TH,﻿THA,﻿EAP,﻿Member State,﻿Thailand,﻿Lamphun,﻿THA019
﻿THA,﻿TH,﻿THA,﻿EAP,﻿Member State,﻿Thailand,﻿Mukdahan,﻿THA024
﻿THA,﻿TH,﻿THA,﻿EAP,﻿Member State,﻿Thailand,﻿Maha Sarakham,﻿THA023
﻿THA,﻿TH,﻿THA,﻿EAP,﻿Member State,﻿Thailand,﻿Nan,﻿THA031
﻿THA,﻿TH,﻿THA,﻿EAP,﻿Member State,﻿Thailand,﻿Nong Bua Lam Phu,﻿THA033
﻿THA,﻿TH,﻿THA,﻿EAP,﻿Member State,﻿Thailand,﻿Nakhon Phanom,﻿THA027
﻿THA,﻿TH,﻿THA,﻿EAP,﻿Member State,﻿Thailand,﻿Bueng Kan,﻿THA077
﻿THA,﻿TH,﻿THA,﻿EAP,﻿Member State,﻿Thailand,﻿Nong Khai,﻿THA034
﻿THA,﻿TH,﻿THA,﻿EAP,﻿Member State,﻿Thailand,﻿Nakhon Nayok,﻿THA025
﻿THA,﻿TH,﻿THA,﻿EAP,﻿Member State,﻿Thailand,﻿Nonthaburi,﻿THA035
﻿THA,﻿TH,﻿THA,﻿EAP,﻿Member State,﻿Thailand,﻿Nakhon Pathom,﻿THA026
﻿THA,﻿TH,﻿THA,﻿EAP,﻿Member State,﻿Thailand,﻿Nakhon Ratchasima,﻿THA028
﻿THA,﻿TH,﻿THA,﻿EAP,﻿Member State,﻿Thailand,﻿Nakhon Sawan,﻿THA029
﻿THA,﻿TH,﻿THA,﻿EAP,﻿Member State,﻿Thailand,﻿Nakhon Si Thammarat,﻿THA030
﻿THA,﻿TH,﻿THA,﻿EAP,﻿Member State,﻿Thailand,﻿Phra Nakhon Si Ayutthaya,﻿THA046
﻿THA,﻿TH,﻿THA,﻿EAP,﻿Member State,﻿Thailand,﻿Prachin Buri,﻿THA038
﻿THA,﻿TH,﻿THA,﻿EAP,﻿Member State,﻿Thailand,﻿Phichit,﻿THA044
﻿THA,﻿TH,﻿THA,﻿EAP,﻿Member State,﻿Thailand,﻿Phetchaburi,﻿THA043
﻿THA,﻿TH,﻿THA,﻿EAP,﻿Member State,﻿Thailand,﻿Phetchabun,﻿THA042
﻿THA,﻿TH,﻿THA,﻿EAP,﻿Member State,﻿Thailand,﻿Prachuap Khiri Khan,﻿THA049
﻿THA,﻿TH,﻿THA,﻿EAP,﻿Member State,﻿Thailand,﻿Phrae,﻿THA047
﻿THA,﻿TH,﻿THA,﻿EAP,﻿Member State,﻿Thailand,﻿Phitsanulok,﻿THA045
﻿THA,﻿TH,﻿THA,﻿EAP,﻿Member State,﻿Thailand,﻿Pathum Thani,﻿THA036
﻿THA,﻿TH,﻿THA,﻿EAP,﻿Member State,﻿Thailand,﻿Phayao,﻿THA041
﻿THA,﻿TH,﻿THA,﻿EAP,﻿Member State,﻿Thailand,﻿Roi Et,﻿THA053
﻿THA,﻿TH,﻿THA,﻿EAP,﻿Member State,﻿Thailand,﻿Ratchaburi,﻿THA051
﻿THA,﻿TH,﻿THA,﻿EAP,﻿Member State,﻿Thailand,﻿Rayong,﻿THA052
﻿THA,﻿TH,﻿THA,﻿EAP,﻿Member State,﻿Thailand,﻿Sing Buri,﻿THA062
﻿THA,﻿TH,﻿THA,﻿EAP,﻿Member State,﻿Thailand,﻿Songkhla,﻿THA063
﻿THA,﻿TH,﻿THA,﻿EAP,﻿Member State,﻿Thailand,﻿Suphan Buri,﻿THA065
﻿THA,﻿TH,﻿THA,﻿EAP,﻿Member State,﻿Thailand,﻿Si Sa Ket,﻿THA061
﻿THA,﻿TH,﻿THA,﻿EAP,﻿Member State,﻿Thailand,﻿Sa Kaeo,﻿THA054
﻿THA,﻿TH,﻿THA,﻿EAP,﻿Member State,﻿Thailand,﻿Samut Songkhram,﻿THA058
﻿THA,﻿TH,﻿THA,﻿EAP,﻿Member State,﻿Thailand,﻿Sakon Nakhon,﻿THA055
﻿THA,﻿TH,﻿THA,﻿EAP,﻿Member State,﻿Thailand,﻿Sukhothai,﻿THA064
﻿THA,﻿TH,﻿THA,﻿EAP,﻿Member State,﻿Thailand,﻿Samut Prakan,﻿THA056
﻿THA,﻿TH,﻿THA,﻿EAP,﻿Member State,﻿Thailand,﻿Saraburi,﻿THA059
﻿THA,﻿TH,﻿THA,﻿EAP,﻿Member State,﻿Thailand,﻿Samut Sakhon,﻿THA057
﻿THA,﻿TH,﻿THA,﻿EAP,﻿Member State,﻿Thailand,﻿Surat Thani,﻿THA066
﻿THA,﻿TH,﻿THA,﻿EAP,﻿Member State,﻿Thailand,﻿Surin,﻿THA067
﻿THA,﻿TH,﻿THA,﻿EAP,﻿Member State,﻿Thailand,﻿Trang,﻿THA070
﻿THA,﻿TH,﻿THA,﻿EAP,﻿Member State,﻿Thailand,﻿Tak,﻿THA068
﻿THA,﻿TH,﻿THA,﻿EAP,﻿Member State,﻿Thailand,﻿Trat,﻿THA069
﻿THA,﻿TH,﻿THA,﻿EAP,﻿Member State,﻿Thailand,﻿Uttaradit,﻿THA074
﻿THA,﻿TH,﻿THA,﻿EAP,﻿Member State,﻿Thailand,﻿Udon Thani,﻿THA072
﻿THA,﻿TH,﻿THA,﻿EAP,﻿Member State,﻿Thailand,﻿Ubon Ratchathani,﻿THA071
﻿THA,﻿TH,﻿THA,﻿EAP,﻿Member State,﻿Thailand,﻿Uthai Thani,﻿THA073
﻿THA,﻿TH,﻿THA,﻿EAP,﻿Member State,﻿Thailand,﻿Yasothon,﻿THA076
﻿VNM,﻿VN,﻿VNM,﻿EAP,﻿Member State,﻿Viet Nam,﻿Thành phố Cần Thơ,﻿VNM001
﻿VNM,﻿VN,﻿VNM,﻿EAP,﻿Member State,﻿Viet Nam,﻿Thành phố Hồ Chí Minh,﻿VNM005
﻿VNM,﻿VN,﻿VNM,﻿EAP,﻿Member State,﻿Viet Nam,﻿Tỉnh An Giang,﻿VNM007
﻿VNM,﻿VN,﻿VNM,﻿EAP,﻿Member State,﻿Viet Nam,﻿Tỉnh Cà Mau,﻿VNM010
﻿VNM,﻿VN,﻿VNM,﻿EAP,﻿Member State,﻿Viet Nam,﻿Tỉnh Điện Biên,﻿VNM031
﻿VNM,﻿VN,﻿VNM,﻿EAP,﻿Member State,﻿Viet Nam,﻿Tỉnh Đồng Tháp,﻿VNM034
﻿VNM,﻿VN,﻿VNM,﻿EAP,﻿Member State,﻿Viet Nam,﻿Tỉnh Lai Châu,﻿VNM015
﻿VNM,﻿VN,﻿VNM,﻿EAP,﻿Member State,﻿Viet Nam,﻿Tỉnh Nghệ An,﻿VNM019
﻿VNM,﻿VN,﻿VNM,﻿EAP,﻿Member State,﻿Viet Nam,﻿Tỉnh Phú Thọ,﻿VNM021
﻿VNM,﻿VN,﻿VNM,﻿EAP,﻿Member State,﻿Viet Nam,﻿Tỉnh Sơn La,﻿VNM025
﻿VNM,﻿VN,﻿VNM,﻿EAP,﻿Member State,﻿Viet Nam,﻿Tỉnh Tây Ninh,﻿VNM029
﻿VNM,﻿VN,﻿VNM,﻿EAP,﻿Member State,﻿Viet Nam,﻿Tỉnh Vĩnh Long,﻿VNM030
﻿AFG,﻿AF,﻿AFG,﻿MENAAP,﻿Member State,﻿Afghanistan,﻿Badakhshan,﻿AFG001
﻿AFG,﻿AF,﻿AFG,﻿MENAAP,﻿Member State,﻿Afghanistan,﻿Baghlan,﻿AFG003
﻿AFG,﻿AF,﻿AFG,﻿MENAAP,﻿Member State,﻿Afghanistan,﻿Kapisa,﻿AFG016
﻿AFG,﻿AF,﻿AFG,﻿MENAAP,﻿Member State,﻿Afghanistan,﻿Kunar,﻿AFG018
﻿AFG,﻿AF,﻿AFG,﻿MENAAP,﻿Member State,﻿Afghanistan,﻿Laghman,﻿AFG020
﻿AFG,﻿AF,﻿AFG,﻿MENAAP,﻿Member State,﻿Afghanistan,﻿Nangarhar,﻿AFG022
﻿AFG,﻿AF,﻿AFG,﻿MENAAP,﻿Member State,﻿Afghanistan,﻿Nuristan,﻿AFG024
﻿AFG,﻿AF,﻿AFG,﻿MENAAP,﻿Member State,﻿Afghanistan,﻿Panjsher,﻿AFG027
﻿AFG,﻿AF,﻿AFG,﻿MENAAP,﻿Member State,﻿Afghanistan,﻿Parwan,﻿AFG028
﻿AFG,﻿AF,﻿AFG,﻿MENAAP,﻿Member State,﻿Afghanistan,﻿Takhar,﻿AFG031
﻿BTN,﻿BT,﻿BTN,﻿SAR,﻿Member State,﻿Bhutan,﻿Bumthang,﻿BTN001
﻿BTN,﻿BT,﻿BTN,﻿SAR,﻿Member State,﻿Bhutan,﻿Tsirang,﻿BTN018
﻿BTN,﻿BT,﻿BTN,﻿SAR,﻿Member State,﻿Bhutan,﻿Dagana,﻿BTN003
﻿BTN,﻿BT,﻿BTN,﻿SAR,﻿Member State,﻿Bhutan,﻿Gasa,﻿BTN004
﻿BTN,﻿BT,﻿BTN,﻿SAR,﻿Member State,﻿Bhutan,﻿Sarpang,﻿BTN013
﻿BTN,﻿BT,﻿BTN,﻿SAR,﻿Member State,﻿Bhutan,﻿Lhuentse,﻿BTN006
﻿BTN,﻿BT,﻿BTN,﻿SAR,﻿Member State,﻿Bhutan,﻿Monggar,﻿BTN007
﻿BTN,﻿BT,﻿BTN,﻿SAR,﻿Member State,﻿Bhutan,﻿Punakha,﻿BTN010
﻿BTN,﻿BT,﻿BTN,﻿SAR,﻿Member State,﻿Bhutan,﻿Zhemgang,﻿BTN020
﻿BTN,﻿BT,﻿BTN,﻿SAR,﻿Member State,﻿Bhutan,﻿Trashigang,﻿BTN015
﻿BTN,﻿BT,﻿BTN,﻿SAR,﻿Member State,﻿Bhutan,﻿Thimphu,﻿BTN014
﻿BTN,﻿BT,﻿BTN,﻿SAR,﻿Member State,﻿Bhutan,﻿Trongsa,﻿BTN017
﻿BTN,﻿BT,﻿BTN,﻿SAR,﻿Member State,﻿Bhutan,﻿Trashiyangtse,﻿BTN016
﻿BTN,﻿BT,﻿BTN,﻿SAR,﻿Member State,﻿Bhutan,﻿Wangduephodrang,﻿BTN019
﻿CHN,﻿CN,﻿CHN,﻿EAP,﻿Member State,﻿China,﻿Qinghai Province,﻿CHN021
﻿CHN,﻿CN,﻿CHN,﻿EAP,﻿Member State,﻿China,﻿Taiwan Province,﻿CHN032
﻿CHN,﻿CN,﻿CHN,﻿EAP,﻿Member State,﻿China,﻿Xinjiang Uygur Autonomous Region,﻿CHN028
﻿CHN,﻿CN,﻿CHN,﻿EAP,﻿Member State,﻿China,﻿Xizang Autonomous Region,﻿CHN029
﻿HKG,﻿HK,﻿HKG,﻿EAP,﻿Special Administrative Region,"﻿Hong Kong SAR, China","﻿Hong Kong SAR, China",﻿HKG001
﻿IDN,﻿ID,﻿IDN,﻿EAP,﻿Member State,﻿Indonesia,﻿Jambi,﻿IDN005
﻿IDN,﻿ID,﻿IDN,﻿EAP,﻿Member State,﻿Indonesia,﻿Riau,﻿IDN004
﻿IDN,﻿ID,﻿IDN,﻿EAP,﻿Member State,﻿Indonesia,﻿Sumatera Barat,﻿IDN003
﻿IDN,﻿ID,﻿IDN,﻿EAP,﻿Member State,﻿Indonesia,﻿Sumatera Utara,﻿IDN002
﻿IND,﻿IN,﻿IND,﻿SAR,﻿Member State,﻿India,﻿Arunachal Pradesh,﻿IND003
﻿IND,﻿IN,﻿IND,﻿SAR,﻿Member State,﻿India,﻿Assam,﻿IND004
﻿IND,﻿IN,﻿IND,﻿SAR,﻿Member State,﻿India,﻿Himachal Pradesh,﻿IND014
﻿IND,﻿IN,﻿IND,﻿SAR,﻿Member State,﻿India,﻿Manipur,﻿IND022
﻿IND,﻿IN,﻿IND,﻿SAR,﻿Member State,﻿India,﻿Nagaland,﻿IND025
﻿IND,﻿IN,﻿IND,﻿SAR,﻿Member State,﻿India,﻿Punjab,﻿IND028
﻿IND,﻿IN,﻿IND,﻿SAR,﻿Member State,﻿India,﻿Uttarakhand,﻿IND035
﻿KAZ,﻿KZ,﻿KAZ,﻿ECA,﻿Member State,﻿Kazakhstan,﻿Abai,﻿KAZ001
﻿KAZ,﻿KZ,﻿KAZ,﻿ECA,﻿Member State,﻿Kazakhstan,﻿Akmola Region,﻿KAZ002
﻿KAZ,﻿KZ,﻿KAZ,﻿ECA,﻿Member State,﻿Kazakhstan,﻿Almaty,﻿KAZ004
﻿KAZ,﻿KZ,﻿KAZ,﻿ECA,﻿Member State,﻿Kazakhstan,﻿Almaty Region,﻿KAZ005
﻿KAZ,﻿KZ,﻿KAZ,﻿ECA,﻿Member State,﻿Kazakhstan,﻿Astana,﻿KAZ006
﻿KAZ,﻿KZ,﻿KAZ,﻿ECA,﻿Member State,﻿Kazakhstan,﻿East Kazakhstan Region,﻿KAZ008
﻿KAZ,﻿KZ,﻿KAZ,﻿ECA,﻿Member State,﻿Kazakhstan,﻿Jambyl Region,﻿KAZ009
﻿KAZ,﻿KZ,﻿KAZ,﻿ECA,﻿Member State,﻿Kazakhstan,﻿Jetisu Region,﻿KAZ010
﻿KAZ,﻿KZ,﻿KAZ,﻿ECA,﻿Member State,﻿Kazakhstan,﻿Karaganda Region,﻿KAZ011
﻿KAZ,﻿KZ,﻿KAZ,﻿ECA,﻿Member State,﻿Kazakhstan,﻿Pavlodar Region,﻿KAZ016
﻿KAZ,﻿KZ,﻿KAZ,﻿ECA,﻿Member State,﻿Kazakhstan,﻿Turkistan Region,﻿KAZ018
﻿KAZ,﻿KZ,﻿KAZ,﻿ECA,﻿Member State,﻿Kazakhstan,﻿Ulytau Region,﻿KAZ019
﻿KGZ,﻿KG,﻿KGZ,﻿ECA,﻿Member State,﻿Kyrgyz Republic,﻿Batken,﻿KGZ001
﻿KGZ,﻿KG,﻿KGZ,﻿ECA,﻿Member State,﻿Kyrgyz Republic,﻿Chüy,﻿KGZ002
﻿KGZ,﻿KG,﻿KGZ,﻿ECA,﻿Member State,﻿Kyrgyz Republic,﻿Jalal-Abad,﻿KGZ003
﻿KGZ,﻿KG,﻿KGZ,﻿ECA,﻿Member State,﻿Kyrgyz Republic,﻿Naryn,﻿KGZ004
﻿KGZ,﻿KG,﻿KGZ,﻿ECA,﻿Member State,﻿Kyrgyz Republic,﻿Osh,﻿KGZ005
﻿KGZ,﻿KG,﻿KGZ,﻿ECA,﻿Member State,﻿Kyrgyz Republic,﻿Talas,﻿KGZ006
﻿KGZ,﻿KG,﻿KGZ,﻿ECA,﻿Member State,﻿Kyrgyz Republic,﻿Issyk-Kul,﻿KGZ007
﻿KHM,﻿KH,﻿KHM,﻿EAP,﻿Member State,﻿Cambodia,﻿Koh Kong,﻿KHM010
﻿KHM,﻿KH,﻿KHM,﻿EAP,﻿Member State,﻿Cambodia,﻿Preah Sihanouk,﻿KHM021
﻿KOR,﻿KR,﻿KOR,﻿EAP,﻿Member State,﻿Republic of Korea,﻿Chollabuk-do,﻿KOR002
﻿KOR,﻿KR,﻿KOR,﻿EAP,﻿Member State,﻿Republic of Korea,﻿Cheju-do,﻿KOR001
﻿KOR,﻿KR,﻿KOR,﻿EAP,﻿Member State,﻿Republic of Korea,﻿Chollanam-do,﻿KOR003
﻿KOR,﻿KR,﻿KOR,﻿EAP,﻿Member State,﻿Republic of Korea,﻿Chungchongbuk-do,﻿KOR004
﻿KOR,﻿KR,﻿KOR,﻿EAP,﻿Member State,﻿Republic of Korea,﻿Chungchongnam-do,﻿KOR005
﻿KOR,﻿KR,﻿KOR,﻿EAP,﻿Member State,﻿Republic of Korea,﻿Inchon,﻿KOR006
﻿KOR,﻿KR,﻿KOR,﻿EAP,﻿Member State,﻿Republic of Korea,﻿Kyongsangbuk-do,﻿KOR010
﻿KOR,﻿KR,﻿KOR,﻿EAP,﻿Member State,﻿Republic of Korea,﻿Kyonggi-do,﻿KOR009
﻿KOR,﻿KR,﻿KOR,﻿EAP,﻿Member State,﻿Republic of Korea,﻿Kwangju,﻿KOR008
﻿KOR,﻿KR,﻿KOR,﻿EAP,﻿Member State,﻿Republic of Korea,﻿Kyongsangnam-do,﻿KOR011
﻿KOR,﻿KR,﻿KOR,﻿EAP,﻿Member State,﻿Republic of Korea,﻿Kang-won-do,﻿KOR007
﻿KOR,﻿KR,﻿KOR,﻿EAP,﻿Member State,﻿Republic of Korea,﻿Pusan,﻿KOR012
﻿KOR,﻿KR,﻿KOR,﻿EAP,﻿Member State,﻿Republic of Korea,﻿Seoul,﻿KOR013
﻿KOR,﻿KR,﻿KOR,﻿EAP,﻿Member State,﻿Republic of Korea,﻿Taegu,﻿KOR014
﻿KOR,﻿KR,﻿KOR,﻿EAP,﻿Member State,﻿Republic of Korea,﻿Taejon,﻿KOR015
﻿MAC,﻿MO,﻿MAC,﻿EAP,﻿Special Administrative Region,"﻿Macau SAR, China",﻿Administrative unit not available,﻿MAC001
﻿MMR,﻿MM,﻿MMR,﻿EAP,﻿Member State,﻿Myanmar,﻿Chin,﻿MMR003
﻿MMR,﻿MM,﻿MMR,﻿EAP,﻿Member State,﻿Myanmar,﻿Kachin,﻿MMR004
﻿MMR,﻿MM,﻿MMR,﻿EAP,﻿Member State,﻿Myanmar,﻿Magway,﻿MMR007
﻿MMR,﻿MM,﻿MMR,﻿EAP,﻿Member State,﻿Myanmar,﻿Mandalay,﻿MMR008
﻿MMR,﻿MM,﻿MMR,﻿EAP,﻿Member State,﻿Myanmar,﻿Sagaing,﻿MMR012
﻿MNG,﻿MN,﻿MNG,﻿EAP,﻿Member State,﻿Mongolia,﻿Bayan-Ölgii,﻿MNG083
﻿MNG,﻿MN,﻿MNG,﻿EAP,﻿Member State,﻿Mongolia,﻿Bayankhongor,﻿MNG064
﻿MNG,﻿MN,﻿MNG,﻿EAP,﻿Member State,﻿Mongolia,﻿Govi-Altai,﻿MNG082
﻿MNG,﻿MN,﻿MNG,﻿EAP,﻿Member State,﻿Mongolia,﻿Khovd,﻿MNG084
﻿MNG,﻿MN,﻿MNG,﻿EAP,﻿Member State,﻿Mongolia,﻿Uvs,﻿MNG085
﻿MNG,﻿MN,﻿MNG,﻿EAP,﻿Member State,﻿Mongolia,﻿Zavkhan,﻿MNG081
﻿MYS,﻿MY,﻿MYS,﻿EAP,﻿Member State,﻿Malaysia,﻿Kedah,﻿MYS002
﻿MYS,﻿MY,﻿MYS,﻿EAP,﻿Member State,﻿Malaysia,﻿Kuala Lumpur,﻿MYS004
﻿MYS,﻿MY,﻿MYS,﻿EAP,﻿Member State,﻿Malaysia,﻿Kelantan,﻿MYS003
﻿MYS,﻿MY,﻿MYS,﻿EAP,﻿Member State,﻿Malaysia,﻿Negeri Sembilan,﻿MYS007
﻿MYS,﻿MY,﻿MYS,﻿EAP,﻿Member State,﻿Malaysia,﻿Pulau Pinang,﻿MYS011
﻿MYS,﻿MY,﻿MYS,﻿EAP,﻿Member State,﻿Malaysia,﻿Pahang,﻿MYS008
﻿MYS,﻿MY,﻿MYS,﻿EAP,﻿Member State,﻿Malaysia,﻿Perak,﻿MYS009
﻿MYS,﻿MY,﻿MYS,﻿EAP,﻿Member State,﻿Malaysia,﻿Perlis,﻿MYS010
﻿MYS,﻿MY,﻿MYS,﻿EAP,﻿Member State,﻿Malaysia,﻿Selangor,﻿MYS014
﻿NPL,﻿NP,﻿NPL,﻿SAR,﻿Member State,﻿Nepal,﻿Lumbini,﻿NPL001
﻿NPL,﻿NP,﻿NPL,﻿SAR,﻿Member State,﻿Nepal,﻿Gandaki,﻿NPL002
﻿NPL,﻿NP,﻿NPL,﻿SAR,﻿Member State,﻿Nepal,﻿Sudurpashchim,﻿NPL004
﻿NPL,﻿NP,﻿NPL,﻿SAR,﻿Member State,﻿Nepal,﻿Karnali,﻿NPL005
﻿PAK,﻿PK,﻿PAK,﻿MENAAP,﻿Member State,﻿Pakistan,﻿Khyber Pakhtunkhwa,﻿PAK005
﻿PAK,﻿PK,﻿PAK,﻿MENAAP,﻿Member State,﻿Pakistan,﻿Punjab,﻿PAK006
﻿PHL,﻿PH,﻿PHL,﻿EAP,﻿Member State,﻿Philippines,﻿Region II (Cagayan Valley),﻿PHL002
﻿RUS,﻿RU,﻿RUS,﻿ECA,﻿Member State,﻿Russian Federation,﻿Altayskiy Kray,﻿RUS004
﻿RUS,﻿RU,﻿RUS,﻿ECA,﻿Member State,﻿Russian Federation,﻿Altay Rep.,﻿RUS003
﻿RUS,﻿RU,﻿RUS,﻿ECA,﻿Member State,﻿Russian Federation,﻿Kemerovskaya Oblast,﻿RUS029
﻿RUS,﻿RU,﻿RUS,﻿ECA,﻿Member State,﻿Russian Federation,﻿Khakasiya Rep.,﻿RUS031
﻿RUS,﻿RU,﻿RUS,﻿ECA,﻿Member State,﻿Russian Federation,﻿Novosibirskaya Oblast,﻿RUS054
﻿RUS,﻿RU,﻿RUS,﻿ECA,﻿Member State,﻿Russian Federation,﻿Tomskaya Oblast,﻿RUS076
﻿THA,﻿TH,﻿THA,﻿EAP,﻿Member State,﻿Thailand,﻿Krabi,﻿THA017
﻿THA,﻿TH,﻿THA,﻿EAP,﻿Member State,﻿Thailand,﻿Pattani,﻿THA037
﻿THA,﻿TH,﻿THA,﻿EAP,﻿Member State,﻿Thailand,﻿Phatthalung,﻿THA040
﻿THA,﻿TH,﻿THA,﻿EAP,﻿Member State,﻿Thailand,﻿Satun,﻿THA060
﻿THA,﻿TH,﻿THA,﻿EAP,﻿Member State,﻿Thailand,﻿Yala,﻿THA075
﻿TJK,﻿TJ,﻿TJK,﻿ECA,﻿Member State,﻿Tajikistan,﻿Badakhshan Autonomous Mountainous Region,﻿TJK001
﻿TJK,﻿TJ,﻿TJK,﻿ECA,﻿Member State,﻿Tajikistan,﻿Khatlon,﻿TJK004
﻿TJK,﻿TJ,﻿TJK,﻿ECA,﻿Member State,﻿Tajikistan,﻿Sughd,﻿TJK005
﻿TJK,﻿TJ,﻿TJK,﻿ECA,﻿Member State,﻿Tajikistan,﻿Districts under Republican Subordination,﻿TJK002
﻿UZB,﻿UZ,﻿UZB,﻿ECA,﻿Member State,﻿Uzbekistan,﻿Andijan,﻿UZB001
﻿UZB,﻿UZ,﻿UZB,﻿ECA,﻿Member State,﻿Uzbekistan,﻿Fergana,﻿UZB003
﻿UZB,﻿UZ,﻿UZB,﻿ECA,﻿Member State,﻿Uzbekistan,﻿Namangan,﻿UZB008
﻿UZB,﻿UZ,﻿UZB,﻿ECA,﻿Member State,﻿Uzbekistan,﻿Syrdarya,﻿UZB011
﻿UZB,﻿UZ,﻿UZB,﻿ECA,﻿Member State,﻿Uzbekistan,﻿Tashkent,﻿UZB013
﻿UZB,﻿UZ,﻿UZB,﻿ECA,﻿Member State,﻿Uzbekistan,﻿Tashkent City,﻿UZB014
﻿AFG,﻿AF,﻿AFG,﻿MENAAP,﻿Member State,﻿Afghanistan,﻿Kabul,﻿AFG014
﻿AFG,﻿AF,﻿AFG,﻿MENAAP,﻿Member State,﻿Afghanistan,﻿Khost,﻿AFG017
﻿AFG,﻿AF,﻿AFG,﻿MENAAP,﻿Member State,﻿Afghanistan,﻿Logar,﻿AFG021
﻿AFG,﻿AF,﻿AFG,﻿MENAAP,﻿Member State,﻿Afghanistan,﻿Paktya,﻿AFG026
﻿BGD,﻿BD,﻿BGD,﻿SAR,﻿Member State,﻿Bangladesh,﻿Chattogram,﻿BGD002
﻿BGD,﻿BD,﻿BGD,﻿SAR,﻿Member State,﻿Bangladesh,﻿Dhaka,﻿BGD003
﻿BGD,﻿BD,﻿BGD,﻿SAR,﻿Member State,﻿Bangladesh,﻿Khulna,﻿BGD004
﻿BGD,﻿BD,﻿BGD,﻿SAR,﻿Member State,﻿Bangladesh,﻿Mymensingh,﻿BGD005
﻿BGD,﻿BD,﻿BGD,﻿SAR,﻿Member State,﻿Bangladesh,﻿Rangpur,﻿BGD007
﻿BGD,﻿BD,﻿BGD,﻿SAR,﻿Member State,﻿Bangladesh,﻿Rajshahi,﻿BGD006
﻿BGD,﻿BD,﻿BGD,﻿SAR,﻿Member State,﻿Bangladesh,﻿Sylhet,﻿BGD008
﻿BTN,﻿BT,﻿BTN,﻿SAR,﻿Member State,﻿Bhutan,﻿Chhukha,﻿BTN002
﻿BTN,﻿BT,﻿BTN,﻿SAR,﻿Member State,﻿Bhutan,﻿Haa,﻿BTN005
﻿BTN,﻿BT,﻿BTN,﻿SAR,﻿Member State,﻿Bhutan,﻿Pemagatshel,﻿BTN009
﻿BTN,﻿BT,﻿BTN,﻿SAR,﻿Member State,﻿Bhutan,﻿Paro,﻿BTN008
﻿BTN,﻿BT,﻿BTN,﻿SAR,﻿Member State,﻿Bhutan,﻿Samdrupjongkhar,﻿BTN011
﻿BTN,﻿BT,﻿BTN,﻿SAR,﻿Member State,﻿Bhutan,﻿Samtse,﻿BTN012
﻿CCK,﻿CC,﻿CCK,﻿Other,﻿Territory,﻿Cocos (Keeling) Islands (Aus.),﻿Cocos (Keeling) Islands (Aus.),﻿CCK001
﻿IDN,﻿ID,﻿IDN,﻿EAP,﻿Member State,﻿Indonesia,﻿Aceh,﻿IDN001
﻿IND,﻿IN,﻿IND,﻿SAR,﻿Member State,﻿India,﻿Andhra Pradesh,﻿IND002
﻿IND,﻿IN,﻿IND,﻿SAR,﻿Member State,﻿India,﻿Andaman and Nicobar Islands,﻿IND001
﻿IND,﻿IN,﻿IND,﻿SAR,﻿Member State,﻿India,﻿Bihar,﻿IND005
﻿IND,﻿IN,﻿IND,﻿SAR,﻿Member State,﻿India,﻿Chandigarh,﻿IND006
﻿IND,﻿IN,﻿IND,﻿SAR,﻿Member State,﻿India,﻿Chhattisgarh,﻿IND007
﻿IND,﻿IN,﻿IND,﻿SAR,﻿Member State,﻿India,﻿Delhi,﻿IND010
﻿IND,﻿IN,﻿IND,﻿SAR,﻿Member State,﻿India,﻿Goa,﻿IND011
﻿IND,﻿IN,﻿IND,﻿SAR,﻿Member State,﻿India,﻿Gujarat,﻿IND012
﻿IND,﻿IN,﻿IND,﻿SAR,﻿Member State,﻿India,﻿Haryana,﻿IND013
﻿IND,﻿IN,﻿IND,﻿SAR,﻿Member State,﻿India,﻿Jharkhand,﻿IND016
﻿IND,﻿IN,﻿IND,﻿SAR,﻿Member State,﻿India,﻿Karnataka,﻿IND017
﻿IND,﻿IN,﻿IND,﻿SAR,﻿Member State,﻿India,﻿Kerala,﻿IND018
﻿IND,﻿IN,﻿IND,﻿SAR,﻿Member State,﻿India,﻿Maharashtra,﻿IND021
﻿IND,﻿IN,﻿IND,﻿SAR,﻿Member State,﻿India,﻿Meghalaya,﻿IND023
﻿IND,﻿IN,﻿IND,﻿SAR,﻿Member State,﻿India,﻿Madhya Pradesh,﻿IND020
﻿IND,﻿IN,﻿IND,﻿SAR,﻿Member State,﻿India,﻿Mizoram,﻿IND024
﻿IND,﻿IN,﻿IND,﻿SAR,﻿Member State,﻿India,﻿Odisha,﻿IND026
﻿IND,﻿IN,﻿IND,﻿SAR,﻿Member State,﻿India,﻿Puducherry,﻿IND027
﻿IND,﻿IN,﻿IND,﻿SAR,﻿Member State,﻿India,﻿Rajasthan,﻿IND029
﻿IND,﻿IN,﻿IND,﻿SAR,﻿Member State,﻿India,﻿Sikkim,﻿IND030
﻿IND,﻿IN,﻿IND,﻿SAR,﻿Member State,﻿India,﻿Telangana,﻿IND032
﻿IND,﻿IN,﻿IND,﻿SAR,﻿Member State,﻿India,﻿Tamil Nadu,﻿IND031
﻿IND,﻿IN,﻿IND,﻿SAR,﻿Member State,﻿India,﻿Tripura,﻿IND033
﻿IND,﻿IN,﻿IND,﻿SAR,﻿Member State,﻿India,﻿Uttar Pradesh,﻿IND034
﻿IND,﻿IN,﻿IND,﻿SAR,﻿Member State,﻿India,﻿West Bengal,﻿IND036
﻿LKA,﻿LK,﻿LKA,﻿SAR,﻿Member State,﻿Sri Lanka,﻿Central,﻿LKA001
﻿LKA,﻿LK,﻿LKA,﻿SAR,﻿Member State,﻿Sri Lanka,﻿Eastern,﻿LKA009
﻿LKA,﻿LK,﻿LKA,﻿SAR,﻿Member State,﻿Sri Lanka,﻿Sabaragamuwa,﻿LKA005
﻿LKA,﻿LK,﻿LKA,﻿SAR,﻿Member State,﻿Sri Lanka,﻿Southern,﻿LKA006
﻿LKA,﻿LK,﻿LKA,﻿SAR,﻿Member State,﻿Sri Lanka,﻿Uva,﻿LKA007
﻿LKA,﻿LK,﻿LKA,﻿SAR,﻿Member State,﻿Sri Lanka,﻿Western,﻿LKA008
﻿MDV,﻿MV,﻿MDV,﻿SAR,﻿Member State,﻿Maldives,﻿Baa,﻿MDV003
﻿MDV,﻿MV,﻿MDV,﻿SAR,﻿Member State,﻿Maldives,﻿Haa Alifu,﻿MDV008
﻿MDV,﻿MV,﻿MDV,﻿SAR,﻿Member State,﻿Maldives,﻿Haa Dhaalu,﻿MDV009
﻿MDV,﻿MV,﻿MDV,﻿SAR,﻿Member State,﻿Maldives,﻿Lhaviyani,﻿MDV012
﻿MDV,﻿MV,﻿MDV,﻿SAR,﻿Member State,﻿Maldives,﻿Noonu,﻿MDV015
﻿MDV,﻿MV,﻿MDV,﻿SAR,﻿Member State,﻿Maldives,﻿Raa,﻿MDV016
﻿MDV,﻿MV,﻿MDV,﻿SAR,﻿Member State,﻿Maldives,﻿Shaviyani,﻿MDV018
﻿MMR,﻿MM,﻿MMR,﻿EAP,﻿Member State,﻿Myanmar,﻿Bago,﻿MMR002
﻿MMR,﻿MM,﻿MMR,﻿EAP,﻿Member State,﻿Myanmar,﻿Kayah,﻿MMR005
﻿MMR,﻿MM,﻿MMR,﻿EAP,﻿Member State,﻿Myanmar,﻿Naypyidaw,﻿MMR010
﻿MMR,﻿MM,﻿MMR,﻿EAP,﻿Member State,﻿Myanmar,﻿Rakhine,﻿MMR011
﻿MYS,﻿MY,﻿MYS,﻿EAP,﻿Member State,﻿Malaysia,﻿Terengganu,﻿MYS015
﻿NPL,﻿NP,﻿NPL,﻿SAR,﻿Member State,﻿Nepal,﻿Koshi,﻿NPL003
﻿NPL,﻿NP,﻿NPL,﻿SAR,﻿Member State,﻿Nepal,﻿Bagmati,﻿NPL006
﻿NPL,﻿NP,﻿NPL,﻿SAR,﻿Member State,﻿Nepal,﻿Madhesh,﻿NPL007
﻿PAK,﻿PK,﻿PAK,﻿MENAAP,﻿Member State,﻿Pakistan,﻿Balochistan,﻿PAK002
﻿PAK,﻿PK,﻿PAK,﻿MENAAP,﻿Member State,﻿Pakistan,﻿Islamabad Capital Territory,﻿PAK003
﻿PAK,﻿PK,﻿PAK,﻿MENAAP,﻿Member State,﻿Pakistan,﻿Sindh,﻿PAK007
﻿THA,﻿TH,﻿THA,﻿EAP,﻿Member State,﻿Thailand,﻿Chumphon,﻿THA012
﻿THA,﻿TH,﻿THA,﻿EAP,﻿Member State,﻿Thailand,﻿Mae Hong Son,﻿THA022
﻿THA,﻿TH,﻿THA,﻿EAP,﻿Member State,﻿Thailand,﻿Narathiwat,﻿THA032
﻿THA,﻿TH,﻿THA,﻿EAP,﻿Member State,﻿Thailand,﻿Phangnga,﻿THA039
﻿THA,﻿TH,﻿THA,﻿EAP,﻿Member State,﻿Thailand,﻿Phuket,﻿THA048
﻿THA,﻿TH,﻿THA,﻿EAP,﻿Member State,﻿Thailand,﻿Ranong,﻿THA050
﻿AFG,﻿AF,﻿AFG,﻿MENAAP,﻿Member State,﻿Afghanistan,﻿Balkh,﻿AFG004
﻿AFG,﻿AF,﻿AFG,﻿MENAAP,﻿Member State,﻿Afghanistan,﻿Faryab,﻿AFG008
﻿AFG,﻿AF,﻿AFG,﻿MENAAP,﻿Member State,﻿Afghanistan,﻿Jawzjan,﻿AFG013
﻿AFG,﻿AF,﻿AFG,﻿MENAAP,﻿Member State,﻿Afghanistan,﻿Kunduz,﻿AFG019
﻿AFG,﻿AF,﻿AFG,﻿MENAAP,﻿Member State,﻿Afghanistan,﻿Samangan,﻿AFG029
﻿AZE,﻿AZ,﻿AZE,﻿ECA,﻿Member State,﻿Azerbaijan,﻿Absheron-Khizi Economic Region,﻿AZE001
﻿AZE,﻿AZ,﻿AZE,﻿ECA,﻿Member State,﻿Azerbaijan,﻿Baku Economic Region,﻿AZE002
﻿AZE,﻿AZ,﻿AZE,﻿ECA,﻿Member State,﻿Azerbaijan,﻿Central Aran Economic Region,﻿AZE003
﻿AZE,﻿AZ,﻿AZE,﻿ECA,﻿Member State,﻿Azerbaijan,﻿Ganja-Dashkasan Economic Region,﻿AZE005
﻿AZE,﻿AZ,﻿AZE,﻿ECA,﻿Member State,﻿Azerbaijan,﻿Guba-Khachmaz Economic Region,﻿AZE007
﻿AZE,﻿AZ,﻿AZE,﻿ECA,﻿Member State,﻿Azerbaijan,﻿Karabakh Economic Region,﻿AZE008
﻿AZE,﻿AZ,﻿AZE,﻿ECA,﻿Member State,﻿Azerbaijan,﻿Lankaran-Astara Economic Region,﻿AZE009
﻿AZE,﻿AZ,﻿AZE,﻿ECA,﻿Member State,﻿Azerbaijan,﻿Mountainous Shirvan Economic Region,﻿AZE011
﻿AZE,﻿AZ,﻿AZE,﻿ECA,﻿Member State,﻿Azerbaijan,﻿Shaki-Zagatala Economic Region,﻿AZE013
﻿AZE,﻿AZ,﻿AZE,﻿ECA,﻿Member State,﻿Azerbaijan,﻿Shirvan-Salyan Economic Region,﻿AZE014
﻿BGD,﻿BD,﻿BGD,﻿SAR,﻿Member State,﻿Bangladesh,﻿Barishal,﻿BGD001
﻿CXR,﻿CX,﻿CXR,﻿Other,﻿Territory,﻿Christmas Island (Aus.),﻿Christmas Island (Aus.),﻿CXR001
﻿IDN,﻿ID,﻿IDN,﻿EAP,﻿Member State,﻿Indonesia,﻿Banten,﻿IDN016
﻿IDN,﻿ID,﻿IDN,﻿EAP,﻿Member State,﻿Indonesia,﻿Bengkulu,﻿IDN007
﻿IDN,﻿ID,﻿IDN,﻿EAP,﻿Member State,﻿Indonesia,﻿Kepulauan Riau,﻿IDN010
﻿IDN,﻿ID,﻿IDN,﻿EAP,﻿Member State,﻿Indonesia,﻿Lampung,﻿IDN008
﻿IDN,﻿ID,﻿IDN,﻿EAP,﻿Member State,﻿Indonesia,﻿Sumatera Selatan,﻿IDN006
﻿IND,﻿IN,﻿IND,﻿SAR,﻿Member State,﻿India,﻿Dadra and Nagar Haveli and Daman and Diu,﻿IND008
﻿IND,﻿IN,﻿IND,﻿SAR,﻿Member State,﻿India,﻿Lakshadweep,﻿IND019
﻿IRN,﻿IR,﻿IRN,﻿MENAAP,﻿Member State,﻿Islamic Republic of Iran,﻿Alborz,﻿IRN001
﻿IRN,﻿IR,﻿IRN,﻿MENAAP,﻿Member State,﻿Islamic Republic of Iran,﻿Ardabil,﻿IRN002
﻿IRN,﻿IR,﻿IRN,﻿MENAAP,﻿Member State,﻿Islamic Republic of Iran,﻿East Azerbaijan,﻿IRN005
﻿IRN,﻿IR,﻿IRN,﻿MENAAP,﻿Member State,﻿Islamic Republic of Iran,﻿Gilan,﻿IRN007
﻿IRN,﻿IR,﻿IRN,﻿MENAAP,﻿Member State,﻿Islamic Republic of Iran,﻿Golestan,﻿IRN008
﻿IRN,﻿IR,﻿IRN,﻿MENAAP,﻿Member State,﻿Islamic Republic of Iran,﻿Hamadan,﻿IRN009
﻿IRN,﻿IR,﻿IRN,﻿MENAAP,﻿Member State,﻿Islamic Republic of Iran,﻿Kurdistan,﻿IRN017
﻿IRN,﻿IR,﻿IRN,﻿MENAAP,﻿Member State,﻿Islamic Republic of Iran,﻿Mazandaran,﻿IRN020
﻿IRN,﻿IR,﻿IRN,﻿MENAAP,﻿Member State,﻿Islamic Republic of Iran,﻿North Khorasan,﻿IRN021
﻿IRN,﻿IR,﻿IRN,﻿MENAAP,﻿Member State,﻿Islamic Republic of Iran,﻿Qazvin,﻿IRN022
﻿IRN,﻿IR,﻿IRN,﻿MENAAP,﻿Member State,﻿Islamic Republic of Iran,﻿Razavi Khorasan,﻿IRN024
﻿IRN,﻿IR,﻿IRN,﻿MENAAP,﻿Member State,﻿Islamic Republic of Iran,﻿Tehran,﻿IRN028
﻿IRN,﻿IR,﻿IRN,﻿MENAAP,﻿Member State,﻿Islamic Republic of Iran,﻿West Azerbaijan,﻿IRN029
﻿IRN,﻿IR,﻿IRN,﻿MENAAP,﻿Member State,﻿Islamic Republic of Iran,﻿Zanjan,﻿IRN031
﻿KAZ,﻿KZ,﻿KAZ,﻿ECA,﻿Member State,﻿Kazakhstan,﻿Aktobe Region,﻿KAZ003
﻿KAZ,﻿KZ,﻿KAZ,﻿ECA,﻿Member State,﻿Kazakhstan,﻿Atyrau Region,﻿KAZ007
﻿KAZ,﻿KZ,﻿KAZ,﻿ECA,﻿Member State,﻿Kazakhstan,﻿Baikonur,﻿KAZ021
﻿KAZ,﻿KZ,﻿KAZ,﻿ECA,﻿Member State,﻿Kazakhstan,﻿Kostanay Region,﻿KAZ012
﻿KAZ,﻿KZ,﻿KAZ,﻿ECA,﻿Member State,﻿Kazakhstan,﻿Kyzylorda Region,﻿KAZ013
﻿KAZ,﻿KZ,﻿KAZ,﻿ECA,﻿Member State,﻿Kazakhstan,﻿Mangystau Region,﻿KAZ014
﻿KAZ,﻿KZ,﻿KAZ,﻿ECA,﻿Member State,﻿Kazakhstan,﻿North Kazakhstan Region,﻿KAZ015
﻿KAZ,﻿KZ,﻿KAZ,﻿ECA,﻿Member State,﻿Kazakhstan,﻿Shymkent,﻿KAZ017
﻿KAZ,﻿KZ,﻿KAZ,﻿ECA,﻿Member State,﻿Kazakhstan,﻿West Kazakhstan Region,﻿KAZ020
﻿LKA,﻿LK,﻿LKA,﻿SAR,﻿Member State,﻿Sri Lanka,﻿North Central,﻿LKA003
﻿LKA,﻿LK,﻿LKA,﻿SAR,﻿Member State,﻿Sri Lanka,﻿North Western,﻿LKA004
﻿LKA,﻿LK,﻿LKA,﻿SAR,﻿Member State,﻿Sri Lanka,﻿Northern,﻿LKA010
﻿MYS,﻿MY,﻿MYS,﻿EAP,﻿Member State,﻿Malaysia,﻿Johor,﻿MYS001
﻿MYS,﻿MY,﻿MYS,﻿EAP,﻿Member State,﻿Malaysia,﻿Melaka,﻿MYS006
﻿NOR,﻿NO,﻿NOR,﻿Other,﻿Member State,﻿Norway,﻿Akershus,﻿NOR002
﻿NOR,﻿NO,﻿NOR,﻿Other,﻿Member State,﻿Norway,﻿Buskerud,﻿NOR003
﻿NOR,﻿NO,﻿NOR,﻿Other,﻿Member State,﻿Norway,﻿Innlandet - Sisdajve,﻿NOR005
﻿NOR,﻿NO,﻿NOR,﻿Other,﻿Member State,﻿Norway,﻿Oslo,﻿NOR008
﻿NOR,﻿NO,﻿NOR,﻿Other,﻿Member State,﻿Norway,﻿Østfold,﻿NOR015
﻿NOR,﻿NO,﻿NOR,﻿Other,﻿Member State,﻿Norway,﻿Telemark,﻿NOR010
﻿NOR,﻿NO,﻿NOR,﻿Other,﻿Member State,﻿Norway,﻿Trøndelag - Trööndelage,﻿NOR012
﻿NOR,﻿NO,﻿NOR,﻿Other,﻿Member State,﻿Norway,﻿Vestfold,﻿NOR013
﻿RUS,﻿RU,﻿RUS,﻿ECA,﻿Member State,﻿Russian Federation,﻿Astrakhanskaya Oblast,﻿RUS007
﻿RUS,﻿RU,﻿RUS,﻿ECA,﻿Member State,﻿Russian Federation,﻿Chelyabinskaya Oblast,﻿RUS013
﻿RUS,﻿RU,﻿RUS,﻿ECA,﻿Member State,﻿Russian Federation,﻿Dagestan Rep.,﻿RUS017
﻿RUS,﻿RU,﻿RUS,﻿ECA,﻿Member State,﻿Russian Federation,﻿Kalmykiya Rep.,﻿RUS024
﻿RUS,﻿RU,﻿RUS,﻿ECA,﻿Member State,﻿Russian Federation,﻿Kurganskaya Oblast,﻿RUS040
﻿RUS,﻿RU,﻿RUS,﻿ECA,﻿Member State,﻿Russian Federation,﻿Stavropolskiy Kray,﻿RUS071
﻿RUS,﻿RU,﻿RUS,﻿ECA,﻿Member State,﻿Russian Federation,﻿Sverdlovskaya Oblast,﻿RUS072
﻿RUS,﻿RU,﻿RUS,﻿ECA,﻿Member State,﻿Russian Federation,﻿Volgogradskaya Oblast,﻿RUS085
﻿SGP,﻿SG,﻿SGP,﻿Other,﻿Member State,﻿Singapore,﻿Ang Mo Kio-cheng San,﻿SGP001
﻿SGP,﻿SG,﻿SGP,﻿Other,﻿Member State,﻿Singapore,﻿Bukit Timah,﻿SGP002
﻿SGP,﻿SG,﻿SGP,﻿Other,﻿Member State,﻿Singapore,﻿Central Singapore,﻿SGP003
﻿SGP,﻿SG,﻿SGP,﻿Other,﻿Member State,﻿Singapore,﻿Hougang,﻿SGP004
﻿SGP,﻿SG,﻿SGP,﻿Other,﻿Member State,﻿Singapore,﻿Marine Parade,﻿SGP005
﻿SGP,﻿SG,﻿SGP,﻿Other,﻿Member State,﻿Singapore,﻿Northeast,﻿SGP006
﻿SGP,﻿SG,﻿SGP,﻿Other,﻿Member State,﻿Singapore,﻿Potong Pasir,﻿SGP007
﻿SGP,﻿SG,﻿SGP,﻿Other,﻿Member State,﻿Singapore,﻿Sembawang-hong Kah,﻿SGP008
﻿SGP,﻿SG,﻿SGP,﻿Other,﻿Member State,﻿Singapore,﻿Tanjong Pagar,﻿SGP009
﻿SWE,﻿SE,﻿SWE,﻿Other,﻿Member State,﻿Sweden,﻿Gävleborg,﻿SWE003
﻿SWE,﻿SE,﻿SWE,﻿Other,﻿Member State,﻿Sweden,﻿Jämtland,﻿SWE006
﻿SWE,﻿SE,﻿SWE,﻿Other,﻿Member State,﻿Sweden,﻿Dalarna,﻿SWE002
﻿SWE,﻿SE,﻿SWE,﻿Other,﻿Member State,﻿Sweden,﻿Östergötland,﻿SWE012
﻿SWE,﻿SE,﻿SWE,﻿Other,﻿Member State,﻿Sweden,﻿Örebro,﻿SWE011
﻿SWE,﻿SE,﻿SWE,﻿Other,﻿Member State,﻿Sweden,﻿Södermanland,﻿SWE014
﻿SWE,﻿SE,﻿SWE,﻿Other,﻿Member State,﻿Sweden,﻿Stockholm,﻿SWE015
﻿SWE,﻿SE,﻿SWE,﻿Other,﻿Member State,﻿Sweden,﻿Uppsala,﻿SWE016
﻿SWE,﻿SE,﻿SWE,﻿Other,﻿Member State,﻿Sweden,﻿Västerbotten,﻿SWE018
﻿SWE,﻿SE,﻿SWE,﻿Other,﻿Member State,﻿Sweden,﻿Västra Götaland,﻿SWE021
﻿SWE,﻿SE,﻿SWE,﻿Other,﻿Member State,﻿Sweden,﻿Västmanland,﻿SWE020
﻿SWE,﻿SE,﻿SWE,﻿Other,﻿Member State,﻿Sweden,﻿Västernorrland,﻿SWE019
﻿SWE,﻿SE,﻿SWE,﻿Other,﻿Member State,﻿Sweden,﻿Värmland,﻿SWE017
﻿TJK,﻿TJ,﻿TJK,﻿ECA,﻿Member State,﻿Tajikistan,﻿Dushanbe,﻿TJK003
﻿TKM,﻿TM,﻿TKM,﻿ECA,﻿Member State,﻿Turkmenistan,﻿Ahal,﻿TKM001
﻿TKM,﻿TM,﻿TKM,﻿ECA,﻿Member State,﻿Turkmenistan,﻿Balkan,﻿TKM002
﻿TKM,﻿TM,﻿TKM,﻿ECA,﻿Member State,﻿Turkmenistan,﻿Tashauz,﻿TKM005
﻿TKM,﻿TM,﻿TKM,﻿ECA,﻿Member State,﻿Turkmenistan,﻿Chardzhou,﻿TKM003
﻿TKM,﻿TM,﻿TKM,﻿ECA,﻿Member State,﻿Turkmenistan,﻿Mary,﻿TKM004
﻿UZB,﻿UZ,﻿UZB,﻿ECA,﻿Member State,﻿Uzbekistan,﻿Bukhara,﻿UZB002
﻿UZB,﻿UZ,﻿UZB,﻿ECA,﻿Member State,﻿Uzbekistan,﻿Jizzakh,﻿UZB004
﻿UZB,﻿UZ,﻿UZB,﻿ECA,﻿Member State,﻿Uzbekistan,﻿Khorezm,﻿UZB007
﻿UZB,﻿UZ,﻿UZB,﻿ECA,﻿Member State,﻿Uzbekistan,﻿Navoiy,﻿UZB009
﻿UZB,﻿UZ,﻿UZB,﻿ECA,﻿Member State,﻿Uzbekistan,﻿Kashkadarya,﻿UZB006
﻿UZB,﻿UZ,﻿UZB,﻿ECA,﻿Member State,﻿Uzbekistan,﻿Republic of Karakalpakstan,﻿UZB005
﻿UZB,﻿UZ,﻿UZB,﻿ECA,﻿Member State,﻿Uzbekistan,﻿Samarkand,﻿UZB010
﻿UZB,﻿UZ,﻿UZB,﻿ECA,﻿Member State,﻿Uzbekistan,﻿Surkhandarya,﻿UZB012
﻿ARM,﻿AM,﻿ARM,﻿ECA,﻿Member State,﻿Armenia,﻿Aragatsotn,﻿ARM001
﻿ARM,﻿AM,﻿ARM,﻿ECA,﻿Member State,﻿Armenia,﻿Ararat,﻿ARM002
﻿ARM,﻿AM,﻿ARM,﻿ECA,﻿Member State,﻿Armenia,﻿Armavir,﻿ARM003
﻿ARM,﻿AM,﻿ARM,﻿ECA,﻿Member State,﻿Armenia,﻿Yerevan,﻿ARM011
﻿ARM,﻿AM,﻿ARM,﻿ECA,﻿Member State,﻿Armenia,﻿Gegharkunik,﻿ARM004
﻿ARM,﻿AM,﻿ARM,﻿ECA,﻿Member State,﻿Armenia,﻿Kotayk,﻿ARM005
﻿ARM,﻿AM,﻿ARM,﻿ECA,﻿Member State,﻿Armenia,﻿Lori,﻿ARM006
﻿ARM,﻿AM,﻿ARM,﻿ECA,﻿Member State,﻿Armenia,﻿Shirak,﻿ARM007
﻿ARM,﻿AM,﻿ARM,﻿ECA,﻿Member State,﻿Armenia,﻿Syunik,﻿ARM008
﻿ARM,﻿AM,﻿ARM,﻿ECA,﻿Member State,﻿Armenia,﻿Tavush,﻿ARM009
﻿ARM,﻿AM,﻿ARM,﻿ECA,﻿Member State,﻿Armenia,﻿Vayots Dzor,﻿ARM010
﻿AZE,﻿AZ,﻿AZE,﻿ECA,﻿Member State,﻿Azerbaijan,﻿East Zangezur Economic Region,﻿AZE004
﻿AZE,﻿AZ,﻿AZE,﻿ECA,﻿Member State,﻿Azerbaijan,﻿Gazakh-Tovuz Economic Region,﻿AZE006
﻿AZE,﻿AZ,﻿AZE,﻿ECA,﻿Member State,﻿Azerbaijan,﻿Mil-Mughan Economic Region,﻿AZE010
﻿AZE,﻿AZ,﻿AZE,﻿ECA,﻿Member State,﻿Azerbaijan,﻿Nakhchivan Economic Region,﻿AZE012
﻿BLR,﻿BY,﻿BLR,﻿ECA,﻿Member State,﻿Belarus,﻿Gomel,﻿BLR002
﻿GEO,﻿GE,﻿GEO,﻿ECA,﻿Member State,﻿Georgia,﻿Imereti,﻿GEO004
﻿GEO,﻿GE,﻿GEO,﻿ECA,﻿Member State,﻿Georgia,﻿Kakheti,﻿GEO005
﻿GEO,﻿GE,﻿GEO,﻿ECA,﻿Member State,﻿Georgia,﻿Kvemo Kartli,﻿GEO006
﻿GEO,﻿GE,﻿GEO,﻿ECA,﻿Member State,﻿Georgia,﻿Mtskheta-Mtianeti,﻿GEO007
﻿GEO,﻿GE,﻿GEO,﻿ECA,﻿Member State,﻿Georgia,﻿Racha-Lechkhumi-Kvemo Svaneti,﻿GEO008
﻿GEO,﻿GE,﻿GEO,﻿ECA,﻿Member State,﻿Georgia,﻿Samtskhe-Javakheti,﻿GEO010
﻿GEO,﻿GE,﻿GEO,﻿ECA,﻿Member State,﻿Georgia,﻿Shida Kartli,﻿GEO011
﻿GEO,﻿GE,﻿GEO,﻿ECA,﻿Member State,﻿Georgia,﻿Tbilisi (City),﻿GEO012
﻿NOR,﻿NO,﻿NOR,﻿Other,﻿Member State,﻿Norway,﻿Nordland - Nordlánnda - Nordlánda - Nordlaante,﻿NOR007
﻿NOR,﻿NO,﻿NOR,﻿Other,﻿Member State,﻿Norway,﻿Troms - Romsa - Tromssa,﻿NOR011
﻿RUS,﻿RU,﻿RUS,﻿ECA,﻿Member State,﻿Russian Federation,﻿Koryakskiy Okrug,﻿RUS036
﻿RUS,﻿RU,﻿RUS,﻿ECA,﻿Member State,﻿Russian Federation,﻿Belgorodskaya Oblast,﻿RUS009
﻿RUS,﻿RU,﻿RUS,﻿ECA,﻿Member State,﻿Russian Federation,﻿Bryanskaya Oblast,﻿RUS010
﻿RUS,﻿RU,﻿RUS,﻿ECA,﻿Member State,﻿Russian Federation,﻿Chechnya Rep.,﻿RUS012
﻿RUS,﻿RU,﻿RUS,﻿ECA,﻿Member State,﻿Russian Federation,﻿Ingushetiya Rep.,﻿RUS019
﻿RUS,﻿RU,﻿RUS,﻿ECA,﻿Member State,﻿Russian Federation,﻿Ivanovskaya Oblast,﻿RUS021
﻿RUS,﻿RU,﻿RUS,﻿ECA,﻿Member State,﻿Russian Federation,﻿Kabardino-balkariya Rep.,﻿RUS022
﻿RUS,﻿RU,﻿RUS,﻿ECA,﻿Member State,﻿Russian Federation,﻿Kamchatskaya Oblast,﻿RUS026
﻿RUS,﻿RU,﻿RUS,﻿ECA,﻿Member State,﻿Russian Federation,﻿Kurskaya Oblast,﻿RUS041
﻿RUS,﻿RU,﻿RUS,﻿ECA,﻿Member State,﻿Russian Federation,﻿Lipetskaya Oblast,﻿RUS043
﻿RUS,﻿RU,﻿RUS,﻿ECA,﻿Member State,﻿Russian Federation,﻿Moskva,﻿RUS048
﻿RUS,﻿RU,﻿RUS,﻿ECA,﻿Member State,﻿Russian Federation,﻿Magadanskaya Oblast,﻿RUS044
﻿RUS,﻿RU,﻿RUS,﻿ECA,﻿Member State,﻿Russian Federation,﻿Moskovskaya Oblast,﻿RUS047
﻿RUS,﻿RU,﻿RUS,﻿ECA,﻿Member State,﻿Russian Federation,﻿Severnaya Osetiya-alaniya Rep.,﻿RUS069
﻿RUS,﻿RU,﻿RUS,﻿ECA,﻿Member State,﻿Russian Federation,﻿Orlovskaya Oblast,﻿RUS057
﻿RUS,﻿RU,﻿RUS,﻿ECA,﻿Member State,﻿Russian Federation,﻿Ryazanskaya Oblast,﻿RUS063
﻿RUS,﻿RU,﻿RUS,﻿ECA,﻿Member State,﻿Russian Federation,﻿Sakhalinskaya Oblast,﻿RUS065
﻿RUS,﻿RU,﻿RUS,﻿ECA,﻿Member State,﻿Russian Federation,﻿Tambovskaya Oblast,﻿RUS073
﻿RUS,﻿RU,﻿RUS,﻿ECA,﻿Member State,﻿Russian Federation,﻿Tulskaya Oblast,﻿RUS077
﻿RUS,﻿RU,﻿RUS,﻿ECA,﻿Member State,﻿Russian Federation,﻿Vladimirskaya Oblast,﻿RUS084
﻿RUS,﻿RU,﻿RUS,﻿ECA,﻿Member State,﻿Russian Federation,﻿Vologodskaya Oblast,﻿RUS086
﻿RUS,﻿RU,﻿RUS,﻿ECA,﻿Member State,﻿Russian Federation,﻿Voronezhskaya Oblast,﻿RUS087
﻿RUS,﻿RU,﻿RUS,﻿ECA,﻿Member State,﻿Russian Federation,﻿Yaroslavskaya Oblast,﻿RUS089
﻿SWE,﻿SE,﻿SWE,﻿Other,﻿Member State,﻿Sweden,﻿Norrbotten,﻿SWE010
﻿TUR,﻿TR,﻿TUR,﻿ECA,﻿Member State,﻿Türkiye,﻿Agri,﻿TUR004
﻿TUR,﻿TR,﻿TUR,﻿ECA,﻿Member State,﻿Türkiye,﻿Ardahan,﻿TUR009
﻿TUR,﻿TR,﻿TUR,﻿ECA,﻿Member State,﻿Türkiye,﻿Erzurum,﻿TUR030
﻿TUR,﻿TR,﻿TUR,﻿ECA,﻿Member State,﻿Türkiye,﻿Igdir,﻿TUR038
﻿TUR,﻿TR,﻿TUR,﻿ECA,﻿Member State,﻿Türkiye,﻿Kars,﻿TUR045
﻿TUR,﻿TR,﻿TUR,﻿ECA,﻿Member State,﻿Türkiye,﻿Mus,﻿TUR059
﻿UKR,﻿UA,﻿UKR,﻿ECA,﻿Member State,﻿Ukraine,﻿Cherkaska,﻿UKR002
﻿UKR,﻿UA,﻿UKR,﻿ECA,﻿Member State,﻿Ukraine,﻿Chernihivska,﻿UKR003
﻿UKR,﻿UA,﻿UKR,﻿ECA,﻿Member State,﻿Ukraine,﻿Dnipropetrovska,﻿UKR005
﻿UKR,﻿UA,﻿UKR,﻿ECA,﻿Member State,﻿Ukraine,﻿Kharkivska,﻿UKR008
﻿UKR,﻿UA,﻿UKR,﻿ECA,﻿Member State,﻿Ukraine,﻿Kirovohradska,﻿UKR011
﻿UKR,﻿UA,﻿UKR,﻿ECA,﻿Member State,﻿Ukraine,﻿Kyivska,﻿UKR013
﻿UKR,﻿UA,﻿UKR,﻿ECA,﻿Member State,﻿Ukraine,﻿Luhanska,﻿UKR014
﻿UKR,﻿UA,﻿UKR,﻿ECA,﻿Member State,﻿Ukraine,﻿Mykolaivska,﻿UKR016
﻿UKR,﻿UA,﻿UKR,﻿ECA,﻿Member State,﻿Ukraine,﻿Poltavska,﻿UKR018
﻿UKR,﻿UA,﻿UKR,﻿ECA,﻿Member State,﻿Ukraine,﻿Sumska,﻿UKR021
﻿UKR,﻿UA,﻿UKR,﻿ECA,﻿Member State,﻿Ukraine,﻿Zaporizka,﻿UKR026
﻿BGR,﻿BG,﻿BGR,﻿ECA,﻿Member State,﻿Bulgaria,﻿Burgas,﻿BGR002
﻿BGR,﻿BG,﻿BGR,﻿ECA,﻿Member State,﻿Bulgaria,﻿Dobrich,﻿BGR003
﻿BGR,﻿BG,﻿BGR,﻿ECA,﻿Member State,﻿Bulgaria,﻿Gabrovo,﻿BGR004
﻿BGR,﻿BG,﻿BGR,﻿ECA,﻿Member State,﻿Bulgaria,﻿Lovech,﻿BGR009
﻿BGR,﻿BG,﻿BGR,﻿ECA,﻿Member State,﻿Bulgaria,﻿Plovdiv,﻿BGR014
﻿BGR,﻿BG,﻿BGR,﻿ECA,﻿Member State,﻿Bulgaria,﻿Pleven,﻿BGR013
﻿BGR,﻿BG,﻿BGR,﻿ECA,﻿Member State,﻿Bulgaria,﻿Razgrad,﻿BGR015
﻿BGR,﻿BG,﻿BGR,﻿ECA,﻿Member State,﻿Bulgaria,﻿Ruse,﻿BGR016
﻿BGR,﻿BG,﻿BGR,﻿ECA,﻿Member State,﻿Bulgaria,﻿Shumen,﻿BGR017
﻿BGR,﻿BG,﻿BGR,﻿ECA,﻿Member State,﻿Bulgaria,﻿Sliven,﻿BGR019
﻿BGR,﻿BG,﻿BGR,﻿ECA,﻿Member State,﻿Bulgaria,﻿Stara Zagora,﻿BGR023
﻿BGR,﻿BG,﻿BGR,﻿ECA,﻿Member State,﻿Bulgaria,﻿Targovishte,﻿BGR024
﻿BGR,﻿BG,﻿BGR,﻿ECA,﻿Member State,﻿Bulgaria,﻿Varna,﻿BGR025
﻿BGR,﻿BG,﻿BGR,﻿ECA,﻿Member State,﻿Bulgaria,﻿Veliko Tarnovo,﻿BGR026
﻿BGR,﻿BG,﻿BGR,﻿ECA,﻿Member State,﻿Bulgaria,﻿Yambol,﻿BGR006
﻿BLR,﻿BY,﻿BLR,﻿ECA,﻿Member State,﻿Belarus,﻿Brest,﻿BLR001
﻿BLR,﻿BY,﻿BLR,﻿ECA,﻿Member State,﻿Belarus,﻿Minsk City,﻿BLR005
﻿BLR,﻿BY,﻿BLR,﻿ECA,﻿Member State,﻿Belarus,﻿Grodno,﻿BLR003
﻿BLR,﻿BY,﻿BLR,﻿ECA,﻿Member State,﻿Belarus,﻿Mogilev,﻿BLR006
﻿BLR,﻿BY,﻿BLR,﻿ECA,﻿Member State,﻿Belarus,﻿Minsk,﻿BLR004
﻿BLR,﻿BY,﻿BLR,﻿ECA,﻿Member State,﻿Belarus,﻿Vitebsk,﻿BLR007
﻿EST,﻿EE,﻿EST,﻿ECA,﻿Member State,﻿Estonia,﻿Harju maakond,﻿EST002
﻿EST,﻿EE,﻿EST,﻿ECA,﻿Member State,﻿Estonia,﻿Ida-Viru maakond,﻿EST004
﻿EST,﻿EE,﻿EST,﻿ECA,﻿Member State,﻿Estonia,﻿Jõgeva maakond,﻿EST006
﻿EST,﻿EE,﻿EST,﻿ECA,﻿Member State,﻿Estonia,﻿Järva maakond,﻿EST005
﻿EST,﻿EE,﻿EST,﻿ECA,﻿Member State,﻿Estonia,﻿Lääne maakond,﻿EST007
﻿EST,﻿EE,﻿EST,﻿ECA,﻿Member State,﻿Estonia,﻿Lääne-Viru maakond,﻿EST008
﻿EST,﻿EE,﻿EST,﻿ECA,﻿Member State,﻿Estonia,﻿Põlva maakond,﻿EST010
﻿EST,﻿EE,﻿EST,﻿ECA,﻿Member State,﻿Estonia,﻿Pärnu maakond,﻿EST009
﻿EST,﻿EE,﻿EST,﻿ECA,﻿Member State,﻿Estonia,﻿Rapla maakond,﻿EST011
﻿EST,﻿EE,﻿EST,﻿ECA,﻿Member State,﻿Estonia,﻿Saare maakond,﻿EST012
﻿EST,﻿EE,﻿EST,﻿ECA,﻿Member State,﻿Estonia,﻿Tartu maakond,﻿EST013
﻿EST,﻿EE,﻿EST,﻿ECA,﻿Member State,﻿Estonia,﻿Viljandi maakond,﻿EST015
﻿EST,﻿EE,﻿EST,﻿ECA,﻿Member State,﻿Estonia,﻿Valga maakond,﻿EST014
﻿EST,﻿EE,﻿EST,﻿ECA,﻿Member State,﻿Estonia,﻿Võru maakond,﻿EST016
﻿GEO,﻿GE,﻿GEO,﻿ECA,﻿Member State,﻿Georgia,﻿Abkhazeti (Abkhazia) Autonomous Republic,﻿GEO001
﻿GEO,﻿GE,﻿GEO,﻿ECA,﻿Member State,﻿Georgia,﻿Adjara (Adjaria) Autonomous Republic,﻿GEO002
﻿GEO,﻿GE,﻿GEO,﻿ECA,﻿Member State,﻿Georgia,﻿Guria,﻿GEO003
﻿GEO,﻿GE,﻿GEO,﻿ECA,﻿Member State,﻿Georgia,﻿Samegrelo-Zemo Svaneti,﻿GEO009
﻿IDN,﻿ID,﻿IDN,﻿EAP,﻿Member State,﻿Indonesia,﻿Kepulauan Bangka Belitung,﻿IDN009
﻿IRQ,﻿IQ,﻿IRQ,﻿MENAAP,﻿Member State,﻿Iraq,﻿Duhok,﻿IRQ010
﻿IRQ,﻿IQ,﻿IRQ,﻿MENAAP,﻿Member State,﻿Iraq,﻿Ninewa,﻿IRQ015
﻿IRQ,﻿IQ,﻿IRQ,﻿MENAAP,﻿Member State,﻿Iraq,﻿Salah Al-Din,﻿IRQ016
﻿LTU,﻿LT,﻿LTU,﻿ECA,﻿Member State,﻿Lithuania,﻿Alytaus,﻿LTU001
﻿LTU,﻿LT,﻿LTU,﻿ECA,﻿Member State,﻿Lithuania,﻿Klaipedos,﻿LTU003
﻿LTU,﻿LT,﻿LTU,﻿ECA,﻿Member State,﻿Lithuania,﻿Kauno,﻿LTU002
﻿LTU,﻿LT,﻿LTU,﻿ECA,﻿Member State,﻿Lithuania,﻿Marijampoles,﻿LTU004
﻿LTU,﻿LT,﻿LTU,﻿ECA,﻿Member State,﻿Lithuania,﻿Panevezio,﻿LTU005
﻿LTU,﻿LT,﻿LTU,﻿ECA,﻿Member State,﻿Lithuania,﻿Siauliu,﻿LTU006
﻿LTU,﻿LT,﻿LTU,﻿ECA,﻿Member State,﻿Lithuania,﻿Taurages,﻿LTU007
﻿LTU,﻿LT,﻿LTU,﻿ECA,﻿Member State,﻿Lithuania,﻿Telsiu,﻿LTU008
﻿LTU,﻿LT,﻿LTU,﻿ECA,﻿Member State,﻿Lithuania,﻿Utenos,﻿LTU009
﻿LTU,﻿LT,﻿LTU,﻿ECA,﻿Member State,﻿Lithuania,﻿Vilniaus,﻿LTU010
﻿LVA,﻿LV,﻿LVA,﻿ECA,﻿Member State,﻿Latvia,﻿Ādažu nov.,﻿LVA042
﻿LVA,﻿LV,﻿LVA,﻿ECA,﻿Member State,﻿Latvia,﻿Aizkraukles nov.,﻿LVA001
﻿LVA,﻿LV,﻿LVA,﻿ECA,﻿Member State,﻿Latvia,﻿Alūksnes nov.,﻿LVA002
﻿LVA,﻿LV,﻿LVA,﻿ECA,﻿Member State,﻿Latvia,﻿Augšdaugavas nov.,﻿LVA003
﻿LVA,﻿LV,﻿LVA,﻿ECA,﻿Member State,﻿Latvia,﻿Balvu nov.,﻿LVA004
﻿LVA,﻿LV,﻿LVA,﻿ECA,﻿Member State,﻿Latvia,﻿Bauskas nov.,﻿LVA005
﻿LVA,﻿LV,﻿LVA,﻿ECA,﻿Member State,﻿Latvia,﻿Cēsu nov.,﻿LVA006
﻿LVA,﻿LV,﻿LVA,﻿ECA,﻿Member State,﻿Latvia,﻿Daugavpils,﻿LVA007
﻿LVA,﻿LV,﻿LVA,﻿ECA,﻿Member State,﻿Latvia,﻿Dienvidkurzemes nov.,﻿LVA008
﻿LVA,﻿LV,﻿LVA,﻿ECA,﻿Member State,﻿Latvia,﻿Dobeles nov.,﻿LVA009
﻿LVA,﻿LV,﻿LVA,﻿ECA,﻿Member State,﻿Latvia,﻿Gulbenes nov.,﻿LVA010
﻿LVA,﻿LV,﻿LVA,﻿ECA,﻿Member State,﻿Latvia,﻿Jēkabpils nov.,﻿LVA013
﻿LVA,﻿LV,﻿LVA,﻿ECA,﻿Member State,﻿Latvia,﻿Jelgava,﻿LVA011
﻿LVA,﻿LV,﻿LVA,﻿ECA,﻿Member State,﻿Latvia,﻿Jelgavas nov.,﻿LVA012
﻿LVA,﻿LV,﻿LVA,﻿ECA,﻿Member State,﻿Latvia,﻿Jūrmala,﻿LVA014
﻿LVA,﻿LV,﻿LVA,﻿ECA,﻿Member State,﻿Latvia,﻿Ķekavas nov.,﻿LVA043
﻿LVA,﻿LV,﻿LVA,﻿ECA,﻿Member State,﻿Latvia,﻿Krāslavas nov.,﻿LVA015
﻿LVA,﻿LV,﻿LVA,﻿ECA,﻿Member State,﻿Latvia,﻿Kuldīgas nov.,﻿LVA016
﻿LVA,﻿LV,﻿LVA,﻿ECA,﻿Member State,﻿Latvia,﻿Limbažu nov.,﻿LVA018
﻿LVA,﻿LV,﻿LVA,﻿ECA,﻿Member State,﻿Latvia,﻿Līvānu nov.,﻿LVA020
﻿LVA,﻿LV,﻿LVA,﻿ECA,﻿Member State,﻿Latvia,﻿Ludzas nov.,﻿LVA019
﻿LVA,﻿LV,﻿LVA,﻿ECA,﻿Member State,﻿Latvia,﻿Madonas nov.,﻿LVA021
﻿LVA,﻿LV,﻿LVA,﻿ECA,﻿Member State,﻿Latvia,﻿Mārupes nov.,﻿LVA022
﻿LVA,﻿LV,﻿LVA,﻿ECA,﻿Member State,﻿Latvia,﻿Ogres nov.,﻿LVA023
﻿LVA,﻿LV,﻿LVA,﻿ECA,﻿Member State,﻿Latvia,﻿Olaines nov.,﻿LVA024
﻿LVA,﻿LV,﻿LVA,﻿ECA,﻿Member State,﻿Latvia,﻿Preiļu nov.,﻿LVA025
﻿LVA,﻿LV,﻿LVA,﻿ECA,﻿Member State,﻿Latvia,﻿Rēzekne,﻿LVA027
﻿LVA,﻿LV,﻿LVA,﻿ECA,﻿Member State,﻿Latvia,﻿Rēzeknes nov.,﻿LVA028
﻿LVA,﻿LV,﻿LVA,﻿ECA,﻿Member State,﻿Latvia,﻿Rīga,﻿LVA029
﻿LVA,﻿LV,﻿LVA,﻿ECA,﻿Member State,﻿Latvia,﻿Ropažu nov.,﻿LVA026
﻿LVA,﻿LV,﻿LVA,﻿ECA,﻿Member State,﻿Latvia,﻿Salaspils nov.,﻿LVA030
﻿LVA,﻿LV,﻿LVA,﻿ECA,﻿Member State,﻿Latvia,﻿Saldus nov.,﻿LVA031
﻿LVA,﻿LV,﻿LVA,﻿ECA,﻿Member State,﻿Latvia,﻿Saulkrastu nov.,﻿LVA032
﻿LVA,﻿LV,﻿LVA,﻿ECA,﻿Member State,﻿Latvia,﻿Siguldas nov.,﻿LVA033
﻿LVA,﻿LV,﻿LVA,﻿ECA,﻿Member State,﻿Latvia,﻿Smiltenes nov.,﻿LVA034
﻿LVA,﻿LV,﻿LVA,﻿ECA,﻿Member State,﻿Latvia,﻿Talsu nov.,﻿LVA035
﻿LVA,﻿LV,﻿LVA,﻿ECA,﻿Member State,﻿Latvia,﻿Tukuma nov.,﻿LVA036
﻿LVA,﻿LV,﻿LVA,﻿ECA,﻿Member State,﻿Latvia,﻿Valkas nov.,﻿LVA037
﻿LVA,﻿LV,﻿LVA,﻿ECA,﻿Member State,﻿Latvia,﻿Valmieras nov.,﻿LVA038
﻿LVA,﻿LV,﻿LVA,﻿ECA,﻿Member State,﻿Latvia,﻿Varakļānu nov.,﻿LVA039
﻿LVA,﻿LV,﻿LVA,﻿ECA,﻿Member State,﻿Latvia,﻿Ventspils,﻿LVA040
﻿LVA,﻿LV,﻿LVA,﻿ECA,﻿Member State,﻿Latvia,﻿Ventspils nov.,﻿LVA041
﻿MDA,﻿MD,﻿MDA,﻿ECA,﻿Member State,﻿Moldova,﻿Balti,﻿MDA002
﻿MDA,﻿MD,﻿MDA,﻿ECA,﻿Member State,﻿Moldova,﻿Briceni,﻿MDA005
﻿MDA,﻿MD,﻿MDA,﻿ECA,﻿Member State,﻿Moldova,﻿Calarasi,﻿MDA007
﻿MDA,﻿MD,﻿MDA,﻿ECA,﻿Member State,﻿Moldova,﻿Chisinau,﻿MDA010
﻿MDA,﻿MD,﻿MDA,﻿ECA,﻿Member State,﻿Moldova,﻿Criuleni,﻿MDA012
﻿MDA,﻿MD,﻿MDA,﻿ECA,﻿Member State,﻿Moldova,﻿Donduseni,﻿MDA013
﻿MDA,﻿MD,﻿MDA,﻿ECA,﻿Member State,﻿Moldova,﻿Drochia,﻿MDA014
﻿MDA,﻿MD,﻿MDA,﻿ECA,﻿Member State,﻿Moldova,﻿Dubasari,﻿MDA015
﻿MDA,﻿MD,﻿MDA,﻿ECA,﻿Member State,﻿Moldova,﻿Edinet,﻿MDA016
﻿MDA,﻿MD,﻿MDA,﻿ECA,﻿Member State,﻿Moldova,﻿Falesti,﻿MDA017
﻿MDA,﻿MD,﻿MDA,﻿ECA,﻿Member State,﻿Moldova,﻿Floresti,﻿MDA018
﻿MDA,﻿MD,﻿MDA,﻿ECA,﻿Member State,﻿Moldova,﻿Glodeni,﻿MDA019
﻿MDA,﻿MD,﻿MDA,﻿ECA,﻿Member State,﻿Moldova,﻿Nisporeni,﻿MDA023
﻿MDA,﻿MD,﻿MDA,﻿ECA,﻿Member State,﻿Moldova,﻿Ocnita,﻿MDA024
﻿MDA,﻿MD,﻿MDA,﻿ECA,﻿Member State,﻿Moldova,﻿Orhei,﻿MDA025
﻿MDA,﻿MD,﻿MDA,﻿ECA,﻿Member State,﻿Moldova,﻿Rezina,﻿MDA026
﻿MDA,﻿MD,﻿MDA,﻿ECA,﻿Member State,﻿Moldova,﻿Riscani,﻿MDA027
﻿MDA,﻿MD,﻿MDA,﻿ECA,﻿Member State,﻿Moldova,﻿Singerei,﻿MDA028
﻿MDA,﻿MD,﻿MDA,﻿ECA,﻿Member State,﻿Moldova,﻿Soldanesti,﻿MDA029
﻿MDA,﻿MD,﻿MDA,﻿ECA,﻿Member State,﻿Moldova,﻿Soroca,﻿MDA030
﻿MDA,﻿MD,﻿MDA,﻿ECA,﻿Member State,﻿Moldova,﻿Straseni,﻿MDA032
﻿MDA,﻿MD,﻿MDA,﻿ECA,﻿Member State,﻿Moldova,﻿Telenesti,﻿MDA034
﻿MDA,﻿MD,﻿MDA,﻿ECA,﻿Member State,﻿Moldova,﻿Transnistria,﻿MDA035
﻿MDA,﻿MD,﻿MDA,﻿ECA,﻿Member State,﻿Moldova,﻿Ungheni,﻿MDA036
﻿NOR,﻿NO,﻿NOR,﻿Other,﻿Member State,﻿Norway,﻿Møre og Romsdal,﻿NOR006
﻿POL,﻿PL,﻿POL,﻿ECA,﻿Member State,﻿Poland,﻿Kujawsko-Pomorskie,﻿POL002
﻿POL,﻿PL,﻿POL,﻿ECA,﻿Member State,﻿Poland,﻿Lodzkie,﻿POL003
﻿POL,﻿PL,﻿POL,﻿ECA,﻿Member State,﻿Poland,﻿Lubeiskie,﻿POL004
﻿POL,﻿PL,﻿POL,﻿ECA,﻿Member State,﻿Poland,﻿Mazowieckie,﻿POL007
﻿POL,﻿PL,﻿POL,﻿ECA,﻿Member State,﻿Poland,﻿Opolskie,﻿POL008
﻿POL,﻿PL,﻿POL,﻿ECA,﻿Member State,﻿Poland,﻿Podlaskie,﻿POL010
﻿POL,﻿PL,﻿POL,﻿ECA,﻿Member State,﻿Poland,﻿Podkarpackie,﻿POL009
﻿POL,﻿PL,﻿POL,﻿ECA,﻿Member State,﻿Poland,﻿Pomorskie,﻿POL011
﻿POL,﻿PL,﻿POL,﻿ECA,﻿Member State,﻿Poland,﻿Swietokrzyskie,﻿POL013
﻿POL,﻿PL,﻿POL,﻿ECA,﻿Member State,﻿Poland,﻿Slaskie,﻿POL012
﻿POL,﻿PL,﻿POL,﻿ECA,﻿Member State,﻿Poland,﻿Warminsko-Mazurskie,﻿POL014
﻿POL,﻿PL,﻿POL,﻿ECA,﻿Member State,﻿Poland,﻿Wielkopolskie,﻿POL015
﻿ROU,﻿RO,﻿ROM,﻿ECA,﻿Member State,﻿Romania,﻿Botoşani,﻿ROU007
﻿ROU,﻿RO,﻿ROM,﻿ECA,﻿Member State,﻿Romania,﻿Iaşi,﻿ROU025
﻿ROU,﻿RO,﻿ROM,﻿ECA,﻿Member State,﻿Romania,﻿Neamţ,﻿ROU030
﻿ROU,﻿RO,﻿ROM,﻿ECA,﻿Member State,﻿Romania,﻿Vaslui,﻿ROU041
﻿RUS,﻿RU,﻿RUS,﻿ECA,﻿Member State,﻿Russian Federation,﻿Name Unknown,﻿RUS050
﻿RUS,﻿RU,﻿RUS,﻿ECA,﻿Member State,﻿Russian Federation,﻿Adygeya Rep.,﻿RUS001
﻿RUS,﻿RU,﻿RUS,﻿ECA,﻿Member State,﻿Russian Federation,﻿Karatchayevo-cherkesiya Rep.,﻿RUS027
﻿RUS,﻿RU,﻿RUS,﻿ECA,﻿Member State,﻿Russian Federation,﻿Krasnodarskiy Kray,﻿RUS038
﻿RUS,﻿RU,﻿RUS,﻿ECA,﻿Member State,﻿Russian Federation,﻿Rostovskaya Oblast,﻿RUS062
﻿SYR,﻿SY,﻿SYR,﻿MENAAP,﻿Member State,﻿Syrian Arab Republic,﻿Al Ḥasakah,﻿SYR001
﻿SYR,﻿SY,﻿SYR,﻿MENAAP,﻿Member State,﻿Syrian Arab Republic,﻿Aleppo,﻿SYR002
﻿SYR,﻿SY,﻿SYR,﻿MENAAP,﻿Member State,﻿Syrian Arab Republic,﻿Idlib,﻿SYR010
﻿SYR,﻿SY,﻿SYR,﻿MENAAP,﻿Member State,﻿Syrian Arab Republic,﻿Ar Raqqah,﻿SYR003
﻿TUR,﻿TR,﻿TUR,﻿ECA,﻿Member State,﻿Türkiye,﻿Adana,﻿TUR001
﻿TUR,﻿TR,﻿TUR,﻿ECA,﻿Member State,﻿Türkiye,﻿Adiyaman,﻿TUR002
﻿TUR,﻿TR,﻿TUR,﻿ECA,﻿Member State,﻿Türkiye,﻿Afyonkarahisar,﻿TUR003
﻿TUR,﻿TR,﻿TUR,﻿ECA,﻿Member State,﻿Türkiye,﻿Aksaray,﻿TUR005
﻿TUR,﻿TR,﻿TUR,﻿ECA,﻿Member State,﻿Türkiye,﻿Amasya,﻿TUR006
﻿TUR,﻿TR,﻿TUR,﻿ECA,﻿Member State,﻿Türkiye,﻿Ankara,﻿TUR007
﻿TUR,﻿TR,﻿TUR,﻿ECA,﻿Member State,﻿Türkiye,﻿Artvin,﻿TUR010
﻿TUR,﻿TR,﻿TUR,﻿ECA,﻿Member State,﻿Türkiye,﻿Bayburt,﻿TUR015
﻿TUR,﻿TR,﻿TUR,﻿ECA,﻿Member State,﻿Türkiye,﻿Bilecik,﻿TUR016
﻿TUR,﻿TR,﻿TUR,﻿ECA,﻿Member State,﻿Türkiye,﻿Bingol,﻿TUR017
﻿TUR,﻿TR,﻿TUR,﻿ECA,﻿Member State,﻿Türkiye,﻿Bolu,﻿TUR019
﻿TUR,﻿TR,﻿TUR,﻿ECA,﻿Member State,﻿Türkiye,﻿Batman,﻿TUR014
﻿TUR,﻿TR,﻿TUR,﻿ECA,﻿Member State,﻿Türkiye,﻿Bartin,﻿TUR013
﻿TUR,﻿TR,﻿TUR,﻿ECA,﻿Member State,﻿Türkiye,﻿Bitlis,﻿TUR018
﻿TUR,﻿TR,﻿TUR,﻿ECA,﻿Member State,﻿Türkiye,﻿Cankiri,﻿TUR023
﻿TUR,﻿TR,﻿TUR,﻿ECA,﻿Member State,﻿Türkiye,﻿Corum,﻿TUR024
﻿TUR,﻿TR,﻿TUR,﻿ECA,﻿Member State,﻿Türkiye,﻿Diyarbakir,﻿TUR026
﻿TUR,﻿TR,﻿TUR,﻿ECA,﻿Member State,﻿Türkiye,﻿Elazig,﻿TUR028
﻿TUR,﻿TR,﻿TUR,﻿ECA,﻿Member State,﻿Türkiye,﻿Erzincan,﻿TUR029
﻿TUR,﻿TR,﻿TUR,﻿ECA,﻿Member State,﻿Türkiye,﻿Eskisehir,﻿TUR031
﻿TUR,﻿TR,﻿TUR,﻿ECA,﻿Member State,﻿Türkiye,﻿Gaziantep,﻿TUR032
﻿TUR,﻿TR,﻿TUR,﻿ECA,﻿Member State,﻿Türkiye,﻿Giresun,﻿TUR033
﻿TUR,﻿TR,﻿TUR,﻿ECA,﻿Member State,﻿Türkiye,﻿Gumushane,﻿TUR034
﻿TUR,﻿TR,﻿TUR,﻿ECA,﻿Member State,﻿Türkiye,﻿Hatay,﻿TUR036
﻿TUR,﻿TR,﻿TUR,﻿ECA,﻿Member State,﻿Türkiye,﻿Mersin,﻿TUR037
﻿TUR,﻿TR,﻿TUR,﻿ECA,﻿Member State,﻿Türkiye,﻿Isparta,﻿TUR039
﻿TUR,﻿TR,﻿TUR,﻿ECA,﻿Member State,﻿Türkiye,﻿Karabuk,﻿TUR043
﻿TUR,﻿TR,﻿TUR,﻿ECA,﻿Member State,﻿Türkiye,﻿Kocaeli,﻿TUR052
﻿TUR,﻿TR,﻿TUR,﻿ECA,﻿Member State,﻿Türkiye,﻿Kirsehir,﻿TUR051
﻿TUR,﻿TR,﻿TUR,﻿ECA,﻿Member State,﻿Türkiye,﻿Kilis,﻿TUR048
﻿TUR,﻿TR,﻿TUR,﻿ECA,﻿Member State,﻿Türkiye,﻿Kirikkale,﻿TUR049
﻿TUR,﻿TR,﻿TUR,﻿ECA,﻿Member State,﻿Türkiye,﻿Kahramanmaras,﻿TUR042
﻿TUR,﻿TR,﻿TUR,﻿ECA,﻿Member State,﻿Türkiye,﻿Konya,﻿TUR053
﻿TUR,﻿TR,﻿TUR,﻿ECA,﻿Member State,﻿Türkiye,﻿Karaman,﻿TUR044
﻿TUR,﻿TR,﻿TUR,﻿ECA,﻿Member State,﻿Türkiye,﻿Kastamonu,﻿TUR046
﻿TUR,﻿TR,﻿TUR,﻿ECA,﻿Member State,﻿Türkiye,﻿Kayseri,﻿TUR047
﻿TUR,﻿TR,﻿TUR,﻿ECA,﻿Member State,﻿Türkiye,﻿Malatya,﻿TUR055
﻿TUR,﻿TR,﻿TUR,﻿ECA,﻿Member State,﻿Türkiye,﻿Nigde,﻿TUR061
﻿TUR,﻿TR,﻿TUR,﻿ECA,﻿Member State,﻿Türkiye,﻿Nevsehir,﻿TUR060
﻿TUR,﻿TR,﻿TUR,﻿ECA,﻿Member State,﻿Türkiye,﻿Ordu,﻿TUR062
﻿TUR,﻿TR,﻿TUR,﻿ECA,﻿Member State,﻿Türkiye,﻿Osmaniye,﻿TUR063
﻿TUR,﻿TR,﻿TUR,﻿ECA,﻿Member State,﻿Türkiye,﻿Rize,﻿TUR064
﻿TUR,﻿TR,﻿TUR,﻿ECA,﻿Member State,﻿Türkiye,﻿Siirt,﻿TUR068
﻿TUR,﻿TR,﻿TUR,﻿ECA,﻿Member State,﻿Türkiye,﻿Sakarya,﻿TUR065
﻿TUR,﻿TR,﻿TUR,﻿ECA,﻿Member State,﻿Türkiye,﻿Sinop,﻿TUR069
﻿TUR,﻿TR,﻿TUR,﻿ECA,﻿Member State,﻿Türkiye,﻿Sirnak,﻿TUR070
﻿TUR,﻿TR,﻿TUR,﻿ECA,﻿Member State,﻿Türkiye,﻿Samsun,﻿TUR066
﻿TUR,﻿TR,﻿TUR,﻿ECA,﻿Member State,﻿Türkiye,﻿Sanliurfa,﻿TUR067
﻿TUR,﻿TR,﻿TUR,﻿ECA,﻿Member State,﻿Türkiye,﻿Sivas,﻿TUR071
﻿TUR,﻿TR,﻿TUR,﻿ECA,﻿Member State,﻿Türkiye,﻿Trabzon,﻿TUR074
﻿TUR,﻿TR,﻿TUR,﻿ECA,﻿Member State,﻿Türkiye,﻿Tunceli,﻿TUR075
﻿TUR,﻿TR,﻿TUR,﻿ECA,﻿Member State,﻿Türkiye,﻿Tokat,﻿TUR073
﻿TUR,﻿TR,﻿TUR,﻿ECA,﻿Member State,﻿Türkiye,﻿Van,﻿TUR077
﻿TUR,﻿TR,﻿TUR,﻿ECA,﻿Member State,﻿Türkiye,﻿Yozgat,﻿TUR079
﻿TUR,﻿TR,﻿TUR,﻿ECA,﻿Member State,﻿Türkiye,﻿Zonguldak,﻿TUR080
﻿UKR,﻿UA,﻿UKR,﻿ECA,﻿Member State,﻿Ukraine,﻿Autonomous Republic of Crimea,﻿UKR001
﻿UKR,﻿UA,﻿UKR,﻿ECA,﻿Member State,﻿Ukraine,﻿Chernivetska,﻿UKR004
﻿UKR,﻿UA,﻿UKR,﻿ECA,﻿Member State,﻿Ukraine,﻿Donetska,﻿UKR006
﻿UKR,﻿UA,﻿UKR,﻿ECA,﻿Member State,﻿Ukraine,﻿Khersonska,﻿UKR009
﻿UKR,﻿UA,﻿UKR,﻿ECA,﻿Member State,﻿Ukraine,﻿Khmelnytska,﻿UKR010
﻿UKR,﻿UA,﻿UKR,﻿ECA,﻿Member State,﻿Ukraine,﻿Kyiv,﻿UKR012
﻿UKR,﻿UA,﻿UKR,﻿ECA,﻿Member State,﻿Ukraine,﻿Odeska,﻿UKR017
﻿UKR,﻿UA,﻿UKR,﻿ECA,﻿Member State,﻿Ukraine,﻿Rivnenska,﻿UKR019
﻿UKR,﻿UA,﻿UKR,﻿ECA,﻿Member State,﻿Ukraine,﻿Sevastopol,﻿UKR020
﻿UKR,﻿UA,﻿UKR,﻿ECA,﻿Member State,﻿Ukraine,﻿Vinnytska,﻿UKR023
﻿UKR,﻿UA,﻿UKR,﻿ECA,﻿Member State,﻿Ukraine,﻿Volynska,﻿UKR024
﻿UKR,﻿UA,﻿UKR,﻿ECA,﻿Member State,﻿Ukraine,﻿Zhytomyrska,﻿UKR027
﻿ALB,﻿AL,﻿ALB,﻿ECA,﻿Member State,﻿Albania,﻿Berat,﻿ALB001
﻿ALB,﻿AL,﻿ALB,﻿ECA,﻿Member State,﻿Albania,﻿Diber,﻿ALB002
﻿ALB,﻿AL,﻿ALB,﻿ECA,﻿Member State,﻿Albania,﻿Durres,﻿ALB003
﻿ALB,﻿AL,﻿ALB,﻿ECA,﻿Member State,﻿Albania,﻿Elbasan,﻿ALB004
﻿ALB,﻿AL,﻿ALB,﻿ECA,﻿Member State,﻿Albania,﻿Fier,﻿ALB005
﻿ALB,﻿AL,﻿ALB,﻿ECA,﻿Member State,﻿Albania,﻿Korce,﻿ALB007
﻿ALB,﻿AL,﻿ALB,﻿ECA,﻿Member State,﻿Albania,﻿Kukes,﻿ALB008
﻿ALB,﻿AL,﻿ALB,﻿ECA,﻿Member State,﻿Albania,﻿Lezhe,﻿ALB009
﻿ALB,﻿AL,﻿ALB,﻿ECA,﻿Member State,﻿Albania,﻿Shkoder,﻿ALB010
﻿ALB,﻿AL,﻿ALB,﻿ECA,﻿Member State,﻿Albania,﻿Tirane,﻿ALB011
﻿ALB,﻿AL,﻿ALB,﻿ECA,﻿Member State,﻿Albania,﻿Vlore,﻿ALB012
﻿BGR,﻿BG,﻿BGR,﻿ECA,﻿Member State,﻿Bulgaria,﻿Blagoevgrad,﻿BGR001
﻿BGR,﻿BG,﻿BGR,﻿ECA,﻿Member State,﻿Bulgaria,﻿Haskovo,﻿BGR005
﻿BGR,﻿BG,﻿BGR,﻿ECA,﻿Member State,﻿Bulgaria,﻿Kyustendil,﻿BGR008
﻿BGR,﻿BG,﻿BGR,﻿ECA,﻿Member State,﻿Bulgaria,﻿Kardzhali,﻿BGR007
﻿BGR,﻿BG,﻿BGR,﻿ECA,﻿Member State,﻿Bulgaria,﻿Montana,﻿BGR010
﻿BGR,﻿BG,﻿BGR,﻿ECA,﻿Member State,﻿Bulgaria,﻿Pernik,﻿BGR012
﻿BGR,﻿BG,﻿BGR,﻿ECA,﻿Member State,﻿Bulgaria,﻿Pazardzhik,﻿BGR011
﻿BGR,﻿BG,﻿BGR,﻿ECA,﻿Member State,﻿Bulgaria,﻿Sofia,﻿BGR021
﻿BGR,﻿BG,﻿BGR,﻿ECA,﻿Member State,﻿Bulgaria,﻿Sofia-city,﻿BGR022
﻿BGR,﻿BG,﻿BGR,﻿ECA,﻿Member State,﻿Bulgaria,﻿Silistra,﻿BGR018
﻿BGR,﻿BG,﻿BGR,﻿ECA,﻿Member State,﻿Bulgaria,﻿Smolyan,﻿BGR020
﻿BGR,﻿BG,﻿BGR,﻿ECA,﻿Member State,﻿Bulgaria,﻿Vidin,﻿BGR027
﻿BGR,﻿BG,﻿BGR,﻿ECA,﻿Member State,﻿Bulgaria,﻿Vratsa,﻿BGR028
﻿BIH,﻿BA,﻿BIH,﻿ECA,﻿Member State,﻿Bosnia and Herzegovina,﻿Federacija Bosne I Hercegovine,﻿BIH001
﻿BIH,﻿BA,﻿BIH,﻿ECA,﻿Member State,﻿Bosnia and Herzegovina,﻿Republika Srpska,﻿BIH002
﻿BIH,﻿BA,﻿BIH,﻿ECA,﻿Member State,﻿Bosnia and Herzegovina,﻿Brčko District,﻿BIH003
﻿CZE,﻿CZ,﻿CZE,﻿ECA,﻿Member State,﻿Czech Republic,﻿Moravskoslezský kraj,﻿CZE008
﻿CZE,﻿CZ,﻿CZE,﻿ECA,﻿Member State,﻿Czech Republic,﻿Olomoucký kraj,﻿CZE009
﻿CZE,﻿CZ,﻿CZE,﻿ECA,﻿Member State,﻿Czech Republic,﻿Zlínský kraj,﻿CZE013
﻿DNK,﻿DK,﻿DNK,﻿Other,﻿Member State,﻿Denmark,﻿Hovedstaden,﻿DNK001
﻿FIN,﻿FI,﻿FIN,﻿Other,﻿Member State,﻿Finland,﻿Itä-Suomen aluehallintovirasto,﻿FIN001
﻿FIN,﻿FI,﻿FIN,﻿Other,﻿Member State,﻿Finland,﻿Lounais-Suomen aluehallintovirasto,﻿FIN003
﻿FIN,﻿FI,﻿FIN,﻿Other,﻿Member State,﻿Finland,﻿Etelä-Suomen aluehallintovirasto,﻿FIN004
﻿GRC,﻿GR,﻿GRC,﻿Other,﻿Member State,﻿Greece,﻿Makedonías–Thrákīs,﻿GRC006
﻿HRV,﻿HR,﻿HRV,﻿ECA,﻿Member State,﻿Croatia,﻿Osijek-Baranja,﻿HRV010
﻿HRV,﻿HR,﻿HRV,﻿ECA,﻿Member State,﻿Croatia,﻿Vukovar-Srijem,﻿HRV019
﻿HUN,﻿HU,﻿HUN,﻿ECA,﻿Member State,﻿Hungary,﻿Dél-Dunántúl,﻿HUN003
﻿HUN,﻿HU,﻿HUN,﻿ECA,﻿Member State,﻿Hungary,﻿Dél-Alföld,﻿HUN002
﻿HUN,﻿HU,﻿HUN,﻿ECA,﻿Member State,﻿Hungary,﻿Budapest,﻿HUN001
﻿HUN,﻿HU,﻿HUN,﻿ECA,﻿Member State,﻿Hungary,﻿Észak-Magyarország,﻿HUN005
﻿HUN,﻿HU,﻿HUN,﻿ECA,﻿Member State,﻿Hungary,﻿Közép-Dunántúl,﻿HUN006
﻿HUN,﻿HU,﻿HUN,﻿ECA,﻿Member State,﻿Hungary,﻿Észak-Alföld,﻿HUN004
﻿HUN,﻿HU,﻿HUN,﻿ECA,﻿Member State,﻿Hungary,﻿Közép-Magyarország,﻿HUN007
﻿ITA,﻿IT,﻿ITA,﻿Other,﻿Member State,﻿Italy,﻿Basilicata,﻿ITA002
﻿ITA,﻿IT,﻿ITA,﻿Other,﻿Member State,﻿Italy,﻿Calabria,﻿ITA003
﻿ITA,﻿IT,﻿ITA,﻿Other,﻿Member State,﻿Italy,﻿Puglia,﻿ITA013
﻿MDA,﻿MD,﻿MDA,﻿ECA,﻿Member State,﻿Moldova,﻿Anenii Noi,﻿MDA001
﻿MDA,﻿MD,﻿MDA,﻿ECA,﻿Member State,﻿Moldova,﻿Basarabeasca,﻿MDA003
﻿MDA,﻿MD,﻿MDA,﻿ECA,﻿Member State,﻿Moldova,﻿Bender,﻿MDA004
﻿MDA,﻿MD,﻿MDA,﻿ECA,﻿Member State,﻿Moldova,﻿Cahul,﻿MDA006
﻿MDA,﻿MD,﻿MDA,﻿ECA,﻿Member State,﻿Moldova,﻿Cantemir,﻿MDA008
﻿MDA,﻿MD,﻿MDA,﻿ECA,﻿Member State,﻿Moldova,﻿Causeni,﻿MDA009
﻿MDA,﻿MD,﻿MDA,﻿ECA,﻿Member State,﻿Moldova,﻿Cimislia,﻿MDA011
﻿MDA,﻿MD,﻿MDA,﻿ECA,﻿Member State,﻿Moldova,﻿Hincesti,﻿MDA020
﻿MDA,﻿MD,﻿MDA,﻿ECA,﻿Member State,﻿Moldova,﻿Ialoveni,﻿MDA021
﻿MDA,﻿MD,﻿MDA,﻿ECA,﻿Member State,﻿Moldova,﻿Leova,﻿MDA022
﻿MDA,﻿MD,﻿MDA,﻿ECA,﻿Member State,﻿Moldova,﻿Stefan Voda,﻿MDA031
﻿MDA,﻿MD,﻿MDA,﻿ECA,﻿Member State,﻿Moldova,﻿Taraclia,﻿MDA033
﻿MDA,﻿MD,﻿MDA,﻿ECA,﻿Member State,﻿Moldova,﻿Unitate Teritoriala Autonoma Gagauzia,﻿MDA037
﻿MKD,﻿MK,﻿MKD,﻿ECA,﻿Member State,﻿North Macedonia,﻿East,﻿MKD001
﻿MKD,﻿MK,﻿MKD,﻿ECA,﻿Member State,﻿North Macedonia,﻿Northeast,﻿MKD002
﻿MKD,﻿MK,﻿MKD,﻿ECA,﻿Member State,﻿North Macedonia,﻿Pelagonia,﻿MKD003
﻿MKD,﻿MK,﻿MKD,﻿ECA,﻿Member State,﻿North Macedonia,﻿Polog,﻿MKD004
﻿MKD,﻿MK,﻿MKD,﻿ECA,﻿Member State,﻿North Macedonia,﻿Southeast,﻿MKD006
﻿MKD,﻿MK,﻿MKD,﻿ECA,﻿Member State,﻿North Macedonia,﻿Skopje,﻿MKD005
﻿MKD,﻿MK,﻿MKD,﻿ECA,﻿Member State,﻿North Macedonia,﻿Southwest,﻿MKD007
﻿MKD,﻿MK,﻿MKD,﻿ECA,﻿Member State,﻿North Macedonia,﻿Vardar,﻿MKD008
﻿MMR,﻿MM,﻿MMR,﻿EAP,﻿Member State,﻿Myanmar,﻿Ayeyarwady,﻿MMR001
﻿MMR,﻿MM,﻿MMR,﻿EAP,﻿Member State,﻿Myanmar,﻿Kayin,﻿MMR006
﻿MMR,﻿MM,﻿MMR,﻿EAP,﻿Member State,﻿Myanmar,﻿Mon,﻿MMR009
﻿MMR,﻿MM,﻿MMR,﻿EAP,﻿Member State,﻿Myanmar,﻿Tanintharyi,﻿MMR014
﻿MMR,﻿MM,﻿MMR,﻿EAP,﻿Member State,﻿Myanmar,﻿Yangon,﻿MMR015
﻿MNE,﻿ME,﻿MNE,﻿ECA,﻿Member State,﻿Montenegro,﻿Andrijevica,﻿MNE001
﻿MNE,﻿ME,﻿MNE,﻿ECA,﻿Member State,﻿Montenegro,﻿Bijelo Polje,﻿MNE004
﻿MNE,﻿ME,﻿MNE,﻿ECA,﻿Member State,﻿Montenegro,﻿Berane,﻿MNE003
﻿MNE,﻿ME,﻿MNE,﻿ECA,﻿Member State,﻿Montenegro,﻿Kolasin,﻿MNE009
﻿MNE,﻿ME,﻿MNE,﻿ECA,﻿Member State,﻿Montenegro,﻿Mojkovac,﻿MNE011
﻿MNE,﻿ME,﻿MNE,﻿ECA,﻿Member State,﻿Montenegro,﻿Plav,﻿MNE013
﻿MNE,﻿ME,﻿MNE,﻿ECA,﻿Member State,﻿Montenegro,﻿Pljevlja,﻿MNE014
﻿MNE,﻿ME,﻿MNE,﻿ECA,﻿Member State,﻿Montenegro,﻿Rozaj,﻿MNE017
﻿NOR,﻿NO,﻿NOR,﻿Other,﻿Member State,﻿Norway,﻿Finnmark - Finnmárku - Finmarkku,﻿NOR004
﻿POL,﻿PL,﻿POL,﻿ECA,﻿Member State,﻿Poland,﻿Dolnoslaskie,﻿POL001
﻿POL,﻿PL,﻿POL,﻿ECA,﻿Member State,﻿Poland,﻿Lubuskie,﻿POL005
﻿POL,﻿PL,﻿POL,﻿ECA,﻿Member State,﻿Poland,﻿Malopolske,﻿POL006
﻿ROU,﻿RO,﻿ROM,﻿ECA,﻿Member State,﻿Romania,﻿Alba,﻿ROU001
﻿ROU,﻿RO,﻿ROM,﻿ECA,﻿Member State,﻿Romania,﻿Arad,﻿ROU002
﻿ROU,﻿RO,﻿ROM,﻿ECA,﻿Member State,﻿Romania,﻿Argeş,﻿ROU003
﻿ROU,﻿RO,﻿ROM,﻿ECA,﻿Member State,﻿Romania,﻿Bacău,﻿ROU004
﻿ROU,﻿RO,﻿ROM,﻿ECA,﻿Member State,﻿Romania,﻿Bihor,﻿ROU005
﻿ROU,﻿RO,﻿ROM,﻿ECA,﻿Member State,﻿Romania,﻿Bistriţa-Năsaud,﻿ROU006
﻿ROU,﻿RO,﻿ROM,﻿ECA,﻿Member State,﻿Romania,﻿Brăila,﻿ROU008
﻿ROU,﻿RO,﻿ROM,﻿ECA,﻿Member State,﻿Romania,﻿Braşov,﻿ROU009
﻿ROU,﻿RO,﻿ROM,﻿ECA,﻿Member State,﻿Romania,﻿Bucureşti,﻿ROU010
﻿ROU,﻿RO,﻿ROM,﻿ECA,﻿Member State,﻿Romania,﻿Buzău,﻿ROU011
﻿ROU,﻿RO,﻿ROM,﻿ECA,﻿Member State,﻿Romania,﻿Călăraşi,﻿ROU012
﻿ROU,﻿RO,﻿ROM,﻿ECA,﻿Member State,﻿Romania,﻿Caraş-Severin,﻿ROU013
﻿ROU,﻿RO,﻿ROM,﻿ECA,﻿Member State,﻿Romania,﻿Cluj,﻿ROU014
﻿ROU,﻿RO,﻿ROM,﻿ECA,﻿Member State,﻿Romania,﻿Constanţa,﻿ROU015
﻿ROU,﻿RO,﻿ROM,﻿ECA,﻿Member State,﻿Romania,﻿Covasna,﻿ROU016
﻿ROU,﻿RO,﻿ROM,﻿ECA,﻿Member State,﻿Romania,﻿Dâmboviţa,﻿ROU017
﻿ROU,﻿RO,﻿ROM,﻿ECA,﻿Member State,﻿Romania,﻿Dolj,﻿ROU018
﻿ROU,﻿RO,﻿ROM,﻿ECA,﻿Member State,﻿Romania,﻿Galaţi,﻿ROU019
﻿ROU,﻿RO,﻿ROM,﻿ECA,﻿Member State,﻿Romania,﻿Giurgiu,﻿ROU020
﻿ROU,﻿RO,﻿ROM,﻿ECA,﻿Member State,﻿Romania,﻿Gori,﻿ROU021
﻿ROU,﻿RO,﻿ROM,﻿ECA,﻿Member State,﻿Romania,﻿Harghita,﻿ROU022
﻿ROU,﻿RO,﻿ROM,﻿ECA,﻿Member State,﻿Romania,﻿Hunedoara,﻿ROU023
﻿ROU,﻿RO,﻿ROM,﻿ECA,﻿Member State,﻿Romania,﻿Ialomiţa,﻿ROU024
﻿ROU,﻿RO,﻿ROM,﻿ECA,﻿Member State,﻿Romania,﻿Ilfov,﻿ROU026
﻿ROU,﻿RO,﻿ROM,﻿ECA,﻿Member State,﻿Romania,﻿Maramureş,﻿ROU027
﻿ROU,﻿RO,﻿ROM,﻿ECA,﻿Member State,﻿Romania,﻿Mehedinţi,﻿ROU028
﻿ROU,﻿RO,﻿ROM,﻿ECA,﻿Member State,﻿Romania,﻿Mureş,﻿ROU029
﻿ROU,﻿RO,﻿ROM,﻿ECA,﻿Member State,﻿Romania,﻿Olt,﻿ROU031
﻿ROU,﻿RO,﻿ROM,﻿ECA,﻿Member State,﻿Romania,﻿Prahova,﻿ROU032
﻿ROU,﻿RO,﻿ROM,﻿ECA,﻿Member State,﻿Romania,﻿Sălaj,﻿ROU033
﻿ROU,﻿RO,﻿ROM,﻿ECA,﻿Member State,﻿Romania,﻿Satu Mare,﻿ROU034
﻿ROU,﻿RO,﻿ROM,﻿ECA,﻿Member State,﻿Romania,﻿Sibiu,﻿ROU035
﻿ROU,﻿RO,﻿ROM,﻿ECA,﻿Member State,﻿Romania,﻿Suceava,﻿ROU036
﻿ROU,﻿RO,﻿ROM,﻿ECA,﻿Member State,﻿Romania,﻿Teleorman,﻿ROU037
﻿ROU,﻿RO,﻿ROM,﻿ECA,﻿Member State,﻿Romania,﻿Timiş,﻿ROU038
﻿ROU,﻿RO,﻿ROM,﻿ECA,﻿Member State,﻿Romania,﻿Tulcea,﻿ROU039
﻿ROU,﻿RO,﻿ROM,﻿ECA,﻿Member State,﻿Romania,﻿Vâlcea,﻿ROU040
﻿ROU,﻿RO,﻿ROM,﻿ECA,﻿Member State,﻿Romania,﻿Vrancea,﻿ROU042
﻿RUS,﻿RU,﻿RUS,﻿ECA,﻿Member State,﻿Russian Federation,﻿Kaliningradskaya Oblast,﻿RUS023
﻿RUS,﻿RU,﻿RUS,﻿ECA,﻿Member State,﻿Russian Federation,﻿Pskovskaya Oblast,﻿RUS061
﻿RUS,﻿RU,﻿RUS,﻿ECA,﻿Member State,﻿Russian Federation,﻿Sankt-peterburg,﻿RUS067
﻿SRB,﻿YF,﻿SRB,﻿ECA,﻿Member State,﻿Serbia,﻿Grad Beograd,﻿SRB003
﻿SRB,﻿YF,﻿SRB,﻿ECA,﻿Member State,﻿Serbia,﻿Borski,﻿SRB001
﻿SRB,﻿YF,﻿SRB,﻿ECA,﻿Member State,﻿Serbia,﻿Branicevski,﻿SRB002
﻿SRB,﻿YF,﻿SRB,﻿ECA,﻿Member State,﻿Serbia,﻿Jablanički,﻿SRB004
﻿SRB,﻿YF,﻿SRB,﻿ECA,﻿Member State,﻿Serbia,﻿Južno-Bački,﻿SRB005
﻿SRB,﻿YF,﻿SRB,﻿ECA,﻿Member State,﻿Serbia,﻿Južno-Banatski,﻿SRB006
﻿SRB,﻿YF,﻿SRB,﻿ECA,﻿Member State,﻿Serbia,﻿Kolubarski,﻿SRB007
﻿SRB,﻿YF,﻿SRB,﻿ECA,﻿Member State,﻿Serbia,﻿Mačvanski,﻿SRB008
﻿SRB,﻿YF,﻿SRB,﻿ECA,﻿Member State,﻿Serbia,﻿Moravički,﻿SRB009
﻿SRB,﻿YF,﻿SRB,﻿ECA,﻿Member State,﻿Serbia,﻿Nišavski,﻿SRB010
﻿SRB,﻿YF,﻿SRB,﻿ECA,﻿Member State,﻿Serbia,﻿Pčinjski,﻿SRB011
﻿SRB,﻿YF,﻿SRB,﻿ECA,﻿Member State,﻿Serbia,﻿Podunavski,﻿SRB013
﻿SRB,﻿YF,﻿SRB,﻿ECA,﻿Member State,﻿Serbia,﻿Pirotski,﻿SRB012
﻿SRB,﻿YF,﻿SRB,﻿ECA,﻿Member State,﻿Serbia,﻿Pomoravski,﻿SRB014
﻿SRB,﻿YF,﻿SRB,﻿ECA,﻿Member State,﻿Serbia,﻿Rasinski,﻿SRB015
﻿SRB,﻿YF,﻿SRB,﻿ECA,﻿Member State,﻿Serbia,﻿Raški,﻿SRB016
﻿SRB,﻿YF,﻿SRB,﻿ECA,﻿Member State,﻿Serbia,﻿Severno-Bački,﻿SRB017
﻿SRB,﻿YF,﻿SRB,﻿ECA,﻿Member State,﻿Serbia,﻿Srednje-banatski,﻿SRB019
﻿SRB,﻿YF,﻿SRB,﻿ECA,﻿Member State,﻿Serbia,﻿Sremski,﻿SRB020
﻿SRB,﻿YF,﻿SRB,﻿ECA,﻿Member State,﻿Serbia,﻿Severno-banatski,﻿SRB018
﻿SRB,﻿YF,﻿SRB,﻿ECA,﻿Member State,﻿Serbia,﻿Šumadijski,﻿SRB021
﻿SRB,﻿YF,﻿SRB,﻿ECA,﻿Member State,﻿Serbia,﻿Toplički,﻿SRB022
﻿SRB,﻿YF,﻿SRB,﻿ECA,﻿Member State,﻿Serbia,﻿Zapadno-Bački,﻿SRB024
﻿SRB,﻿YF,﻿SRB,﻿ECA,﻿Member State,﻿Serbia,﻿Zaječarski,﻿SRB023
﻿SRB,﻿YF,﻿SRB,﻿ECA,﻿Member State,﻿Serbia,﻿Zlatiborski,﻿SRB025
﻿SVK,﻿SK,﻿SVK,﻿ECA,﻿Member State,﻿Slovak Republic,﻿Banská Bystrica,﻿SVK001
﻿SVK,﻿SK,﻿SVK,﻿ECA,﻿Member State,﻿Slovak Republic,﻿Košice,﻿SVK003
﻿SVK,﻿SK,﻿SVK,﻿ECA,﻿Member State,﻿Slovak Republic,﻿Nitra,﻿SVK004
﻿SVK,﻿SK,﻿SVK,﻿ECA,﻿Member State,﻿Slovak Republic,﻿Prešov,﻿SVK005
﻿SVK,﻿SK,﻿SVK,﻿ECA,﻿Member State,﻿Slovak Republic,﻿Trnava,﻿SVK007
﻿SVK,﻿SK,﻿SVK,﻿ECA,﻿Member State,﻿Slovak Republic,﻿Trenčín,﻿SVK006
﻿SVK,﻿SK,﻿SVK,﻿ECA,﻿Member State,﻿Slovak Republic,﻿Žilina,﻿SVK008
﻿SWE,﻿SE,﻿SWE,﻿Other,﻿Member State,﻿Sweden,﻿Blekinge,﻿SWE001
﻿SWE,﻿SE,﻿SWE,﻿Other,﻿Member State,﻿Sweden,﻿Halland,﻿SWE005
﻿SWE,﻿SE,﻿SWE,﻿Other,﻿Member State,﻿Sweden,﻿Jönköping,﻿SWE007
﻿SWE,﻿SE,﻿SWE,﻿Other,﻿Member State,﻿Sweden,﻿Kronoberg,﻿SWE009
﻿SWE,﻿SE,﻿SWE,﻿Other,﻿Member State,﻿Sweden,﻿Skåne,﻿SWE013
﻿TUR,﻿TR,﻿TUR,﻿ECA,﻿Member State,﻿Türkiye,﻿Antalya,﻿TUR008
﻿TUR,﻿TR,﻿TUR,﻿ECA,﻿Member State,﻿Türkiye,﻿Aydin,﻿TUR011
﻿TUR,﻿TR,﻿TUR,﻿ECA,﻿Member State,﻿Türkiye,﻿Burdur,﻿TUR020
﻿TUR,﻿TR,﻿TUR,﻿ECA,﻿Member State,﻿Türkiye,﻿Balikesir,﻿TUR012
﻿TUR,﻿TR,﻿TUR,﻿ECA,﻿Member State,﻿Türkiye,﻿Düzce,﻿TUR081
﻿TUR,﻿TR,﻿TUR,﻿ECA,﻿Member State,﻿Türkiye,﻿Bursa,﻿TUR021
﻿TUR,﻿TR,﻿TUR,﻿ECA,﻿Member State,﻿Türkiye,﻿Canakkale,﻿TUR022
﻿TUR,﻿TR,﻿TUR,﻿ECA,﻿Member State,﻿Türkiye,﻿Denizli,﻿TUR025
﻿TUR,﻿TR,﻿TUR,﻿ECA,﻿Member State,﻿Türkiye,﻿Edirne,﻿TUR027
﻿TUR,﻿TR,﻿TUR,﻿ECA,﻿Member State,﻿Türkiye,﻿Istanbul,﻿TUR040
﻿TUR,﻿TR,﻿TUR,﻿ECA,﻿Member State,﻿Türkiye,﻿Izmir,﻿TUR041
﻿TUR,﻿TR,﻿TUR,﻿ECA,﻿Member State,﻿Türkiye,﻿Kirklareli,﻿TUR050
﻿TUR,﻿TR,﻿TUR,﻿ECA,﻿Member State,﻿Türkiye,﻿Kutahya,﻿TUR054
﻿TUR,﻿TR,﻿TUR,﻿ECA,﻿Member State,﻿Türkiye,﻿Manisa,﻿TUR056
﻿TUR,﻿TR,﻿TUR,﻿ECA,﻿Member State,﻿Türkiye,﻿Tekirdag,﻿TUR072
﻿TUR,﻿TR,﻿TUR,﻿ECA,﻿Member State,﻿Türkiye,﻿Usak,﻿TUR076
﻿TUR,﻿TR,﻿TUR,﻿ECA,﻿Member State,﻿Türkiye,﻿Yalova,﻿TUR078
﻿UKR,﻿UA,﻿UKR,﻿ECA,﻿Member State,﻿Ukraine,﻿Ivano-Frankivska,﻿UKR007
﻿UKR,﻿UA,﻿UKR,﻿ECA,﻿Member State,﻿Ukraine,﻿Lvivska,﻿UKR015
﻿UKR,﻿UA,﻿UKR,﻿ECA,﻿Member State,﻿Ukraine,﻿Ternopilska,﻿UKR022
﻿UKR,﻿UA,﻿UKR,﻿ECA,﻿Member State,﻿Ukraine,﻿Zakarpatska,﻿UKR025
﻿XKX,﻿XK,﻿XKX,﻿ECA,﻿Member State,﻿Kosovo,﻿Ferizaj,﻿XKX001
﻿XKX,﻿XK,﻿XKX,﻿ECA,﻿Member State,﻿Kosovo,﻿Gjilan,﻿XKX003
﻿XKX,﻿XK,﻿XKX,﻿ECA,﻿Member State,﻿Kosovo,﻿Gjakovë,﻿XKX002
﻿XKX,﻿XK,﻿XKX,﻿ECA,﻿Member State,﻿Kosovo,﻿Mitrovicë,﻿XKX004
﻿XKX,﻿XK,﻿XKX,﻿ECA,﻿Member State,﻿Kosovo,﻿Pejë,﻿XKX005
﻿XKX,﻿XK,﻿XKX,﻿ECA,﻿Member State,﻿Kosovo,﻿Prishtinë,﻿XKX006
﻿XKX,﻿XK,﻿XKX,﻿ECA,﻿Member State,﻿Kosovo,﻿Prizren,﻿XKX007
﻿ALB,﻿AL,﻿ALB,﻿ECA,﻿Member State,﻿Albania,﻿Gjirokaster,﻿ALB006
﻿AUT,﻿AT,﻿AUT,﻿Other,﻿Member State,﻿Austria,﻿Burgenland,﻿AUT001
﻿AUT,﻿AT,﻿AUT,﻿Other,﻿Member State,﻿Austria,﻿Karnten,﻿AUT002
﻿AUT,﻿AT,﻿AUT,﻿Other,﻿Member State,﻿Austria,﻿Niederosterreich,﻿AUT003
﻿AUT,﻿AT,﻿AUT,﻿Other,﻿Member State,﻿Austria,﻿Oberosterreich,﻿AUT004
﻿AUT,﻿AT,﻿AUT,﻿Other,﻿Member State,﻿Austria,﻿Steiermark,﻿AUT006
﻿AUT,﻿AT,﻿AUT,﻿Other,﻿Member State,﻿Austria,﻿Salzburg,﻿AUT005
﻿AUT,﻿AT,﻿AUT,﻿Other,﻿Member State,﻿Austria,﻿Tirol,﻿AUT007
﻿AUT,﻿AT,﻿AUT,﻿Other,﻿Member State,﻿Austria,﻿Vorarlberg,﻿AUT008
﻿AUT,﻿AT,﻿AUT,﻿Other,﻿Member State,﻿Austria,﻿Wien,﻿AUT009
﻿BEL,﻿BE,﻿BEL,﻿Other,﻿Member State,﻿Belgium,﻿Region wallonne,﻿BEL002
﻿CHE,﻿CH,﻿CHE,﻿Other,﻿Member State,﻿Switzerland,﻿Aargau,﻿CHE001
﻿CHE,﻿CH,﻿CHE,﻿Other,﻿Member State,﻿Switzerland,﻿Appenzell Ausserrhoden,﻿CHE002
﻿CHE,﻿CH,﻿CHE,﻿Other,﻿Member State,﻿Switzerland,﻿Appenzell Innerrhoden,﻿CHE003
﻿CHE,﻿CH,﻿CHE,﻿Other,﻿Member State,﻿Switzerland,﻿Basel-Landschaft,﻿CHE004
﻿CHE,﻿CH,﻿CHE,﻿Other,﻿Member State,﻿Switzerland,﻿Basel-Stadt,﻿CHE005
﻿CHE,﻿CH,﻿CHE,﻿Other,﻿Member State,﻿Switzerland,﻿Bern,﻿CHE006
﻿CHE,﻿CH,﻿CHE,﻿Other,﻿Member State,﻿Switzerland,﻿Fribourg,﻿CHE007
﻿CHE,﻿CH,﻿CHE,﻿Other,﻿Member State,﻿Switzerland,﻿Genève,﻿CHE008
﻿CHE,﻿CH,﻿CHE,﻿Other,﻿Member State,﻿Switzerland,﻿Glarus,﻿CHE009
﻿CHE,﻿CH,﻿CHE,﻿Other,﻿Member State,﻿Switzerland,﻿Graubünden,﻿CHE010
﻿CHE,﻿CH,﻿CHE,﻿Other,﻿Member State,﻿Switzerland,﻿Jura,﻿CHE011
﻿CHE,﻿CH,﻿CHE,﻿Other,﻿Member State,﻿Switzerland,﻿Luzern,﻿CHE012
﻿CHE,﻿CH,﻿CHE,﻿Other,﻿Member State,﻿Switzerland,﻿Neuchâtel,﻿CHE013
﻿CHE,﻿CH,﻿CHE,﻿Other,﻿Member State,﻿Switzerland,﻿Nidwalden,﻿CHE014
﻿CHE,﻿CH,﻿CHE,﻿Other,﻿Member State,﻿Switzerland,﻿Obwalden,﻿CHE015
﻿CHE,﻿CH,﻿CHE,﻿Other,﻿Member State,﻿Switzerland,﻿Schaffhausen,﻿CHE017
﻿CHE,﻿CH,﻿CHE,﻿Other,﻿Member State,﻿Switzerland,﻿Schwyz,﻿CHE018
﻿CHE,﻿CH,﻿CHE,﻿Other,﻿Member State,﻿Switzerland,﻿Solothurn,﻿CHE019
﻿CHE,﻿CH,﻿CHE,﻿Other,﻿Member State,﻿Switzerland,﻿St. Gallen,﻿CHE016
﻿CHE,﻿CH,﻿CHE,﻿Other,﻿Member State,﻿Switzerland,﻿Thurgau,﻿CHE020
﻿CHE,﻿CH,﻿CHE,﻿Other,﻿Member State,﻿Switzerland,﻿Ticino,﻿CHE021
﻿CHE,﻿CH,﻿CHE,﻿Other,﻿Member State,﻿Switzerland,﻿Uri,﻿CHE022
﻿CHE,﻿CH,﻿CHE,﻿Other,﻿Member State,﻿Switzerland,﻿Valais,﻿CHE023
﻿CHE,﻿CH,﻿CHE,﻿Other,﻿Member State,﻿Switzerland,﻿Vaud,﻿CHE024
﻿CHE,﻿CH,﻿CHE,﻿Other,﻿Member State,﻿Switzerland,﻿Zug,﻿CHE025
﻿CHE,﻿CH,﻿CHE,﻿Other,﻿Member State,﻿Switzerland,﻿Zürich,﻿CHE026
﻿CZE,﻿CZ,﻿CZE,﻿ECA,﻿Member State,﻿Czech Republic,﻿Hlavní město Praha,﻿CZE001
﻿CZE,﻿CZ,﻿CZE,﻿ECA,﻿Member State,﻿Czech Republic,﻿Jihočeský kraj,﻿CZE003
﻿CZE,﻿CZ,﻿CZE,﻿ECA,﻿Member State,﻿Czech Republic,﻿Jihomoravský kraj,﻿CZE002
﻿CZE,﻿CZ,﻿CZE,﻿ECA,﻿Member State,﻿Czech Republic,﻿Karlovarský kraj,﻿CZE004
﻿CZE,﻿CZ,﻿CZE,﻿ECA,﻿Member State,﻿Czech Republic,﻿Kraj Vysočina,﻿CZE005
﻿CZE,﻿CZ,﻿CZE,﻿ECA,﻿Member State,﻿Czech Republic,﻿Královéhradecký kraj,﻿CZE006
﻿CZE,﻿CZ,﻿CZE,﻿ECA,﻿Member State,﻿Czech Republic,﻿Liberecký kraj,﻿CZE007
﻿CZE,﻿CZ,﻿CZE,﻿ECA,﻿Member State,﻿Czech Republic,﻿Pardubický kraj,﻿CZE010
﻿CZE,﻿CZ,﻿CZE,﻿ECA,﻿Member State,﻿Czech Republic,﻿Plzeňský kraj,﻿CZE011
﻿CZE,﻿CZ,﻿CZE,﻿ECA,﻿Member State,﻿Czech Republic,﻿Středočeský kraj,﻿CZE012
﻿CZE,﻿CZ,﻿CZE,﻿ECA,﻿Member State,﻿Czech Republic,﻿Ústecký kraj,﻿CZE014
﻿DEU,﻿DE,﻿DEU,﻿Other,﻿Member State,﻿Germany,﻿Brandenburg,﻿DEU004
﻿DEU,﻿DE,﻿DEU,﻿Other,﻿Member State,﻿Germany,﻿Berlin,﻿DEU003
﻿DEU,﻿DE,﻿DEU,﻿Other,﻿Member State,﻿Germany,﻿Baden-Württemberg,﻿DEU001
﻿DEU,﻿DE,﻿DEU,﻿Other,﻿Member State,﻿Germany,﻿Bayern,﻿DEU002
﻿DEU,﻿DE,﻿DEU,﻿Other,﻿Member State,﻿Germany,﻿Hessen,﻿DEU007
﻿DEU,﻿DE,﻿DEU,﻿Other,﻿Member State,﻿Germany,﻿Hamburg,﻿DEU006
﻿DEU,﻿DE,﻿DEU,﻿Other,﻿Member State,﻿Germany,﻿Mecklenburg-Vorpommern,﻿DEU008
﻿DEU,﻿DE,﻿DEU,﻿Other,﻿Member State,﻿Germany,﻿Rheinland-Pfalz,﻿DEU011
﻿DEU,﻿DE,﻿DEU,﻿Other,﻿Member State,﻿Germany,﻿Schleswig-Holstein,﻿DEU015
﻿DEU,﻿DE,﻿DEU,﻿Other,﻿Member State,﻿Germany,﻿Saarland,﻿DEU012
﻿DEU,﻿DE,﻿DEU,﻿Other,﻿Member State,﻿Germany,﻿Sachsen,﻿DEU013
﻿DEU,﻿DE,﻿DEU,﻿Other,﻿Member State,﻿Germany,﻿Sachsen-Anhalt,﻿DEU014
﻿DEU,﻿DE,﻿DEU,﻿Other,﻿Member State,﻿Germany,﻿Thüringen,﻿DEU016
﻿DNK,﻿DK,﻿DNK,﻿Other,﻿Member State,﻿Denmark,﻿Midtjylland,﻿DNK002
﻿DNK,﻿DK,﻿DNK,﻿Other,﻿Member State,﻿Denmark,﻿Nordjylland,﻿DNK003
﻿DNK,﻿DK,﻿DNK,﻿Other,﻿Member State,﻿Denmark,﻿Syddanmark,﻿DNK004
﻿DNK,﻿DK,﻿DNK,﻿Other,﻿Member State,﻿Denmark,﻿Sjælland,﻿DNK005
﻿DZA,﻿DZ,﻿DZA,﻿MENAAP,﻿Member State,﻿Algeria,﻿Ain-Defla,﻿DZA002
﻿DZA,﻿DZ,﻿DZA,﻿MENAAP,﻿Member State,﻿Algeria,﻿Medea,﻿DZA028
﻿FRA,﻿FR,﻿FRA,﻿Other,﻿Member State,﻿France,﻿Grand Est,﻿FRA002
﻿FRA,﻿FR,﻿FRA,﻿Other,﻿Member State,﻿France,﻿Nouvelle-Aquitaine,﻿FRA003
﻿FRA,﻿FR,﻿FRA,﻿Other,﻿Member State,﻿France,﻿Auvergne-Rhône-Alpes,﻿FRA004
﻿FRA,﻿FR,﻿FRA,﻿Other,﻿Member State,﻿France,﻿Normandie,﻿FRA005
﻿FRA,﻿FR,﻿FRA,﻿Other,﻿Member State,﻿France,﻿Bourgogne-Franche-Comté,﻿FRA006
﻿FRA,﻿FR,﻿FRA,﻿Other,﻿Member State,﻿France,﻿Centre-Val de Loire,﻿FRA008
﻿FRA,﻿FR,﻿FRA,﻿Other,﻿Member State,﻿France,﻿Occitanie,﻿FRA014
﻿FRA,﻿FR,﻿FRA,﻿Other,﻿Member State,﻿France,﻿Pays-de-la-Loire,﻿FRA019
﻿FRA,﻿FR,﻿FRA,﻿Other,﻿Member State,﻿France,﻿Hauts-de-France,﻿FRA018
﻿FRA,﻿FR,﻿FRA,﻿Other,﻿Member State,﻿France,﻿Provence-Alpes-Côte d'Azur,﻿FRA022
﻿FRA,﻿FR,﻿FRA,﻿Other,﻿Member State,﻿France,﻿Corse,﻿FRA010
﻿FRA,﻿FR,﻿FRA,﻿Other,﻿Member State,﻿France,﻿Ile-de-France,﻿FRA013
﻿GRC,﻿GR,﻿GRC,﻿Other,﻿Member State,﻿Greece,﻿Aigaiou,﻿GRC002
﻿GRC,﻿GR,﻿GRC,﻿Other,﻿Member State,﻿Greece,﻿Athos,﻿GRC001
﻿GRC,﻿GR,﻿GRC,﻿Other,﻿Member State,﻿Greece,﻿Attikis,﻿GRC003
﻿GRC,﻿GR,﻿GRC,﻿Other,﻿Member State,﻿Greece,﻿Ēpeirou – Dytikēs Makedonias,﻿GRC004
﻿GRC,﻿GR,﻿GRC,﻿Other,﻿Member State,﻿Greece,"﻿Peloponnísou, Dytikís Elládas kai Ioníou",﻿GRC007
﻿GRC,﻿GR,﻿GRC,﻿Other,﻿Member State,﻿Greece,﻿Thessalias – Stereas Elladas,﻿GRC008
﻿HRV,﻿HR,﻿HRV,﻿ECA,﻿Member State,﻿Croatia,﻿Bjelovar-Bilogora,﻿HRV001
﻿HRV,﻿HR,﻿HRV,﻿ECA,﻿Member State,﻿Croatia,﻿Dubrovnik-Neretva,﻿HRV002
﻿HRV,﻿HR,﻿HRV,﻿ECA,﻿Member State,﻿Croatia,﻿Grad Zagreb,﻿HRV003
﻿HRV,﻿HR,﻿HRV,﻿ECA,﻿Member State,﻿Croatia,﻿Istria,﻿HRV004
﻿HRV,﻿HR,﻿HRV,﻿ECA,﻿Member State,﻿Croatia,﻿Karlovac,﻿HRV005
﻿HRV,﻿HR,﻿HRV,﻿ECA,﻿Member State,﻿Croatia,﻿Koprivnica-Križevci,﻿HRV006
﻿HRV,﻿HR,﻿HRV,﻿ECA,﻿Member State,﻿Croatia,﻿Krapina-Zagorje,﻿HRV007
﻿HRV,﻿HR,﻿HRV,﻿ECA,﻿Member State,﻿Croatia,﻿Lika-Senj,﻿HRV008
﻿HRV,﻿HR,﻿HRV,﻿ECA,﻿Member State,﻿Croatia,﻿Međimurje,﻿HRV009
﻿HRV,﻿HR,﻿HRV,﻿ECA,﻿Member State,﻿Croatia,﻿Primorje-Gorski Kotar,﻿HRV012
﻿HRV,﻿HR,﻿HRV,﻿ECA,﻿Member State,﻿Croatia,﻿Požega-Slavonia,﻿HRV011
﻿HRV,﻿HR,﻿HRV,﻿ECA,﻿Member State,﻿Croatia,﻿Šibenik-Knin,﻿HRV013
﻿HRV,﻿HR,﻿HRV,﻿ECA,﻿Member State,﻿Croatia,﻿Split-Dalmatia,﻿HRV016
﻿HRV,﻿HR,﻿HRV,﻿ECA,﻿Member State,﻿Croatia,﻿Sisak-Moslavina,﻿HRV014
﻿HRV,﻿HR,﻿HRV,﻿ECA,﻿Member State,﻿Croatia,﻿Brod-Posavina,﻿HRV015
﻿HRV,﻿HR,﻿HRV,﻿ECA,﻿Member State,﻿Croatia,﻿Varaždin,﻿HRV017
﻿HRV,﻿HR,﻿HRV,﻿ECA,﻿Member State,﻿Croatia,﻿Virovitica-Podravina,﻿HRV018
﻿HRV,﻿HR,﻿HRV,﻿ECA,﻿Member State,﻿Croatia,﻿Zadar,﻿HRV020
﻿HRV,﻿HR,﻿HRV,﻿ECA,﻿Member State,﻿Croatia,﻿Zagreb,﻿HRV021
﻿HUN,﻿HU,﻿HUN,﻿ECA,﻿Member State,﻿Hungary,﻿Nyugat-Dunántúl,﻿HUN008
﻿ITA,﻿IT,﻿ITA,﻿Other,﻿Member State,﻿Italy,﻿Abruzzo,﻿ITA001
﻿ITA,﻿IT,﻿ITA,﻿Other,﻿Member State,﻿Italy,﻿Campania,﻿ITA004
﻿ITA,﻿IT,﻿ITA,﻿Other,﻿Member State,﻿Italy,﻿Emilia-romagna,﻿ITA005
﻿ITA,﻿IT,﻿ITA,﻿Other,﻿Member State,﻿Italy,﻿Friuli-venezia Giulia,﻿ITA006
﻿ITA,﻿IT,﻿ITA,﻿Other,﻿Member State,﻿Italy,﻿Liguria,﻿ITA008
﻿ITA,﻿IT,﻿ITA,﻿Other,﻿Member State,﻿Italy,﻿Lombardia,﻿ITA009
﻿ITA,﻿IT,﻿ITA,﻿Other,﻿Member State,﻿Italy,﻿Lazio,﻿ITA007
﻿ITA,﻿IT,﻿ITA,﻿Other,﻿Member State,﻿Italy,﻿Marche,﻿ITA010
﻿ITA,﻿IT,﻿ITA,﻿Other,﻿Member State,﻿Italy,﻿Molise,﻿ITA011
﻿ITA,﻿IT,﻿ITA,﻿Other,﻿Member State,﻿Italy,﻿Piemonte,﻿ITA012
﻿ITA,﻿IT,﻿ITA,﻿Other,﻿Member State,﻿Italy,﻿Sicilia,﻿ITA015
﻿ITA,﻿IT,﻿ITA,﻿Other,﻿Member State,﻿Italy,﻿Sardegna,﻿ITA014
﻿ITA,﻿IT,﻿ITA,﻿Other,﻿Member State,﻿Italy,﻿Toscana,﻿ITA016
﻿ITA,﻿IT,﻿ITA,﻿Other,﻿Member State,﻿Italy,﻿Trentino-alto Adige,﻿ITA017
﻿ITA,﻿IT,﻿ITA,﻿Other,﻿Member State,﻿Italy,﻿Umbria,﻿ITA018
﻿ITA,﻿IT,﻿ITA,﻿Other,﻿Member State,﻿Italy,﻿Veneto,﻿ITA020
﻿LIE,﻿LI,﻿LIE,﻿Other,﻿Non Member State,﻿Liechtenstein,﻿Balzers,﻿LIE001
﻿LIE,﻿LI,﻿LIE,﻿Other,﻿Non Member State,﻿Liechtenstein,﻿Eschen,﻿LIE002
﻿LIE,﻿LI,﻿LIE,﻿Other,﻿Non Member State,﻿Liechtenstein,﻿Gamprin,﻿LIE003
﻿LIE,﻿LI,﻿LIE,﻿Other,﻿Non Member State,﻿Liechtenstein,﻿Mauren,﻿LIE004
﻿LIE,﻿LI,﻿LIE,﻿Other,﻿Non Member State,﻿Liechtenstein,﻿Planken,﻿LIE005
﻿LIE,﻿LI,﻿LIE,﻿Other,﻿Non Member State,﻿Liechtenstein,﻿Ruggell,﻿LIE006
﻿LIE,﻿LI,﻿LIE,﻿Other,﻿Non Member State,﻿Liechtenstein,﻿Schellenberg,﻿LIE008
﻿LIE,﻿LI,﻿LIE,﻿Other,﻿Non Member State,﻿Liechtenstein,﻿Schaan,﻿LIE007
﻿LIE,﻿LI,﻿LIE,﻿Other,﻿Non Member State,﻿Liechtenstein,﻿Triesenberg,﻿LIE010
﻿LIE,﻿LI,﻿LIE,﻿Other,﻿Non Member State,﻿Liechtenstein,﻿Triesen,﻿LIE009
﻿LIE,﻿LI,﻿LIE,﻿Other,﻿Non Member State,﻿Liechtenstein,﻿Vaduz,﻿LIE011
﻿LUX,﻿LU,﻿LUX,﻿Other,﻿Member State,﻿Luxembourg,﻿Diekirch,﻿LUX001
﻿LUX,﻿LU,﻿LUX,﻿Other,﻿Member State,﻿Luxembourg,﻿Grevenmacher,﻿LUX002
﻿LUX,﻿LU,﻿LUX,﻿Other,﻿Member State,﻿Luxembourg,﻿Luxembourg,﻿LUX003
﻿LVA,﻿LV,﻿LVA,﻿ECA,﻿Member State,﻿Latvia,﻿Liepāja,﻿LVA017
﻿MLT,﻿MT,﻿MLT,﻿MENAAP,﻿Member State,﻿Malta,﻿Eastern,﻿MLT001
﻿MLT,﻿MT,﻿MLT,﻿MENAAP,﻿Member State,﻿Malta,﻿Gozo,﻿MLT002
﻿MLT,﻿MT,﻿MLT,﻿MENAAP,﻿Member State,﻿Malta,﻿Northern,﻿MLT003
﻿MLT,﻿MT,﻿MLT,﻿MENAAP,﻿Member State,﻿Malta,﻿Port,﻿MLT004
﻿MLT,﻿MT,﻿MLT,﻿MENAAP,﻿Member State,﻿Malta,﻿Southern,﻿MLT005
﻿MNE,﻿ME,﻿MNE,﻿ECA,﻿Member State,﻿Montenegro,﻿Bar,﻿MNE002
﻿MNE,﻿ME,﻿MNE,﻿ECA,﻿Member State,﻿Montenegro,﻿Budva,﻿MNE005
﻿MNE,﻿ME,﻿MNE,﻿ECA,﻿Member State,﻿Montenegro,﻿Cetinje,﻿MNE006
﻿MNE,﻿ME,﻿MNE,﻿ECA,﻿Member State,﻿Montenegro,﻿Danilovgrad,﻿MNE007
﻿MNE,﻿ME,﻿MNE,﻿ECA,﻿Member State,﻿Montenegro,﻿Herceg Novi,﻿MNE008
﻿MNE,﻿ME,﻿MNE,﻿ECA,﻿Member State,﻿Montenegro,﻿Kotor,﻿MNE010
﻿MNE,﻿ME,﻿MNE,﻿ECA,﻿Member State,﻿Montenegro,﻿Niksic,﻿MNE012
﻿MNE,﻿ME,﻿MNE,﻿ECA,﻿Member State,﻿Montenegro,﻿Podgorica,﻿MNE016
﻿MNE,﻿ME,﻿MNE,﻿ECA,﻿Member State,﻿Montenegro,﻿Pluzine,﻿MNE015
﻿MNE,﻿ME,﻿MNE,﻿ECA,﻿Member State,﻿Montenegro,﻿Savnik,﻿MNE018
﻿MNE,﻿ME,﻿MNE,﻿ECA,﻿Member State,﻿Montenegro,﻿Tivat,﻿MNE019
﻿MNE,﻿ME,﻿MNE,﻿ECA,﻿Member State,﻿Montenegro,﻿Ulcinj,﻿MNE020
﻿MNE,﻿ME,﻿MNE,﻿ECA,﻿Member State,﻿Montenegro,﻿Zabljak,﻿MNE021
﻿NOR,﻿NO,﻿NOR,﻿Other,﻿Member State,﻿Norway,﻿Agder,﻿NOR001
﻿NOR,﻿NO,﻿NOR,﻿Other,﻿Member State,﻿Norway,﻿Rogaland,﻿NOR009
﻿NOR,﻿NO,﻿NOR,﻿Other,﻿Member State,﻿Norway,﻿Vestland,﻿NOR014
﻿POL,﻿PL,﻿POL,﻿ECA,﻿Member State,﻿Poland,﻿Zachodniopomorskie,﻿POL016
﻿RUS,﻿RU,﻿RUS,﻿ECA,﻿Member State,﻿Russian Federation,﻿Kaluzhskaya Oblast,﻿RUS025
﻿RUS,﻿RU,﻿RUS,﻿ECA,﻿Member State,﻿Russian Federation,﻿Karelya Rep.,﻿RUS028
﻿RUS,﻿RU,﻿RUS,﻿ECA,﻿Member State,﻿Russian Federation,﻿Khanty-mansyiskiy Okrug,﻿RUS032
﻿RUS,﻿RU,﻿RUS,﻿ECA,﻿Member State,﻿Russian Federation,﻿Leningradskaya Oblast,﻿RUS042
﻿RUS,﻿RU,﻿RUS,﻿ECA,﻿Member State,﻿Russian Federation,﻿Murmanskaya Oblast,﻿RUS049
﻿RUS,﻿RU,﻿RUS,﻿ECA,﻿Member State,﻿Russian Federation,﻿Novgorodskaya Oblast,﻿RUS053
﻿RUS,﻿RU,﻿RUS,﻿ECA,﻿Member State,﻿Russian Federation,﻿Omskaya Oblast,﻿RUS055
﻿RUS,﻿RU,﻿RUS,﻿ECA,﻿Member State,﻿Russian Federation,﻿Smolenskaya Oblast,﻿RUS070
﻿RUS,﻿RU,﻿RUS,﻿ECA,﻿Member State,﻿Russian Federation,﻿Tverskaya Oblast,﻿RUS078
﻿RUS,﻿RU,﻿RUS,﻿ECA,﻿Member State,﻿Russian Federation,﻿Tyumenskaya Oblast,﻿RUS079
﻿RUS,﻿RU,﻿RUS,﻿ECA,﻿Member State,﻿Russian Federation,﻿Yamalo-nenetskiy Okrug,﻿RUS088
﻿SMR,﻿SM,﻿SMR,﻿Other,﻿Member State,﻿San Marino,﻿Administrative unit not available,﻿SMR001
﻿SVK,﻿SK,﻿SVK,﻿ECA,﻿Member State,﻿Slovak Republic,﻿Bratislava,﻿SVK002
﻿SVN,﻿SI,﻿SVN,﻿ECA,﻿Member State,﻿Slovenia,﻿Jugovzhodna Slovenija,﻿SVN003
﻿SVN,﻿SI,﻿SVN,﻿ECA,﻿Member State,﻿Slovenia,﻿Gorenjska,﻿SVN001
﻿SVN,﻿SI,﻿SVN,﻿ECA,﻿Member State,﻿Slovenia,﻿Obalno-Kraška,﻿SVN006
﻿SVN,﻿SI,﻿SVN,﻿ECA,﻿Member State,﻿Slovenia,﻿Koroška,﻿SVN004
﻿SVN,﻿SI,﻿SVN,﻿ECA,﻿Member State,﻿Slovenia,﻿Osrednjeslovenska,﻿SVN007
﻿SVN,﻿SI,﻿SVN,﻿ECA,﻿Member State,﻿Slovenia,﻿Primorsko-Notranjska,﻿SVN005
﻿SVN,﻿SI,﻿SVN,﻿ECA,﻿Member State,﻿Slovenia,﻿Podravska,﻿SVN008
﻿SVN,﻿SI,﻿SVN,﻿ECA,﻿Member State,﻿Slovenia,﻿Pomurska,﻿SVN009
﻿SVN,﻿SI,﻿SVN,﻿ECA,﻿Member State,﻿Slovenia,﻿Posavska,﻿SVN011
﻿SVN,﻿SI,﻿SVN,﻿ECA,﻿Member State,﻿Slovenia,﻿Savinjska,﻿SVN010
﻿SVN,﻿SI,﻿SVN,﻿ECA,﻿Member State,﻿Slovenia,﻿Goriška,﻿SVN002
﻿SVN,﻿SI,﻿SVN,﻿ECA,﻿Member State,﻿Slovenia,﻿Zasavska,﻿SVN012
﻿SWE,﻿SE,﻿SWE,﻿Other,﻿Member State,﻿Sweden,﻿Gotland,﻿SWE004
﻿SWE,﻿SE,﻿SWE,﻿Other,﻿Member State,﻿Sweden,﻿Kalmar,﻿SWE008
﻿TUN,﻿TN,﻿TUN,﻿MENAAP,﻿Member State,﻿Tunisia,﻿Ariana,﻿TUN024
﻿TUN,﻿TN,﻿TUN,﻿MENAAP,﻿Member State,﻿Tunisia,﻿Beja,﻿TUN002
﻿TUN,﻿TN,﻿TUN,﻿MENAAP,﻿Member State,﻿Tunisia,﻿Ben arous,﻿TUN003
﻿TUN,﻿TN,﻿TUN,﻿MENAAP,﻿Member State,﻿Tunisia,﻿Bizerte,﻿TUN004
﻿TUN,﻿TN,﻿TUN,﻿MENAAP,﻿Member State,﻿Tunisia,﻿Jendouba,﻿TUN007
﻿TUN,﻿TN,﻿TUN,﻿MENAAP,﻿Member State,﻿Tunisia,﻿Manouba,﻿TUN025
﻿TUN,﻿TN,﻿TUN,﻿MENAAP,﻿Member State,﻿Tunisia,﻿Nabeul,﻿TUN015
﻿TUN,﻿TN,﻿TUN,﻿MENAAP,﻿Member State,﻿Tunisia,﻿Tunis,﻿TUN022
﻿TUR,﻿TR,﻿TUR,﻿ECA,﻿Member State,﻿Türkiye,﻿Mugla,﻿TUR058
﻿VAT,﻿VA,﻿VAT,﻿Other,﻿Non Member State,﻿Vatican City,﻿Administrative unit not available,﻿VAT001
﻿AND,﻿AD,﻿ADO,﻿Other,﻿Member State,﻿Andorra,﻿Andorra La Vella,﻿AND001
﻿AND,﻿AD,﻿ADO,﻿Other,﻿Member State,﻿Andorra,﻿Canillo,﻿AND002
﻿AND,﻿AD,﻿ADO,﻿Other,﻿Member State,﻿Andorra,﻿Escaldes-engordany,﻿AND004
﻿AND,﻿AD,﻿ADO,﻿Other,﻿Member State,﻿Andorra,﻿Encamp,﻿AND003
﻿AND,﻿AD,﻿ADO,﻿Other,﻿Member State,﻿Andorra,﻿Sant Julia De Loria,﻿AND007
﻿AND,﻿AD,﻿ADO,﻿Other,﻿Member State,﻿Andorra,﻿La Massana,﻿AND005
﻿AND,﻿AD,﻿ADO,﻿Other,﻿Member State,﻿Andorra,﻿Ordino,﻿AND006
﻿BEL,﻿BE,﻿BEL,﻿Other,﻿Member State,﻿Belgium,﻿Region de Bruxelles-Capitale / Brussels Hoofdstedelijk Gewes,﻿BEL001
﻿BEL,﻿BE,﻿BEL,﻿Other,﻿Member State,﻿Belgium,﻿Vlaams Gewest,﻿BEL003
﻿DEU,﻿DE,﻿DEU,﻿Other,﻿Member State,﻿Germany,﻿Bremen,﻿DEU005
﻿DEU,﻿DE,﻿DEU,﻿Other,﻿Member State,﻿Germany,﻿Niedersachsen,﻿DEU009
﻿DEU,﻿DE,﻿DEU,﻿Other,﻿Member State,﻿Germany,﻿Nordrhein-Westfalen,﻿DEU010
﻿DZA,﻿DZ,﻿DZA,﻿MENAAP,﻿Member State,﻿Algeria,﻿Annaba,﻿DZA005
﻿DZA,﻿DZ,﻿DZA,﻿MENAAP,﻿Member State,﻿Algeria,﻿Blida,﻿DZA010
﻿DZA,﻿DZ,﻿DZA,﻿MENAAP,﻿Member State,﻿Algeria,﻿Chlef,﻿DZA014
﻿DZA,﻿DZ,﻿DZA,﻿MENAAP,﻿Member State,﻿Algeria,﻿Constantine,﻿DZA015
﻿DZA,﻿DZ,﻿DZA,﻿MENAAP,﻿Member State,﻿Algeria,﻿El-Tarf,﻿DZA019
﻿DZA,﻿DZ,﻿DZA,﻿MENAAP,﻿Member State,﻿Algeria,﻿Guelma,﻿DZA021
﻿DZA,﻿DZ,﻿DZA,﻿MENAAP,﻿Member State,﻿Algeria,﻿Jijel,﻿DZA023
﻿DZA,﻿DZ,﻿DZA,﻿MENAAP,﻿Member State,﻿Algeria,﻿Mostaganem,﻿DZA030
﻿DZA,﻿DZ,﻿DZA,﻿MENAAP,﻿Member State,﻿Algeria,﻿Mila,﻿DZA029
﻿DZA,﻿DZ,﻿DZA,﻿MENAAP,﻿Member State,﻿Algeria,﻿Relizane,﻿DZA035
﻿DZA,﻿DZ,﻿DZA,﻿MENAAP,﻿Member State,﻿Algeria,﻿Souk-Ahras,﻿DZA040
﻿DZA,﻿DZ,﻿DZA,﻿MENAAP,﻿Member State,﻿Algeria,﻿Skikda,﻿DZA039
﻿DZA,﻿DZ,﻿DZA,﻿MENAAP,﻿Member State,﻿Algeria,﻿Tipaza,﻿DZA045
﻿DZA,﻿DZ,﻿DZA,﻿MENAAP,﻿Member State,﻿Algeria,﻿Tissemsilt,﻿DZA046
﻿ESP,﻿ES,﻿ESP,﻿Other,﻿Member State,﻿Spain,﻿Aragón,﻿ESP003
﻿ESP,﻿ES,﻿ESP,﻿Other,﻿Member State,﻿Spain,﻿Cataluña,﻿ESP008
﻿ESP,﻿ES,﻿ESP,﻿Other,﻿Member State,﻿Spain,﻿Illes Balears,﻿ESP016
﻿ESP,﻿ES,﻿ESP,﻿Other,﻿Member State,﻿Spain,﻿Comunitat Valenciana,﻿ESP013
﻿FIN,﻿FI,﻿FIN,﻿Other,﻿Member State,﻿Finland,﻿Länsi- ja Sisä-Suomen aluehallintovirasto,﻿FIN005
﻿FIN,﻿FI,﻿FIN,﻿Other,﻿Member State,﻿Finland,﻿Lapin aluehallintovirasto,﻿FIN002
﻿FRA,﻿FR,﻿FRA,﻿Other,﻿Member State,﻿France,﻿Bretagne,﻿FRA007
﻿GBR,﻿GB,﻿GBR,﻿Other,﻿Member State,﻿United Kingdom,﻿England,﻿GBR002
﻿GBR,﻿GB,﻿GBR,﻿Other,﻿Member State,﻿United Kingdom,﻿Wales,﻿GBR005
﻿ITA,﻿IT,﻿ITA,﻿Other,﻿Member State,﻿Italy,﻿Valle D'aosta,﻿ITA019
﻿JEY,﻿JE,﻿JEY,﻿Other,﻿Territory,﻿Jersey (U.K.),﻿Brelade,﻿JEY001
﻿JEY,﻿JE,﻿JEY,﻿Other,﻿Territory,﻿Jersey (U.K.),﻿Saint Clement,﻿JEY003
﻿JEY,﻿JE,﻿JEY,﻿Other,﻿Territory,﻿Jersey (U.K.),﻿Grouville,﻿JEY002
﻿JEY,﻿JE,﻿JEY,﻿Other,﻿Territory,﻿Jersey (U.K.),﻿Saint Helier,﻿JEY004
﻿JEY,﻿JE,﻿JEY,﻿Other,﻿Territory,﻿Jersey (U.K.),﻿Saint Lawrence,﻿JEY006
﻿JEY,﻿JE,﻿JEY,﻿Other,﻿Territory,﻿Jersey (U.K.),﻿Saint Martin,﻿JEY007
﻿JEY,﻿JE,﻿JEY,﻿Other,﻿Territory,﻿Jersey (U.K.),﻿Saint Ouen,﻿JEY009
﻿JEY,﻿JE,﻿JEY,﻿Other,﻿Territory,﻿Jersey (U.K.),﻿Saint Peter,﻿JEY010
﻿JEY,﻿JE,﻿JEY,﻿Other,﻿Territory,﻿Jersey (U.K.),﻿Saint Saviour,﻿JEY011
﻿MCO,﻿MC,﻿MCO,﻿Other,﻿Non Member State,﻿Monaco,﻿Administrative unit not available,﻿MCO001
﻿NLD,﻿NL,﻿NLD,﻿Other,﻿Member State,﻿Netherlands,﻿Drenthe,﻿NLD001
﻿NLD,﻿NL,﻿NLD,﻿Other,﻿Member State,﻿Netherlands,﻿Flevoland,﻿NLD002
﻿NLD,﻿NL,﻿NLD,﻿Other,﻿Member State,﻿Netherlands,﻿Gelderland,﻿NLD004
﻿NLD,﻿NL,﻿NLD,﻿Other,﻿Member State,﻿Netherlands,﻿Groningen,﻿NLD005
﻿NLD,﻿NL,﻿NLD,﻿Other,﻿Member State,﻿Netherlands,﻿Limburg,﻿NLD006
﻿NLD,﻿NL,﻿NLD,﻿Other,﻿Member State,﻿Netherlands,﻿Noord-Brabant,﻿NLD007
﻿NLD,﻿NL,﻿NLD,﻿Other,﻿Member State,﻿Netherlands,﻿Overijssel,﻿NLD009
﻿NLD,﻿NL,﻿NLD,﻿Other,﻿Member State,﻿Netherlands,﻿Utrecht,﻿NLD010
﻿NLD,﻿NL,﻿NLD,﻿Other,﻿Member State,﻿Netherlands,﻿Zeeland,﻿NLD011
﻿NLD,﻿NL,﻿NLD,﻿Other,﻿Member State,﻿Netherlands,﻿Zuid-Holland,﻿NLD012
﻿TUN,﻿TN,﻿TUN,﻿MENAAP,﻿Member State,﻿Tunisia,﻿Le kef,﻿TUN011
﻿BEN,﻿BJ,﻿BEN,﻿AFR,﻿Member State,﻿Benin,﻿Alibori,﻿BEN001
﻿BEN,﻿BJ,﻿BEN,﻿AFR,﻿Member State,﻿Benin,﻿Atacora,﻿BEN002
﻿BEN,﻿BJ,﻿BEN,﻿AFR,﻿Member State,﻿Benin,﻿Borgou,﻿BEN004
﻿BEN,﻿BJ,﻿BEN,﻿AFR,﻿Member State,﻿Benin,﻿Collines,﻿BEN005
﻿BEN,﻿BJ,﻿BEN,﻿AFR,﻿Member State,﻿Benin,﻿Donga,﻿BEN007
﻿BEN,﻿BJ,﻿BEN,﻿AFR,﻿Member State,﻿Benin,﻿Zou,﻿BEN012
﻿BFA,﻿BF,﻿BFA,﻿AFR,﻿Member State,﻿Burkina Faso,﻿Cascades,﻿BFA002
﻿BFA,﻿BF,﻿BFA,﻿AFR,﻿Member State,﻿Burkina Faso,﻿Centre-Sud,﻿BFA007
﻿BFA,﻿BF,﻿BFA,﻿AFR,﻿Member State,﻿Burkina Faso,﻿Sud-Ouest,﻿BFA013
﻿CIV,﻿CI,﻿CIV,﻿AFR,﻿Member State,﻿Côte d'Ivoire,﻿Denguélé,﻿CIV027
﻿CIV,﻿CI,﻿CIV,﻿AFR,﻿Member State,﻿Côte d'Ivoire,﻿Lacs,﻿CIV029
﻿CIV,﻿CI,﻿CIV,﻿AFR,﻿Member State,﻿Côte d'Ivoire,﻿Montagnes,﻿CIV031
﻿CIV,﻿CI,﻿CIV,﻿AFR,﻿Member State,﻿Côte d'Ivoire,﻿Savanes,﻿CIV033
﻿CIV,﻿CI,﻿CIV,﻿AFR,﻿Member State,﻿Côte d'Ivoire,﻿Vallée du Bandama,﻿CIV034
﻿CIV,﻿CI,﻿CIV,﻿AFR,﻿Member State,﻿Côte d'Ivoire,﻿Woroba,﻿CIV035
﻿CIV,﻿CI,﻿CIV,﻿AFR,﻿Member State,﻿Côte d'Ivoire,﻿Zanzan,﻿CIV037
﻿DZA,﻿DZ,﻿DZA,﻿MENAAP,﻿Member State,﻿Algeria,﻿Alger,﻿DZA004
﻿DZA,﻿DZ,﻿DZA,﻿MENAAP,﻿Member State,﻿Algeria,﻿Ain-Temouchent,﻿DZA003
﻿DZA,﻿DZ,﻿DZA,﻿MENAAP,﻿Member State,﻿Algeria,﻿Bordj Bou Arrer,﻿DZA011
﻿DZA,﻿DZ,﻿DZA,﻿MENAAP,﻿Member State,﻿Algeria,﻿Bejaia,﻿DZA008
﻿DZA,﻿DZ,﻿DZA,﻿MENAAP,﻿Member State,﻿Algeria,﻿Boumerdes,﻿DZA013
﻿DZA,﻿DZ,﻿DZA,﻿MENAAP,﻿Member State,﻿Algeria,﻿Biskra,﻿DZA009
﻿DZA,﻿DZ,﻿DZA,﻿MENAAP,﻿Member State,﻿Algeria,﻿Batna,﻿DZA006
﻿DZA,﻿DZ,﻿DZA,﻿MENAAP,﻿Member State,﻿Algeria,﻿Bouira,﻿DZA012
﻿DZA,﻿DZ,﻿DZA,﻿MENAAP,﻿Member State,﻿Algeria,﻿Djelfa,﻿DZA016
﻿DZA,﻿DZ,﻿DZA,﻿MENAAP,﻿Member State,﻿Algeria,﻿El Bayadh,﻿DZA017
﻿DZA,﻿DZ,﻿DZA,﻿MENAAP,﻿Member State,﻿Algeria,﻿El Oued,﻿DZA018
﻿DZA,﻿DZ,﻿DZA,﻿MENAAP,﻿Member State,﻿Algeria,﻿Ghardaia,﻿DZA020
﻿DZA,﻿DZ,﻿DZA,﻿MENAAP,﻿Member State,﻿Algeria,﻿Khenchela,﻿DZA024
﻿DZA,﻿DZ,﻿DZA,﻿MENAAP,﻿Member State,﻿Algeria,﻿Laghouat,﻿DZA025
﻿DZA,﻿DZ,﻿DZA,﻿MENAAP,﻿Member State,﻿Algeria,﻿Mascara,﻿DZA027
﻿DZA,﻿DZ,﻿DZA,﻿MENAAP,﻿Member State,﻿Algeria,﻿M'Sila,﻿DZA026
﻿DZA,﻿DZ,﻿DZA,﻿MENAAP,﻿Member State,﻿Algeria,﻿Naama,﻿DZA031
﻿DZA,﻿DZ,﻿DZA,﻿MENAAP,﻿Member State,﻿Algeria,﻿Oum El Bouaghi,﻿DZA034
﻿DZA,﻿DZ,﻿DZA,﻿MENAAP,﻿Member State,﻿Algeria,﻿Ouargla,﻿DZA033
﻿DZA,﻿DZ,﻿DZA,﻿MENAAP,﻿Member State,﻿Algeria,﻿Oran,﻿DZA032
﻿DZA,﻿DZ,﻿DZA,﻿MENAAP,﻿Member State,﻿Algeria,﻿Sidi Bel Abbes,﻿DZA038
﻿DZA,﻿DZ,﻿DZA,﻿MENAAP,﻿Member State,﻿Algeria,﻿Saida,﻿DZA036
﻿DZA,﻿DZ,﻿DZA,﻿MENAAP,﻿Member State,﻿Algeria,﻿Setif,﻿DZA037
﻿DZA,﻿DZ,﻿DZA,﻿MENAAP,﻿Member State,﻿Algeria,﻿Tebessa,﻿DZA042
﻿DZA,﻿DZ,﻿DZA,﻿MENAAP,﻿Member State,﻿Algeria,﻿Tlemcen,﻿DZA048
﻿DZA,﻿DZ,﻿DZA,﻿MENAAP,﻿Member State,﻿Algeria,﻿Tizi Ouzou,﻿DZA047
﻿DZA,﻿DZ,﻿DZA,﻿MENAAP,﻿Member State,﻿Algeria,﻿Tiaret,﻿DZA043
﻿GHA,﻿GH,﻿GHA,﻿AFR,﻿Member State,﻿Ghana,﻿Ashanti,﻿GHA001
﻿GHA,﻿GH,﻿GHA,﻿AFR,﻿Member State,﻿Ghana,﻿Bono,﻿GHA012
﻿GHA,﻿GH,﻿GHA,﻿AFR,﻿Member State,﻿Ghana,﻿Bono East,﻿GHA013
﻿GHA,﻿GH,﻿GHA,﻿AFR,﻿Member State,﻿Ghana,﻿Northern,﻿GHA006
﻿GHA,﻿GH,﻿GHA,﻿AFR,﻿Member State,﻿Ghana,﻿Northern East,﻿GHA015
﻿GHA,﻿GH,﻿GHA,﻿AFR,﻿Member State,﻿Ghana,﻿Oti,﻿GHA016
﻿GHA,﻿GH,﻿GHA,﻿AFR,﻿Member State,﻿Ghana,﻿Savannah,﻿GHA017
﻿GHA,﻿GH,﻿GHA,﻿AFR,﻿Member State,﻿Ghana,﻿Upper East,﻿GHA007
﻿GHA,﻿GH,﻿GHA,﻿AFR,﻿Member State,﻿Ghana,﻿Upper West,﻿GHA008
﻿MLI,﻿ML,﻿MLI,﻿AFR,﻿Member State,﻿Mali,﻿Sikasso,﻿MLI008
﻿NER,﻿NE,﻿NER,﻿AFR,﻿Member State,﻿Niger,﻿Dosso,﻿NER003
﻿NGA,﻿NG,﻿NGA,﻿AFR,﻿Member State,﻿Nigeria,﻿Benue,﻿NGA007
﻿NGA,﻿NG,﻿NGA,﻿AFR,﻿Member State,﻿Nigeria,﻿Ebonyi,﻿NGA011
﻿NGA,﻿NG,﻿NGA,﻿AFR,﻿Member State,﻿Nigeria,﻿Ekiti,﻿NGA013
﻿NGA,﻿NG,﻿NGA,﻿AFR,﻿Member State,﻿Nigeria,﻿Enugu,﻿NGA014
﻿NGA,﻿NG,﻿NGA,﻿AFR,﻿Member State,﻿Nigeria,﻿Federal Capital Territory,﻿NGA015
﻿NGA,﻿NG,﻿NGA,﻿AFR,﻿Member State,﻿Nigeria,﻿Kaduna,﻿NGA019
﻿NGA,﻿NG,﻿NGA,﻿AFR,﻿Member State,﻿Nigeria,﻿Kano,﻿NGA020
﻿NGA,﻿NG,﻿NGA,﻿AFR,﻿Member State,﻿Nigeria,﻿Katsina,﻿NGA021
﻿NGA,﻿NG,﻿NGA,﻿AFR,﻿Member State,﻿Nigeria,﻿Kebbi,﻿NGA022
﻿NGA,﻿NG,﻿NGA,﻿AFR,﻿Member State,﻿Nigeria,﻿Kogi,﻿NGA023
﻿NGA,﻿NG,﻿NGA,﻿AFR,﻿Member State,﻿Nigeria,﻿Kwara,﻿NGA024
﻿NGA,﻿NG,﻿NGA,﻿AFR,﻿Member State,﻿Nigeria,﻿Nassarawa,﻿NGA026
﻿NGA,﻿NG,﻿NGA,﻿AFR,﻿Member State,﻿Nigeria,﻿Niger,﻿NGA027
﻿NGA,﻿NG,﻿NGA,﻿AFR,﻿Member State,﻿Nigeria,﻿Ondo,﻿NGA029
﻿NGA,﻿NG,﻿NGA,﻿AFR,﻿Member State,﻿Nigeria,﻿Oyo,﻿NGA031
﻿NGA,﻿NG,﻿NGA,﻿AFR,﻿Member State,﻿Nigeria,﻿Sokoto,﻿NGA034
﻿NGA,﻿NG,﻿NGA,﻿AFR,﻿Member State,﻿Nigeria,﻿Zamfara,﻿NGA037
﻿TGO,﻿TG,﻿TGO,﻿AFR,﻿Member State,﻿Togo,﻿Centrale,﻿TGO001
﻿TGO,﻿TG,﻿TGO,﻿AFR,﻿Member State,﻿Togo,﻿Kara,﻿TGO002
﻿TGO,﻿TG,﻿TGO,﻿AFR,﻿Member State,﻿Togo,﻿Plateaux,﻿TGO004
﻿TGO,﻿TG,﻿TGO,﻿AFR,﻿Member State,﻿Togo,﻿Savanes,﻿TGO005
﻿TUN,﻿TN,﻿TUN,﻿MENAAP,﻿Member State,﻿Tunisia,﻿Gafsa,﻿TUN006
﻿TUN,﻿TN,﻿TUN,﻿MENAAP,﻿Member State,﻿Tunisia,﻿Kasserine,﻿TUN009
﻿TUN,﻿TN,﻿TUN,﻿MENAAP,﻿Member State,﻿Tunisia,﻿Kebili,﻿TUN010
﻿TUN,﻿TN,﻿TUN,﻿MENAAP,﻿Member State,﻿Tunisia,﻿Tozeur,﻿TUN021
﻿BEN,﻿BJ,﻿BEN,﻿AFR,﻿Member State,﻿Benin,﻿Plateau,﻿BEN011
﻿BFA,﻿BF,﻿BFA,﻿AFR,﻿Member State,﻿Burkina Faso,﻿Boucle du Mouhoun,﻿BFA001
﻿BFA,﻿BF,﻿BFA,﻿AFR,﻿Member State,﻿Burkina Faso,﻿Centre-Est,﻿BFA004
﻿BFA,﻿BF,﻿BFA,﻿AFR,﻿Member State,﻿Burkina Faso,﻿Centre-Nord,﻿BFA005
﻿BFA,﻿BF,﻿BFA,﻿AFR,﻿Member State,﻿Burkina Faso,﻿Centre-Ouest,﻿BFA006
﻿BFA,﻿BF,﻿BFA,﻿AFR,﻿Member State,﻿Burkina Faso,﻿Centre,﻿BFA003
﻿BFA,﻿BF,﻿BFA,﻿AFR,﻿Member State,﻿Burkina Faso,﻿Est,﻿BFA008
﻿BFA,﻿BF,﻿BFA,﻿AFR,﻿Member State,﻿Burkina Faso,﻿Hauts-Bassins,﻿BFA009
﻿BFA,﻿BF,﻿BFA,﻿AFR,﻿Member State,﻿Burkina Faso,﻿Nord,﻿BFA010
﻿BFA,﻿BF,﻿BFA,﻿AFR,﻿Member State,﻿Burkina Faso,﻿Plateau-Central,﻿BFA011
﻿BFA,﻿BF,﻿BFA,﻿AFR,﻿Member State,﻿Burkina Faso,﻿Sahel,﻿BFA012
﻿CMR,﻿CM,﻿CMR,﻿AFR,﻿Member State,﻿Cameroon,﻿Nord-Ouest,﻿CMR007
﻿CMR,﻿CM,﻿CMR,﻿AFR,﻿Member State,﻿Cameroon,﻿Sud-Ouest,﻿CMR010
﻿DZA,﻿DZ,﻿DZA,﻿MENAAP,﻿Member State,﻿Algeria,﻿Adrar,﻿DZA001
﻿DZA,﻿DZ,﻿DZA,﻿MENAAP,﻿Member State,﻿Algeria,﻿Bechar,﻿DZA007
﻿DZA,﻿DZ,﻿DZA,﻿MENAAP,﻿Member State,﻿Algeria,﻿Illizi,﻿DZA022
﻿DZA,﻿DZ,﻿DZA,﻿MENAAP,﻿Member State,﻿Algeria,﻿Tamanrasset,﻿DZA041
﻿DZA,﻿DZ,﻿DZA,﻿MENAAP,﻿Member State,﻿Algeria,﻿Tindouf,﻿DZA044
﻿ESP,﻿ES,﻿ESP,﻿MENAAP,﻿Territory,﻿Ceuta (Sp.),﻿Ciudad Autónoma de Ceuta,﻿ESP021
﻿ESP,﻿ES,﻿ESP,﻿MENAAP,﻿Territory,﻿Melilla (Sp.),﻿Ciudad Autónoma de Melilla,﻿ESP023
﻿ESP,﻿ES,﻿ESP,﻿Other,﻿Member State,﻿Spain,﻿Andalucía,﻿ESP002
﻿ESP,﻿ES,﻿ESP,﻿Other,﻿Member State,﻿Spain,﻿Principado de Asturias,﻿ESP019
﻿ESP,﻿ES,﻿ESP,﻿Other,﻿Member State,﻿Spain,﻿Cantabria,﻿ESP005
﻿ESP,﻿ES,﻿ESP,﻿Other,﻿Member State,﻿Spain,﻿Castilla y León,﻿ESP006
﻿ESP,﻿ES,﻿ESP,﻿Other,﻿Member State,﻿Spain,﻿Castilla-La Mancha,﻿ESP007
﻿ESP,﻿ES,﻿ESP,﻿Other,﻿Member State,﻿Spain,﻿Canarias,﻿ESP004
﻿ESP,﻿ES,﻿ESP,﻿Other,﻿Member State,﻿Spain,﻿Galicia,﻿ESP015
﻿ESP,﻿ES,﻿ESP,﻿Other,﻿Member State,﻿Spain,﻿La Rioja,﻿ESP017
﻿ESP,﻿ES,﻿ESP,﻿Other,﻿Member State,﻿Spain,﻿Comunidad de Madrid,﻿ESP011
﻿ESP,﻿ES,﻿ESP,﻿Other,﻿Member State,﻿Spain,﻿Región de Murcia,﻿ESP020
﻿ESP,﻿ES,﻿ESP,﻿Other,﻿Member State,﻿Spain,﻿Comunidad Foral de Navarra,﻿ESP012
﻿ESP,﻿ES,﻿ESP,﻿Other,﻿Member State,﻿Spain,﻿País Vasco o Euskadi,﻿ESP018
﻿GBR,﻿GB,﻿GBR,﻿Other,﻿Member State,﻿United Kingdom,﻿Northern Ireland,﻿GBR003
﻿GGY,﻿GG,﻿GGY,﻿Other,﻿Territory,﻿Guernsey (U.K.),﻿Alderney,﻿GGY001
﻿GGY,﻿GG,﻿GGY,﻿Other,﻿Territory,﻿Guernsey (U.K.),﻿Saint Andrew,﻿GGY005
﻿GGY,﻿GG,﻿GGY,﻿Other,﻿Territory,﻿Guernsey (U.K.),﻿Castel,﻿GGY002
﻿GGY,﻿GG,﻿GGY,﻿Other,﻿Territory,﻿Guernsey (U.K.),﻿Forest,﻿GGY003
﻿GGY,﻿GG,﻿GGY,﻿Other,﻿Territory,﻿Guernsey (U.K.),﻿Herm,﻿GGY004
﻿GGY,﻿GG,﻿GGY,﻿Other,﻿Territory,﻿Guernsey (U.K.),﻿Saint Martin,﻿GGY006
﻿GGY,﻿GG,﻿GGY,﻿Other,﻿Territory,﻿Guernsey (U.K.),﻿Saint Peter,﻿GGY007
﻿GGY,﻿GG,﻿GGY,﻿Other,﻿Territory,﻿Guernsey (U.K.),﻿Saint Peter Port,﻿GGY008
﻿GGY,﻿GG,﻿GGY,﻿Other,﻿Territory,﻿Guernsey (U.K.),﻿Sark,﻿GGY011
﻿GGY,﻿GG,﻿GGY,﻿Other,﻿Territory,﻿Guernsey (U.K.),﻿Saint Sampson,﻿GGY009
﻿GGY,﻿GG,﻿GGY,﻿Other,﻿Territory,﻿Guernsey (U.K.),﻿Saint Saviour,﻿GGY010
﻿GGY,﻿GG,﻿GGY,﻿Other,﻿Territory,﻿Guernsey (U.K.),﻿Torteval,﻿GGY012
﻿GGY,﻿GG,﻿GGY,﻿Other,﻿Territory,﻿Guernsey (U.K.),﻿Vale,﻿GGY013
﻿GIB,﻿GI,﻿GBR,﻿Other,﻿Territory,﻿Gibraltar (U.K.),﻿Gibraltar (U.K.),﻿GIB001
﻿GIN,﻿GN,﻿GIN,﻿AFR,﻿Member State,﻿Guinea,﻿Faranah,﻿GIN003
﻿GIN,﻿GN,﻿GIN,﻿AFR,﻿Member State,﻿Guinea,﻿Kankan,﻿GIN004
﻿GIN,﻿GN,﻿GIN,﻿AFR,﻿Member State,﻿Guinea,﻿Nzerekore,﻿GIN008
﻿IMN,﻿IM,﻿IMY,﻿Other,﻿Territory,﻿Isle of Man (U.K.),﻿Andreas,﻿IMN001
﻿IMN,﻿IM,﻿IMY,﻿Other,﻿Territory,﻿Isle of Man (U.K.),﻿Arbory,﻿IMN002
﻿IMN,﻿IM,﻿IMY,﻿Other,﻿Territory,﻿Isle of Man (U.K.),﻿Ballaugh,﻿IMN003
﻿IMN,﻿IM,﻿IMY,﻿Other,﻿Territory,﻿Isle of Man (U.K.),﻿Braddan,﻿IMN004
﻿IMN,﻿IM,﻿IMY,﻿Other,﻿Territory,﻿Isle of Man (U.K.),﻿Bride,﻿IMN005
﻿IMN,﻿IM,﻿IMY,﻿Other,﻿Territory,﻿Isle of Man (U.K.),﻿Castletown,﻿IMN006
﻿IMN,﻿IM,﻿IMY,﻿Other,﻿Territory,﻿Isle of Man (U.K.),﻿Douglas,﻿IMN007
﻿IMN,﻿IM,﻿IMY,﻿Other,﻿Territory,﻿Isle of Man (U.K.),﻿German,﻿IMN008
﻿IMN,﻿IM,﻿IMY,﻿Other,﻿Territory,﻿Isle of Man (U.K.),﻿Jurby,﻿IMN009
﻿IMN,﻿IM,﻿IMY,﻿Other,﻿Territory,﻿Isle of Man (U.K.),﻿Laxey,﻿IMN010
﻿IMN,﻿IM,﻿IMY,﻿Other,﻿Territory,﻿Isle of Man (U.K.),﻿Lezayre,﻿IMN011
﻿IMN,﻿IM,﻿IMY,﻿Other,﻿Territory,﻿Isle of Man (U.K.),﻿Lonan,﻿IMN012
﻿IMN,﻿IM,﻿IMY,﻿Other,﻿Territory,﻿Isle of Man (U.K.),﻿Malew,﻿IMN013
﻿IMN,﻿IM,﻿IMY,﻿Other,﻿Territory,﻿Isle of Man (U.K.),﻿Marown,﻿IMN014
﻿IMN,﻿IM,﻿IMY,﻿Other,﻿Territory,﻿Isle of Man (U.K.),﻿Maughold,﻿IMN015
﻿IMN,﻿IM,﻿IMY,﻿Other,﻿Territory,﻿Isle of Man (U.K.),﻿Onchan,﻿IMN017
﻿IMN,﻿IM,﻿IMY,﻿Other,﻿Territory,﻿Isle of Man (U.K.),﻿Patrick,﻿IMN018
﻿IMN,﻿IM,﻿IMY,﻿Other,﻿Territory,﻿Isle of Man (U.K.),﻿Peel,﻿IMN019
﻿IMN,﻿IM,﻿IMY,﻿Other,﻿Territory,﻿Isle of Man (U.K.),﻿Port Erin,﻿IMN020
﻿IMN,﻿IM,﻿IMY,﻿Other,﻿Territory,﻿Isle of Man (U.K.),﻿Port St.Mary,﻿IMN021
﻿IMN,﻿IM,﻿IMY,﻿Other,﻿Territory,﻿Isle of Man (U.K.),﻿Ramsey,﻿IMN022
﻿IMN,﻿IM,﻿IMY,﻿Other,﻿Territory,﻿Isle of Man (U.K.),﻿Santan,﻿IMN024
﻿IMN,﻿IM,﻿IMY,﻿Other,﻿Territory,﻿Isle of Man (U.K.),﻿Michael,﻿IMN016
﻿IMN,﻿IM,﻿IMY,﻿Other,﻿Territory,﻿Isle of Man (U.K.),﻿Rushen,﻿IMN023
﻿IRL,﻿IE,﻿IRL,﻿Other,﻿Member State,﻿Ireland,﻿Cavan,﻿IRL002
﻿IRL,﻿IE,﻿IRL,﻿Other,﻿Member State,﻿Ireland,﻿Carlow,﻿IRL001
﻿IRL,﻿IE,﻿IRL,﻿Other,﻿Member State,﻿Ireland,﻿Dublin,﻿IRL006
﻿IRL,﻿IE,﻿IRL,﻿Other,﻿Member State,﻿Ireland,﻿Kildare,﻿IRL009
﻿IRL,﻿IE,﻿IRL,﻿Other,﻿Member State,﻿Ireland,﻿Kilkenny,﻿IRL010
﻿IRL,﻿IE,﻿IRL,﻿Other,﻿Member State,﻿Ireland,﻿Louth,﻿IRL015
﻿IRL,﻿IE,﻿IRL,﻿Other,﻿Member State,﻿Ireland,﻿Laois,﻿IRL011
﻿IRL,﻿IE,﻿IRL,﻿Other,﻿Member State,﻿Ireland,﻿Meath,﻿IRL017
﻿IRL,﻿IE,﻿IRL,﻿Other,﻿Member State,﻿Ireland,﻿Monaghan,﻿IRL018
﻿IRL,﻿IE,﻿IRL,﻿Other,﻿Member State,﻿Ireland,﻿Wicklow,﻿IRL026
﻿IRL,﻿IE,﻿IRL,﻿Other,﻿Member State,﻿Ireland,﻿Wexford,﻿IRL025
﻿JEY,﻿JE,﻿JEY,﻿Other,﻿Territory,﻿Jersey (U.K.),﻿Saint John,﻿JEY005
﻿JEY,﻿JE,﻿JEY,﻿Other,﻿Territory,﻿Jersey (U.K.),﻿Saint Mary,﻿JEY008
﻿JEY,﻿JE,﻿JEY,﻿Other,﻿Territory,﻿Jersey (U.K.),﻿Trinity,﻿JEY012
﻿LBR,﻿LR,﻿LBR,﻿AFR,﻿Member State,﻿Liberia,﻿Bong,﻿LBR002
﻿LBR,﻿LR,﻿LBR,﻿AFR,﻿Member State,﻿Liberia,﻿Grand Gedeh,﻿LBR006
﻿LBR,﻿LR,﻿LBR,﻿AFR,﻿Member State,﻿Liberia,﻿Gbarpolu,﻿LBR003
﻿LBR,﻿LR,﻿LBR,﻿AFR,﻿Member State,﻿Liberia,﻿Lofa,﻿LBR008
﻿LBR,﻿LR,﻿LBR,﻿AFR,﻿Member State,﻿Liberia,﻿Nimba,﻿LBR012
﻿MAR,﻿MA,﻿MAR,﻿MENAAP,﻿Member State,﻿Morocco,﻿Béni Mellal-Khénifra,﻿MAR001
﻿MAR,﻿MA,﻿MAR,﻿MENAAP,﻿Member State,﻿Morocco,﻿Casablanca-Settat,﻿MAR002
﻿MAR,﻿MA,﻿MAR,﻿MENAAP,﻿Member State,﻿Morocco,﻿Drâa-Tafilalet,﻿MAR003
﻿MAR,﻿MA,﻿MAR,﻿MENAAP,﻿Member State,﻿Morocco,﻿Fès-Meknès,﻿MAR004
﻿MAR,﻿MA,﻿MAR,﻿MENAAP,﻿Member State,﻿Morocco,﻿Guelmim-Oued Noun,﻿MAR005
﻿MAR,﻿MA,﻿MAR,﻿MENAAP,﻿Member State,﻿Morocco,﻿Laâyoune-Sakia El Hamra,﻿MAR007
﻿MAR,﻿MA,﻿MAR,﻿MENAAP,﻿Member State,﻿Morocco,﻿Marrakech-Safi,﻿MAR008
﻿MAR,﻿MA,﻿MAR,﻿MENAAP,﻿Member State,﻿Morocco,﻿Oriental,﻿MAR006
﻿MAR,﻿MA,﻿MAR,﻿MENAAP,﻿Member State,﻿Morocco,﻿Rabat-Salé-Kénitra,﻿MAR009
﻿MAR,﻿MA,﻿MAR,﻿MENAAP,﻿Member State,﻿Morocco,﻿Souss-Massa,﻿MAR010
﻿MAR,﻿MA,﻿MAR,﻿MENAAP,﻿Member State,﻿Morocco,﻿Tanger-Tétouan-Al Hoceima,﻿MAR011
﻿MLI,﻿ML,﻿MLI,﻿AFR,﻿Member State,﻿Mali,﻿Bamako,﻿MLI001
﻿MLI,﻿ML,﻿MLI,﻿AFR,﻿Member State,﻿Mali,﻿Gao,﻿MLI002
﻿MLI,﻿ML,﻿MLI,﻿AFR,﻿Member State,﻿Mali,﻿Kayes,﻿MLI003
﻿MLI,﻿ML,﻿MLI,﻿AFR,﻿Member State,﻿Mali,﻿Kidal,﻿MLI004
﻿MLI,﻿ML,﻿MLI,﻿AFR,﻿Member State,﻿Mali,﻿Koulikoro,﻿MLI005
﻿MLI,﻿ML,﻿MLI,﻿AFR,﻿Member State,﻿Mali,﻿Mopti,﻿MLI006
﻿MLI,﻿ML,﻿MLI,﻿AFR,﻿Member State,﻿Mali,﻿Ségou,﻿MLI007
﻿MLI,﻿ML,﻿MLI,﻿AFR,﻿Member State,﻿Mali,﻿Tombouctou,﻿MLI009
﻿MRT,﻿MR,﻿MRT,﻿AFR,﻿Member State,﻿Mauritania,﻿Adrar,﻿MRT001
﻿MRT,﻿MR,﻿MRT,﻿AFR,﻿Member State,﻿Mauritania,﻿Assaba,﻿MRT002
﻿MRT,﻿MR,﻿MRT,﻿AFR,﻿Member State,﻿Mauritania,﻿Brakna,﻿MRT003
﻿MRT,﻿MR,﻿MRT,﻿AFR,﻿Member State,﻿Mauritania,﻿Dakhlet-Nouadhibou,﻿MRT004
﻿MRT,﻿MR,﻿MRT,﻿AFR,﻿Member State,﻿Mauritania,﻿Gorgol,﻿MRT005
﻿MRT,﻿MR,﻿MRT,﻿AFR,﻿Member State,﻿Mauritania,﻿Guidimakha,﻿MRT006
﻿MRT,﻿MR,﻿MRT,﻿AFR,﻿Member State,﻿Mauritania,﻿Hodh Ech Chargi,﻿MRT007
﻿MRT,﻿MR,﻿MRT,﻿AFR,﻿Member State,﻿Mauritania,﻿Hodh El Gharbi,﻿MRT008
﻿MRT,﻿MR,﻿MRT,﻿AFR,﻿Member State,﻿Mauritania,﻿Inchiri,﻿MRT009
﻿MRT,﻿MR,﻿MRT,﻿AFR,﻿Member State,﻿Mauritania,﻿Nouakchott-Nord,﻿MRT014
﻿MRT,﻿MR,﻿MRT,﻿AFR,﻿Member State,﻿Mauritania,﻿Nouakchott-Ouest,﻿MRT015
﻿MRT,﻿MR,﻿MRT,﻿AFR,﻿Member State,﻿Mauritania,﻿Tagant,﻿MRT011
﻿MRT,﻿MR,﻿MRT,﻿AFR,﻿Member State,﻿Mauritania,﻿Tiris-Zemmou,﻿MRT012
﻿MRT,﻿MR,﻿MRT,﻿AFR,﻿Member State,﻿Mauritania,﻿Trarza,﻿MRT013
﻿NER,﻿NE,﻿NER,﻿AFR,﻿Member State,﻿Niger,﻿Agadez,﻿NER001
﻿NER,﻿NE,﻿NER,﻿AFR,﻿Member State,﻿Niger,﻿Communauté Urbaine de Niamey,﻿NER008
﻿NER,﻿NE,﻿NER,﻿AFR,﻿Member State,﻿Niger,﻿Maradi,﻿NER004
﻿NER,﻿NE,﻿NER,﻿AFR,﻿Member State,﻿Niger,﻿Tahoua,﻿NER005
﻿NER,﻿NE,﻿NER,﻿AFR,﻿Member State,﻿Niger,﻿Tillabéri,﻿NER006
﻿NER,﻿NE,﻿NER,﻿AFR,﻿Member State,﻿Niger,﻿Zinder,﻿NER007
﻿NGA,﻿NG,﻿NGA,﻿AFR,﻿Member State,﻿Nigeria,﻿Abia,﻿NGA001
﻿NGA,﻿NG,﻿NGA,﻿AFR,﻿Member State,﻿Nigeria,﻿Akwa lbom,﻿NGA003
﻿NGA,﻿NG,﻿NGA,﻿AFR,﻿Member State,﻿Nigeria,﻿Anambra,﻿NGA004
﻿NGA,﻿NG,﻿NGA,﻿AFR,﻿Member State,﻿Nigeria,﻿Bayelsa,﻿NGA006
﻿NGA,﻿NG,﻿NGA,﻿AFR,﻿Member State,﻿Nigeria,﻿Cross River,﻿NGA009
﻿NGA,﻿NG,﻿NGA,﻿AFR,﻿Member State,﻿Nigeria,﻿Delta,﻿NGA010
﻿NGA,﻿NG,﻿NGA,﻿AFR,﻿Member State,﻿Nigeria,﻿Edo,﻿NGA012
﻿NGA,﻿NG,﻿NGA,﻿AFR,﻿Member State,﻿Nigeria,﻿Imo,﻿NGA017
﻿NGA,﻿NG,﻿NGA,﻿AFR,﻿Member State,﻿Nigeria,﻿Lagos,﻿NGA025
﻿NGA,﻿NG,﻿NGA,﻿AFR,﻿Member State,﻿Nigeria,﻿Ogun,﻿NGA028
﻿NGA,﻿NG,﻿NGA,﻿AFR,﻿Member State,﻿Nigeria,﻿Osun,﻿NGA030
﻿NGA,﻿NG,﻿NGA,﻿AFR,﻿Member State,﻿Nigeria,﻿Rivers,﻿NGA033
﻿PRT,﻿PT,﻿PRT,﻿Other,﻿Member State,﻿Portugal,﻿Bragança,﻿PRT005
﻿PRT,﻿PT,﻿PRT,﻿Other,﻿Member State,﻿Portugal,﻿Beja,﻿PRT003
﻿PRT,﻿PT,﻿PRT,﻿Other,﻿Member State,﻿Portugal,﻿Braga,﻿PRT004
﻿PRT,﻿PT,﻿PRT,﻿Other,﻿Member State,﻿Portugal,﻿Faro,﻿PRT009
﻿PRT,﻿PT,﻿PRT,﻿Other,﻿Member State,﻿Portugal,﻿Guarda,﻿PRT010
﻿PRT,﻿PT,﻿PRT,﻿Other,﻿Member State,﻿Portugal,﻿Madeira,﻿PRT013
﻿PRT,﻿PT,﻿PRT,﻿Other,﻿Member State,﻿Portugal,﻿Porto,﻿PRT015
﻿PRT,﻿PT,﻿PRT,﻿Other,﻿Member State,﻿Portugal,﻿Viseu,﻿PRT020
﻿PRT,﻿PT,﻿PRT,﻿Other,﻿Member State,﻿Portugal,﻿Vila Real,﻿PRT019
﻿SEN,﻿SN,﻿SEN,﻿AFR,﻿Member State,﻿Senegal,﻿Kédougou,﻿SEN019
﻿SEN,﻿SN,﻿SEN,﻿AFR,﻿Member State,﻿Senegal,﻿Matam,﻿SEN014
﻿SEN,﻿SN,﻿SEN,﻿AFR,﻿Member State,﻿Senegal,﻿Tambacounda,﻿SEN022
﻿TUN,﻿TN,﻿TUN,﻿MENAAP,﻿Member State,﻿Tunisia,﻿Tataouine,﻿TUN020
﻿ALA,﻿AX,﻿FIN,﻿Other,﻿Territory,﻿Åland (Fin.),﻿Åland (Fin.),﻿ALA001
﻿BEN,﻿BJ,﻿BEN,﻿AFR,﻿Member State,﻿Benin,﻿Atlantique,﻿BEN003
﻿BEN,﻿BJ,﻿BEN,﻿AFR,﻿Member State,﻿Benin,﻿Couffo,﻿BEN006
﻿BEN,﻿BJ,﻿BEN,﻿AFR,﻿Member State,﻿Benin,﻿Littoral,﻿BEN008
﻿BEN,﻿BJ,﻿BEN,﻿AFR,﻿Member State,﻿Benin,﻿Mono,﻿BEN009
﻿BEN,﻿BJ,﻿BEN,﻿AFR,﻿Member State,﻿Benin,﻿Oueme,﻿BEN010
﻿CIV,﻿CI,﻿CIV,﻿AFR,﻿Member State,﻿Côte d'Ivoire,﻿Abidjan,﻿CIV024
﻿CIV,﻿CI,﻿CIV,﻿AFR,﻿Member State,﻿Côte d'Ivoire,﻿Bas-Sassandra,﻿CIV025
﻿CIV,﻿CI,﻿CIV,﻿AFR,﻿Member State,﻿Côte d'Ivoire,﻿Comoé,﻿CIV026
﻿CIV,﻿CI,﻿CIV,﻿AFR,﻿Member State,﻿Côte d'Ivoire,﻿Gôh-Djiboua,﻿CIV028
﻿CIV,﻿CI,﻿CIV,﻿AFR,﻿Member State,﻿Côte d'Ivoire,﻿Lagunes,﻿CIV030
﻿CIV,﻿CI,﻿CIV,﻿AFR,﻿Member State,﻿Côte d'Ivoire,﻿Sassandra-Marahoué,﻿CIV032
﻿CIV,﻿CI,﻿CIV,﻿AFR,﻿Member State,﻿Côte d'Ivoire,﻿Yamoussoukro,﻿CIV036
﻿CMR,﻿CM,﻿CMR,﻿AFR,﻿Member State,﻿Cameroon,﻿Littoral,﻿CMR005
﻿CPV,﻿CV,﻿CPV,﻿AFR,﻿Member State,﻿Cabo Verde,﻿Boa Vista,﻿CPV001
﻿CPV,﻿CV,﻿CPV,﻿AFR,﻿Member State,﻿Cabo Verde,﻿Brava,﻿CPV002
﻿CPV,﻿CV,﻿CPV,﻿AFR,﻿Member State,﻿Cabo Verde,﻿Maio,﻿CPV003
﻿CPV,﻿CV,﻿CPV,﻿AFR,﻿Member State,﻿Cabo Verde,﻿Mosteiros,﻿CPV004
﻿CPV,﻿CV,﻿CPV,﻿AFR,﻿Member State,﻿Cabo Verde,﻿Paul,﻿CPV005
﻿CPV,﻿CV,﻿CPV,﻿AFR,﻿Member State,﻿Cabo Verde,﻿Porto Novo,﻿CPV006
﻿CPV,﻿CV,﻿CPV,﻿AFR,﻿Member State,﻿Cabo Verde,﻿Praia,﻿CPV018
﻿CPV,﻿CV,﻿CPV,﻿AFR,﻿Member State,﻿Cabo Verde,﻿Ribeira Brava,﻿CPV019
﻿CPV,﻿CV,﻿CPV,﻿AFR,﻿Member State,﻿Cabo Verde,﻿Ribeira Grande,﻿CPV008
﻿CPV,﻿CV,﻿CPV,﻿AFR,﻿Member State,﻿Cabo Verde,﻿Ribeira Grande de Santiago,﻿CPV020
﻿CPV,﻿CV,﻿CPV,﻿AFR,﻿Member State,﻿Cabo Verde,﻿Sal,﻿CPV009
﻿CPV,﻿CV,﻿CPV,﻿AFR,﻿Member State,﻿Cabo Verde,﻿Santa Catarina,﻿CPV021
﻿CPV,﻿CV,﻿CPV,﻿AFR,﻿Member State,﻿Cabo Verde,﻿Santa Catarina do Fogo,﻿CPV022
﻿CPV,﻿CV,﻿CPV,﻿AFR,﻿Member State,﻿Cabo Verde,﻿Santa Cruz,﻿CPV023
﻿CPV,﻿CV,﻿CPV,﻿AFR,﻿Member State,﻿Cabo Verde,﻿São Domingos,﻿CPV012
﻿CPV,﻿CV,﻿CPV,﻿AFR,﻿Member State,﻿Cabo Verde,﻿São Filipe,﻿CPV024
﻿CPV,﻿CV,﻿CPV,﻿AFR,﻿Member State,﻿Cabo Verde,﻿São Lourenço dos Órgãos,﻿CPV025
﻿CPV,﻿CV,﻿CPV,﻿AFR,﻿Member State,﻿Cabo Verde,﻿São Miguel,﻿CPV014
﻿CPV,﻿CV,﻿CPV,﻿AFR,﻿Member State,﻿Cabo Verde,﻿São Salvador do Mundo,﻿CPV026
﻿CPV,﻿CV,﻿CPV,﻿AFR,﻿Member State,﻿Cabo Verde,﻿São Vicente,﻿CPV016
﻿CPV,﻿CV,﻿CPV,﻿AFR,﻿Member State,﻿Cabo Verde,﻿Tarrafal,﻿CPV017
﻿CPV,﻿CV,﻿CPV,﻿AFR,﻿Member State,﻿Cabo Verde,﻿Tarrafal de São Nicolau,﻿CPV027
﻿ESP,﻿ES,﻿ESP,﻿Other,﻿Member State,﻿Spain,﻿Extremadura,﻿ESP014
﻿EST,﻿EE,﻿EST,﻿ECA,﻿Member State,﻿Estonia,﻿Hiiu maakond,﻿EST003
﻿FRO,﻿FO,﻿FRO,﻿Other,﻿Territory,﻿Faroe Islands (Den.),﻿Faroe Islands (Den.),﻿FRO001
﻿GAB,﻿GA,﻿GAB,﻿AFR,﻿Member State,﻿Gabon,﻿Estuaire,﻿GAB001
﻿GAB,﻿GA,﻿GAB,﻿AFR,﻿Member State,﻿Gabon,﻿Ogooue-Maritime,﻿GAB008
﻿GBR,﻿GB,﻿GBR,﻿Other,﻿Member State,﻿United Kingdom,﻿Scotland,﻿GBR004
﻿GHA,﻿GH,﻿GHA,﻿AFR,﻿Member State,﻿Ghana,﻿Ahafo,﻿GHA011
﻿GHA,﻿GH,﻿GHA,﻿AFR,﻿Member State,﻿Ghana,﻿Central,﻿GHA003
﻿GHA,﻿GH,﻿GHA,﻿AFR,﻿Member State,﻿Ghana,﻿Eastern,﻿GHA004
﻿GHA,﻿GH,﻿GHA,﻿AFR,﻿Member State,﻿Ghana,﻿Greater Accra,﻿GHA005
﻿GHA,﻿GH,﻿GHA,﻿AFR,﻿Member State,﻿Ghana,﻿Volta,﻿GHA009
﻿GHA,﻿GH,﻿GHA,﻿AFR,﻿Member State,﻿Ghana,﻿Western,﻿GHA010
﻿GHA,﻿GH,﻿GHA,﻿AFR,﻿Member State,﻿Ghana,﻿Western North,﻿GHA018
﻿GIN,﻿GN,﻿GIN,﻿AFR,﻿Member State,﻿Guinea,﻿Boke,﻿GIN001
﻿GIN,﻿GN,﻿GIN,﻿AFR,﻿Member State,﻿Guinea,﻿Conakry,﻿GIN002
﻿GIN,﻿GN,﻿GIN,﻿AFR,﻿Member State,﻿Guinea,﻿Kindia,﻿GIN005
﻿GIN,﻿GN,﻿GIN,﻿AFR,﻿Member State,﻿Guinea,﻿Labe,﻿GIN006
﻿GIN,﻿GN,﻿GIN,﻿AFR,﻿Member State,﻿Guinea,﻿Mamou,﻿GIN007
﻿GMB,﻿GM,﻿GMB,﻿AFR,﻿Member State,﻿The Gambia,﻿Banjul City Council,﻿GMB001
﻿GMB,﻿GM,﻿GMB,﻿AFR,﻿Member State,﻿The Gambia,﻿Central River North,﻿GMB002
﻿GMB,﻿GM,﻿GMB,﻿AFR,﻿Member State,﻿The Gambia,﻿Central River South,﻿GMB003
﻿GMB,﻿GM,﻿GMB,﻿AFR,﻿Member State,﻿The Gambia,﻿Kanifing Municipal Council,﻿GMB004
﻿GMB,﻿GM,﻿GMB,﻿AFR,﻿Member State,﻿The Gambia,﻿Lower River,﻿GMB005
﻿GMB,﻿GM,﻿GMB,﻿AFR,﻿Member State,﻿The Gambia,﻿North Bank,﻿GMB006
﻿GMB,﻿GM,﻿GMB,﻿AFR,﻿Member State,﻿The Gambia,﻿Upper River,﻿GMB007
﻿GMB,﻿GM,﻿GMB,﻿AFR,﻿Member State,﻿The Gambia,﻿West Coast,﻿GMB008
﻿GNB,﻿GW,﻿GNB,﻿AFR,﻿Member State,﻿Guinea-Bissau,﻿Bafatá,﻿GNB001
﻿GNB,﻿GW,﻿GNB,﻿AFR,﻿Member State,﻿Guinea-Bissau,﻿Bolama/Bijagós,﻿GNB003
﻿GNB,﻿GW,﻿GNB,﻿AFR,﻿Member State,﻿Guinea-Bissau,﻿Biombo,﻿GNB002
﻿GNB,﻿GW,﻿GNB,﻿AFR,﻿Member State,﻿Guinea-Bissau,﻿Sector Autonomo De Bissau,﻿GNB008
﻿GNB,﻿GW,﻿GNB,﻿AFR,﻿Member State,﻿Guinea-Bissau,﻿Cacheu,﻿GNB004
﻿GNB,﻿GW,﻿GNB,﻿AFR,﻿Member State,﻿Guinea-Bissau,﻿Gabú,﻿GNB005
﻿GNB,﻿GW,﻿GNB,﻿AFR,﻿Member State,﻿Guinea-Bissau,﻿Oio,﻿GNB006
﻿GNB,﻿GW,﻿GNB,﻿AFR,﻿Member State,﻿Guinea-Bissau,﻿Quinara,﻿GNB007
﻿GNB,﻿GW,﻿GNB,﻿AFR,﻿Member State,﻿Guinea-Bissau,﻿Tombali,﻿GNB009
﻿GNQ,﻿GQ,﻿GNQ,﻿AFR,﻿Member State,﻿Equatorial Guinea,﻿Bioko Norte,﻿GNQ002
﻿GNQ,﻿GQ,﻿GNQ,﻿AFR,﻿Member State,﻿Equatorial Guinea,﻿Bioko Sur,﻿GNQ003
﻿GNQ,﻿GQ,﻿GNQ,﻿AFR,﻿Member State,﻿Equatorial Guinea,﻿Litoral,﻿GNQ006
﻿IRL,﻿IE,﻿IRL,﻿Other,﻿Member State,﻿Ireland,﻿Clare,﻿IRL003
﻿IRL,﻿IE,﻿IRL,﻿Other,﻿Member State,﻿Ireland,﻿Cork,﻿IRL004
﻿IRL,﻿IE,﻿IRL,﻿Other,﻿Member State,﻿Ireland,﻿Donegal,﻿IRL005
﻿IRL,﻿IE,﻿IRL,﻿Other,﻿Member State,﻿Ireland,﻿Galway,﻿IRL007
﻿IRL,﻿IE,﻿IRL,﻿Other,﻿Member State,﻿Ireland,﻿Kerry,﻿IRL008
﻿IRL,﻿IE,﻿IRL,﻿Other,﻿Member State,﻿Ireland,﻿Longford,﻿IRL014
﻿IRL,﻿IE,﻿IRL,﻿Other,﻿Member State,﻿Ireland,﻿Limerick,﻿IRL013
﻿IRL,﻿IE,﻿IRL,﻿Other,﻿Member State,﻿Ireland,﻿Leitrim,﻿IRL012
﻿IRL,﻿IE,﻿IRL,﻿Other,﻿Member State,﻿Ireland,﻿Mayo,﻿IRL016
﻿IRL,﻿IE,﻿IRL,﻿Other,﻿Member State,﻿Ireland,﻿Offaly,﻿IRL019
﻿IRL,﻿IE,﻿IRL,﻿Other,﻿Member State,﻿Ireland,﻿Roscommon,﻿IRL020
﻿IRL,﻿IE,﻿IRL,﻿Other,﻿Member State,﻿Ireland,﻿Sligo,﻿IRL021
﻿IRL,﻿IE,﻿IRL,﻿Other,﻿Member State,﻿Ireland,﻿Tipperary,﻿IRL022
﻿IRL,﻿IE,﻿IRL,﻿Other,﻿Member State,﻿Ireland,﻿Waterford,﻿IRL023
﻿IRL,﻿IE,﻿IRL,﻿Other,﻿Member State,﻿Ireland,﻿Westmeath,﻿IRL024
﻿LBR,﻿LR,﻿LBR,﻿AFR,﻿Member State,﻿Liberia,﻿Bomi,﻿LBR001
﻿LBR,﻿LR,﻿LBR,﻿AFR,﻿Member State,﻿Liberia,﻿Grand Cape Mount,﻿LBR005
﻿LBR,﻿LR,﻿LBR,﻿AFR,﻿Member State,﻿Liberia,﻿Grand Bassa,﻿LBR004
﻿LBR,﻿LR,﻿LBR,﻿AFR,﻿Member State,﻿Liberia,﻿Grand Kru,﻿LBR007
﻿LBR,﻿LR,﻿LBR,﻿AFR,﻿Member State,﻿Liberia,﻿Margibi,﻿LBR009
﻿LBR,﻿LR,﻿LBR,﻿AFR,﻿Member State,﻿Liberia,﻿Montserrado,﻿LBR011
﻿LBR,﻿LR,﻿LBR,﻿AFR,﻿Member State,﻿Liberia,﻿Maryland,﻿LBR010
﻿LBR,﻿LR,﻿LBR,﻿AFR,﻿Member State,﻿Liberia,﻿River Gee,﻿LBR013
﻿LBR,﻿LR,﻿LBR,﻿AFR,﻿Member State,﻿Liberia,﻿Rivercess,﻿LBR014
﻿LBR,﻿LR,﻿LBR,﻿AFR,﻿Member State,﻿Liberia,﻿Sinoe,﻿LBR015
﻿MRT,﻿MR,﻿MRT,﻿AFR,﻿Member State,﻿Mauritania,﻿Nouakchott-Sud,﻿MRT016
﻿PRT,﻿PT,﻿PRT,﻿Other,﻿Member State,﻿Portugal,﻿Azores,﻿PRT002
﻿PRT,﻿PT,﻿PRT,﻿Other,﻿Member State,﻿Portugal,﻿Aveiro,﻿PRT001
﻿PRT,﻿PT,﻿PRT,﻿Other,﻿Member State,﻿Portugal,﻿Castelo Branco,﻿PRT006
﻿PRT,﻿PT,﻿PRT,﻿Other,﻿Member State,﻿Portugal,﻿Coimbra,﻿PRT007
﻿PRT,﻿PT,﻿PRT,﻿Other,﻿Member State,﻿Portugal,﻿Évora,﻿PRT008
﻿PRT,﻿PT,﻿PRT,﻿Other,﻿Member State,﻿Portugal,﻿Leiria,﻿PRT011
﻿PRT,﻿PT,﻿PRT,﻿Other,﻿Member State,﻿Portugal,﻿Lisboa,﻿PRT012
﻿PRT,﻿PT,﻿PRT,﻿Other,﻿Member State,﻿Portugal,﻿Portalegre,﻿PRT014
﻿PRT,﻿PT,﻿PRT,﻿Other,﻿Member State,﻿Portugal,﻿Santarém,﻿PRT016
﻿PRT,﻿PT,﻿PRT,﻿Other,﻿Member State,﻿Portugal,﻿Setúbal,﻿PRT017
﻿PRT,﻿PT,﻿PRT,﻿Other,﻿Member State,﻿Portugal,﻿Viana Do Castelo,﻿PRT018
﻿RUS,﻿RU,﻿RUS,﻿ECA,﻿Member State,﻿Russian Federation,﻿Evenkiyskiy Okrug,﻿RUS018
﻿RUS,﻿RU,﻿RUS,﻿ECA,﻿Member State,﻿Russian Federation,﻿Taymyrskiy Okrug,﻿RUS075
﻿RUS,﻿RU,﻿RUS,﻿ECA,﻿Member State,﻿Russian Federation,﻿Krasnoyarskiy Kray,﻿RUS039
﻿RUS,﻿RU,﻿RUS,﻿ECA,﻿Member State,﻿Russian Federation,﻿Tyva Rep.,﻿RUS080
﻿SEN,﻿SN,﻿SEN,﻿AFR,﻿Member State,﻿Senegal,﻿Dakar,﻿SEN001
﻿SEN,﻿SN,﻿SEN,﻿AFR,﻿Member State,﻿Senegal,﻿Diourbel,﻿SEN011
﻿SEN,﻿SN,﻿SEN,﻿AFR,﻿Member State,﻿Senegal,﻿Fatick,﻿SEN016
﻿SEN,﻿SN,﻿SEN,﻿AFR,﻿Member State,﻿Senegal,﻿Kaffrine,﻿SEN017
﻿SEN,﻿SN,﻿SEN,﻿AFR,﻿Member State,﻿Senegal,﻿Kaolack,﻿SEN018
﻿SEN,﻿SN,﻿SEN,﻿AFR,﻿Member State,﻿Senegal,﻿Kolda,﻿SEN020
﻿SEN,﻿SN,﻿SEN,﻿AFR,﻿Member State,﻿Senegal,﻿Louga,﻿SEN013
﻿SEN,﻿SN,﻿SEN,﻿AFR,﻿Member State,﻿Senegal,﻿Saint Louis,﻿SEN015
﻿SEN,﻿SN,﻿SEN,﻿AFR,﻿Member State,﻿Senegal,﻿Sédhiou,﻿SEN021
﻿SEN,﻿SN,﻿SEN,﻿AFR,﻿Member State,﻿Senegal,﻿Thiès,﻿SEN009
﻿SEN,﻿SN,﻿SEN,﻿AFR,﻿Member State,﻿Senegal,﻿Ziguinchor,﻿SEN010
﻿SLE,﻿SL,﻿SLE,﻿AFR,﻿Member State,﻿Sierra Leone,﻿Eastern,﻿SLE001
﻿SLE,﻿SL,﻿SLE,﻿AFR,﻿Member State,﻿Sierra Leone,﻿Northern,﻿SLE003
﻿SLE,﻿SL,﻿SLE,﻿AFR,﻿Member State,﻿Sierra Leone,﻿North Western,﻿SLE002
﻿SLE,﻿SL,﻿SLE,﻿AFR,﻿Member State,﻿Sierra Leone,﻿Southern,﻿SLE004
﻿SLE,﻿SL,﻿SLE,﻿AFR,﻿Member State,﻿Sierra Leone,﻿Western Area,﻿SLE005
﻿STP,﻿ST,﻿STP,﻿AFR,﻿Member State,﻿São Tomé and Príncipe,﻿Príncipe,﻿STP001
﻿STP,﻿ST,﻿STP,﻿AFR,﻿Member State,﻿São Tomé and Príncipe,﻿São Tomé,﻿STP002
﻿TGO,﻿TG,﻿TGO,﻿AFR,﻿Member State,﻿Togo,﻿Maritime,﻿TGO003
﻿AUS,﻿AU,﻿AUS,﻿Other,﻿Member State,﻿Australia,﻿New South Wales,﻿AUS004
﻿AUS,﻿AU,﻿AUS,﻿Other,﻿Member State,﻿Australia,﻿Queensland,﻿AUS007
﻿AUS,﻿AU,﻿AUS,﻿Other,﻿Member State,﻿Australia,﻿Western Australia,﻿AUS011
﻿BRN,﻿BN,﻿BRN,﻿Other,﻿Member State,﻿Brunei Darussalam,﻿Belait,﻿BRN001
﻿BRN,﻿BN,﻿BRN,﻿Other,﻿Member State,﻿Brunei Darussalam,﻿Brunei and Muara,﻿BRN002
﻿BRN,﻿BN,﻿BRN,﻿Other,﻿Member State,﻿Brunei Darussalam,﻿Temburong,﻿BRN003
﻿BRN,﻿BN,﻿BRN,﻿Other,﻿Member State,﻿Brunei Darussalam,﻿Tutong,﻿BRN004
﻿FSM,﻿FM,﻿FSM,﻿EAP,﻿Member State,﻿Federated States of Micronesia,﻿Kosrae,﻿FSM002
﻿IDN,﻿ID,﻿IDN,﻿EAP,﻿Member State,﻿Indonesia,﻿Bali,﻿IDN017
﻿IDN,﻿ID,﻿IDN,﻿EAP,﻿Member State,﻿Indonesia,﻿Daerah Istimewa Yogyakarta,﻿IDN014
﻿IDN,﻿ID,﻿IDN,﻿EAP,﻿Member State,﻿Indonesia,﻿DKI Jakarta,﻿IDN011
﻿IDN,﻿ID,﻿IDN,﻿EAP,﻿Member State,﻿Indonesia,﻿Gorontalo,﻿IDN029
﻿IDN,﻿ID,﻿IDN,﻿EAP,﻿Member State,﻿Indonesia,﻿Jawa Barat,﻿IDN012
﻿IDN,﻿ID,﻿IDN,﻿EAP,﻿Member State,﻿Indonesia,﻿Jawa Tengah,﻿IDN013
﻿IDN,﻿ID,﻿IDN,﻿EAP,﻿Member State,﻿Indonesia,﻿Jawa Timur,﻿IDN015
﻿IDN,﻿ID,﻿IDN,﻿EAP,﻿Member State,﻿Indonesia,﻿Kalimantan Barat,﻿IDN020
﻿IDN,﻿ID,﻿IDN,﻿EAP,﻿Member State,﻿Indonesia,﻿Kalimantan Selatan,﻿IDN022
﻿IDN,﻿ID,﻿IDN,﻿EAP,﻿Member State,﻿Indonesia,﻿Kalimantan Tengah,﻿IDN021
﻿IDN,﻿ID,﻿IDN,﻿EAP,﻿Member State,﻿Indonesia,﻿Kalimantan Timur,﻿IDN023
﻿IDN,﻿ID,﻿IDN,﻿EAP,﻿Member State,﻿Indonesia,﻿Maluku,﻿IDN031
﻿IDN,﻿ID,﻿IDN,﻿EAP,﻿Member State,﻿Indonesia,﻿Maluku Utara,﻿IDN032
﻿IDN,﻿ID,﻿IDN,﻿EAP,﻿Member State,﻿Indonesia,﻿Nusa Tenggara Barat,﻿IDN018
﻿IDN,﻿ID,﻿IDN,﻿EAP,﻿Member State,﻿Indonesia,﻿Papua,﻿IDN033
﻿IDN,﻿ID,﻿IDN,﻿EAP,﻿Member State,﻿Indonesia,﻿Papua Pegunungan,﻿IDN038
﻿IDN,﻿ID,﻿IDN,﻿EAP,﻿Member State,﻿Indonesia,﻿Papua Selatan,﻿IDN036
﻿IDN,﻿ID,﻿IDN,﻿EAP,﻿Member State,﻿Indonesia,﻿Papua Tengah,﻿IDN037
﻿IDN,﻿ID,﻿IDN,﻿EAP,﻿Member State,﻿Indonesia,﻿Sulawesi Barat,﻿IDN030
﻿IDN,﻿ID,﻿IDN,﻿EAP,﻿Member State,﻿Indonesia,﻿Sulawesi Selatan,﻿IDN027
﻿IDN,﻿ID,﻿IDN,﻿EAP,﻿Member State,﻿Indonesia,﻿Sulawesi Tengah,﻿IDN026
﻿IDN,﻿ID,﻿IDN,﻿EAP,﻿Member State,﻿Indonesia,﻿Sulawesi Tenggara,﻿IDN028
﻿IDN,﻿ID,﻿IDN,﻿EAP,﻿Member State,﻿Indonesia,﻿Sulawesi Utara,﻿IDN025
﻿KHM,﻿KH,﻿KHM,﻿EAP,﻿Member State,﻿Cambodia,﻿Kratie,﻿KHM011
﻿KHM,﻿KH,﻿KHM,﻿EAP,﻿Member State,﻿Cambodia,﻿Mondul Kiri,﻿KHM012
﻿KHM,﻿KH,﻿KHM,﻿EAP,﻿Member State,﻿Cambodia,﻿Ratanak Kiri,﻿KHM019
﻿KIR,﻿KI,﻿KIR,﻿EAP,﻿Member State,﻿Kiribati,﻿Central,﻿KIR001
﻿KIR,﻿KI,﻿KIR,﻿EAP,﻿Member State,﻿Kiribati,﻿Northern,﻿KIR003
﻿KIR,﻿KI,﻿KIR,﻿EAP,﻿Member State,﻿Kiribati,﻿South Tarawa,﻿KIR005
﻿KIR,﻿KI,﻿KIR,﻿EAP,﻿Member State,﻿Kiribati,﻿Southern,﻿KIR006
﻿LAO,﻿LA,﻿LAO,﻿EAP,﻿Member State,﻿Lao People's Democratic Republic,﻿Attapeu,﻿LAO001
﻿LAO,﻿LA,﻿LAO,﻿EAP,﻿Member State,﻿Lao People's Democratic Republic,﻿Sekong,﻿LAO017
﻿MHL,﻿MH,﻿MHL,﻿EAP,﻿Member State,﻿Marshall Islands,﻿Administrative unit not available,﻿MHL001
﻿MYS,﻿MY,﻿MYS,﻿EAP,﻿Member State,﻿Malaysia,﻿Labuan,﻿MYS005
﻿MYS,﻿MY,﻿MYS,﻿EAP,﻿Member State,﻿Malaysia,﻿Sabah,﻿MYS012
﻿MYS,﻿MY,﻿MYS,﻿EAP,﻿Member State,﻿Malaysia,﻿Sarawak,﻿MYS013
﻿NRU,﻿NR,﻿NRU,﻿EAP,﻿Member State,﻿Naoero,﻿Administrative unit not available,﻿NRU001
﻿PHL,﻿PH,﻿PHL,﻿EAP,﻿Member State,﻿Philippines,﻿Autonomous Region in Muslim Mindanao (ARMM),﻿PHL015
﻿PHL,﻿PH,﻿PHL,﻿EAP,﻿Member State,﻿Philippines,﻿Cordillera Administrative Region (CAR),﻿PHL014
﻿PHL,﻿PH,﻿PHL,﻿EAP,﻿Member State,﻿Philippines,﻿MIMAROPA Region,﻿PHL017
﻿PHL,﻿PH,﻿PHL,﻿EAP,﻿Member State,﻿Philippines,﻿National Capital Region (NCR),﻿PHL013
﻿PHL,﻿PH,﻿PHL,﻿EAP,﻿Member State,﻿Philippines,﻿Region I (Ilocos Region),﻿PHL001
﻿PHL,﻿PH,﻿PHL,﻿EAP,﻿Member State,﻿Philippines,﻿Region III (Central Luzon),﻿PHL003
﻿PHL,﻿PH,﻿PHL,﻿EAP,﻿Member State,﻿Philippines,﻿Region IV-A (CALABARZON),﻿PHL004
﻿PHL,﻿PH,﻿PHL,﻿EAP,﻿Member State,﻿Philippines,﻿Region IX (Zamboanga Peninsula),﻿PHL009
﻿PHL,﻿PH,﻿PHL,﻿EAP,﻿Member State,﻿Philippines,﻿Region V (Bicol Region),﻿PHL005
﻿PHL,﻿PH,﻿PHL,﻿EAP,﻿Member State,﻿Philippines,﻿Region VI (Western Visayas),﻿PHL006
﻿PHL,﻿PH,﻿PHL,﻿EAP,﻿Member State,﻿Philippines,﻿Region VIII (Eastern Visayas),﻿PHL008
﻿PHL,﻿PH,﻿PHL,﻿EAP,﻿Member State,﻿Philippines,﻿Region X (Northern Mindanao),﻿PHL010
﻿PHL,﻿PH,﻿PHL,﻿EAP,﻿Member State,﻿Philippines,﻿Region XI (Davao Region),﻿PHL011
﻿PHL,﻿PH,﻿PHL,﻿EAP,﻿Member State,﻿Philippines,﻿Region XII (SOCCSKSARGEN),﻿PHL012
﻿PHL,﻿PH,﻿PHL,﻿EAP,﻿Member State,﻿Philippines,﻿Region XIII (CARAGA),﻿PHL016
﻿PNG,﻿PG,﻿PNG,﻿EAP,﻿Member State,﻿Papua New Guinea,﻿Chimbu,﻿PNG003
﻿PNG,﻿PG,﻿PNG,﻿EAP,﻿Member State,﻿Papua New Guinea,﻿Enga,﻿PNG007
﻿PNG,﻿PG,﻿PNG,﻿EAP,﻿Member State,﻿Papua New Guinea,﻿Eastern Highlands,﻿PNG006
﻿PNG,﻿PG,﻿PNG,﻿EAP,﻿Member State,﻿Papua New Guinea,﻿Hela,﻿PNG009
﻿PNG,﻿PG,﻿PNG,﻿EAP,﻿Member State,﻿Papua New Guinea,﻿Jiwaka,﻿PNG010
﻿PNG,﻿PG,﻿PNG,﻿EAP,﻿Member State,﻿Papua New Guinea,﻿Madang,﻿PNG011
﻿PNG,﻿PG,﻿PNG,﻿EAP,﻿Member State,﻿Papua New Guinea,﻿Sandaun,﻿PNG018
﻿PNG,﻿PG,﻿PNG,﻿EAP,﻿Member State,﻿Papua New Guinea,﻿Southern Highlands,﻿PNG019
﻿PNG,﻿PG,﻿PNG,﻿EAP,﻿Member State,﻿Papua New Guinea,﻿Western,﻿PNG021
﻿PNG,﻿PG,﻿PNG,﻿EAP,﻿Member State,﻿Papua New Guinea,﻿Western Highlands,﻿PNG022
﻿SLB,﻿SB,﻿SLB,﻿EAP,﻿Member State,﻿Solomon Islands,﻿Central,﻿SLB001
﻿SLB,﻿SB,﻿SLB,﻿EAP,﻿Member State,﻿Solomon Islands,﻿Guadalcanal,﻿SLB003
﻿SLB,﻿SB,﻿SLB,﻿EAP,﻿Member State,﻿Solomon Islands,﻿Honiara,﻿SLB004
﻿SLB,﻿SB,﻿SLB,﻿EAP,﻿Member State,﻿Solomon Islands,﻿Isabel,﻿SLB005
﻿SLB,﻿SB,﻿SLB,﻿EAP,﻿Member State,﻿Solomon Islands,﻿Makira-Ulawa,﻿SLB006
﻿SLB,﻿SB,﻿SLB,﻿EAP,﻿Member State,﻿Solomon Islands,﻿Malaita,﻿SLB007
﻿TLS,﻿TP,﻿TMP,﻿EAP,﻿Member State,﻿Timor-Leste,﻿Aileu,﻿TLS001
﻿TLS,﻿TP,﻿TMP,﻿EAP,﻿Member State,﻿Timor-Leste,﻿Ainaro,﻿TLS002
﻿TLS,﻿TP,﻿TMP,﻿EAP,﻿Member State,﻿Timor-Leste,﻿Baucau,﻿TLS003
﻿TLS,﻿TP,﻿TMP,﻿EAP,﻿Member State,﻿Timor-Leste,﻿Lautém,﻿TLS008
﻿TLS,﻿TP,﻿TMP,﻿EAP,﻿Member State,﻿Timor-Leste,﻿Dili,﻿TLS006
﻿TLS,﻿TP,﻿TMP,﻿EAP,﻿Member State,﻿Timor-Leste,﻿Ermera,﻿TLS007
﻿TLS,﻿TP,﻿TMP,﻿EAP,﻿Member State,﻿Timor-Leste,﻿Liquiçá,﻿TLS009
﻿TLS,﻿TP,﻿TMP,﻿EAP,﻿Member State,﻿Timor-Leste,﻿Manufahi,﻿TLS011
﻿TLS,﻿TP,﻿TMP,﻿EAP,﻿Member State,﻿Timor-Leste,﻿Manatuto,﻿TLS010
﻿TLS,﻿TP,﻿TMP,﻿EAP,﻿Member State,﻿Timor-Leste,﻿Viqueque,﻿TLS013
﻿TUV,﻿TV,﻿TUV,﻿EAP,﻿Member State,﻿Tuvalu,﻿Funafuti,﻿TUV001
﻿TUV,﻿TV,﻿TUV,﻿EAP,﻿Member State,﻿Tuvalu,﻿Nanumanga,﻿TUV002
﻿TUV,﻿TV,﻿TUV,﻿EAP,﻿Member State,﻿Tuvalu,﻿Nanumea,﻿TUV003
﻿TUV,﻿TV,﻿TUV,﻿EAP,﻿Member State,﻿Tuvalu,﻿Niutao,﻿TUV005
﻿TUV,﻿TV,﻿TUV,﻿EAP,﻿Member State,﻿Tuvalu,﻿Nui,﻿TUV006
﻿TUV,﻿TV,﻿TUV,﻿EAP,﻿Member State,﻿Tuvalu,﻿Nukufetau,﻿TUV007
﻿TUV,﻿TV,﻿TUV,﻿EAP,﻿Member State,﻿Tuvalu,﻿Vaitupu,﻿TUV009
﻿UMI,﻿UM,﻿UMI,﻿Other,﻿Territory,﻿U.S. Minor Outlying Islands,﻿U.S. Minor Outlying Islands,﻿UMI001
﻿VNM,﻿VN,﻿VNM,﻿EAP,﻿Member State,﻿Viet Nam,﻿Thành phố Đà Nẵng,﻿VNM006
﻿VNM,﻿VN,﻿VNM,﻿EAP,﻿Member State,﻿Viet Nam,﻿Thành phố Huế,﻿VNM002
﻿VNM,﻿VN,﻿VNM,﻿EAP,﻿Member State,﻿Viet Nam,﻿Tỉnh Đắk Lắk,﻿VNM032
﻿VNM,﻿VN,﻿VNM,﻿EAP,﻿Member State,﻿Viet Nam,﻿Tỉnh Đồng Nai,﻿VNM033
﻿VNM,﻿VN,﻿VNM,﻿EAP,﻿Member State,﻿Viet Nam,﻿Tỉnh Khánh Hòa,﻿VNM014
﻿VNM,﻿VN,﻿VNM,﻿EAP,﻿Member State,﻿Viet Nam,﻿Tỉnh Lâm Đồng,﻿VNM017
﻿AUS,﻿AU,﻿AUS,﻿Other,﻿Member State,﻿Australia,﻿Australian Capital Territory,﻿AUS002
﻿AUS,﻿AU,﻿AUS,﻿Other,﻿Territory,﻿Ashmore and Cartier Islands (Aus.),﻿Ashmore and Cartier Islands (Aus.),﻿AUS001
﻿AUS,﻿AU,﻿AUS,﻿Other,﻿Member State,﻿Australia,﻿Coral Sea Islands Territory,﻿AUS003
﻿AUS,﻿AU,﻿AUS,﻿Other,﻿Member State,﻿Australia,﻿Other Territories,﻿AUS006
﻿AUS,﻿AU,﻿AUS,﻿Other,﻿Member State,﻿Australia,﻿Northern Territory,﻿AUS005
﻿AUS,﻿AU,﻿AUS,﻿Other,﻿Member State,﻿Australia,﻿South Australia,﻿AUS008
﻿AUS,﻿AU,﻿AUS,﻿Other,﻿Member State,﻿Australia,﻿Tasmania,﻿AUS009
﻿AUS,﻿AU,﻿AUS,﻿Other,﻿Member State,﻿Australia,﻿Victoria,﻿AUS010
﻿FJI,﻿FJ,﻿FJI,﻿EAP,﻿Member State,﻿Fiji,﻿Central,﻿FJI001
﻿FJI,﻿FJ,﻿FJI,﻿EAP,﻿Member State,﻿Fiji,﻿Eastern,﻿FJI002
﻿FJI,﻿FJ,﻿FJI,﻿EAP,﻿Member State,﻿Fiji,﻿Northern,﻿FJI003
﻿FJI,﻿FJ,﻿FJI,﻿EAP,﻿Member State,﻿Fiji,﻿Western,﻿FJI004
﻿FSM,﻿FM,﻿FSM,﻿EAP,﻿Member State,﻿Federated States of Micronesia,﻿Chuuk,﻿FSM001
﻿FSM,﻿FM,﻿FSM,﻿EAP,﻿Member State,﻿Federated States of Micronesia,﻿Pohnpei,﻿FSM003
﻿FSM,﻿FM,﻿FSM,﻿EAP,﻿Member State,﻿Federated States of Micronesia,﻿Yap,﻿FSM004
﻿GUM,﻿GU,﻿GUM,﻿Other,﻿Territory,﻿Guam (U.S.),﻿Administrative unit not available,﻿GUM001
﻿IDN,﻿ID,﻿IDN,﻿EAP,﻿Member State,﻿Indonesia,﻿Kalimantan Utara,﻿IDN024
﻿IDN,﻿ID,﻿IDN,﻿EAP,﻿Member State,﻿Indonesia,﻿Nusa Tenggara Timur,﻿IDN019
﻿IDN,﻿ID,﻿IDN,﻿EAP,﻿Member State,﻿Indonesia,﻿Papua Barat,﻿IDN035
﻿IDN,﻿ID,﻿IDN,﻿EAP,﻿Member State,﻿Indonesia,﻿Papua Barat Daya,﻿IDN034
﻿LBN,﻿LB,﻿LBN,﻿MENAAP,﻿Member State,﻿Lebanon,﻿Akkar,﻿LBN001
﻿LBN,﻿LB,﻿LBN,﻿MENAAP,﻿Member State,﻿Lebanon,﻿Baalbek-Hermel,﻿LBN002
﻿MNP,﻿MP,﻿MNP,﻿Other,﻿Territory,﻿Northern Mariana Islands (U.S.),﻿Northern Mariana Islands (U.S.),﻿MNP001
﻿NCL,﻿NC,﻿NCL,﻿Other,﻿Territory,﻿New Caledonia (Fr.),﻿Administrative unit not available,﻿NCL001
﻿NFK,﻿NF,﻿NFK,﻿Other,﻿Territory,﻿Norfolk Island (Aus.),﻿Norfolk Island (Aus.),﻿NFK001
﻿NZL,﻿NZ,﻿NZL,﻿Other,﻿Member State,﻿New Zealand,﻿Area Outside Region,﻿NZL99
﻿NZL,﻿NZ,﻿NZL,﻿Other,﻿Member State,﻿New Zealand,﻿Bay of Plenty,﻿NZL04
﻿NZL,﻿NZ,﻿NZL,﻿Other,﻿Member State,﻿New Zealand,﻿Canterbury,﻿NZL13
﻿NZL,﻿NZ,﻿NZL,﻿Other,﻿Member State,﻿New Zealand,﻿Gisborne,﻿NZL05
﻿NZL,﻿NZ,﻿NZL,﻿Other,﻿Member State,﻿New Zealand,﻿Hawke's Bay,﻿NZL06
﻿NZL,﻿NZ,﻿NZL,﻿Other,﻿Member State,﻿New Zealand,﻿Manawatu-Wanganui,﻿NZL08
﻿NZL,﻿NZ,﻿NZL,﻿Other,﻿Member State,﻿New Zealand,﻿Marlborough,﻿NZL18
﻿NZL,﻿NZ,﻿NZL,﻿Other,﻿Member State,﻿New Zealand,﻿Nelson,﻿NZL17
﻿NZL,﻿NZ,﻿NZL,﻿Other,﻿Member State,﻿New Zealand,﻿Northland,﻿NZL01
﻿NZL,﻿NZ,﻿NZL,﻿Other,﻿Member State,﻿New Zealand,﻿Otago,﻿NZL14
﻿NZL,﻿NZ,﻿NZL,﻿Other,﻿Member State,﻿New Zealand,﻿Southland,﻿NZL15
﻿NZL,﻿NZ,﻿NZL,﻿Other,﻿Member State,﻿New Zealand,﻿Taranaki,﻿NZL07
﻿NZL,﻿NZ,﻿NZL,﻿Other,﻿Member State,﻿New Zealand,﻿Tasman,﻿NZL16
﻿NZL,﻿NZ,﻿NZL,﻿Other,﻿Member State,﻿New Zealand,﻿Waikato,﻿NZL03
﻿NZL,﻿NZ,﻿NZL,﻿Other,﻿Member State,﻿New Zealand,﻿Wellington,﻿NZL09
﻿NZL,﻿NZ,﻿NZL,﻿Other,﻿Member State,﻿New Zealand,﻿West Coast,﻿NZL12
﻿PHL,﻿PH,﻿PHL,﻿EAP,﻿Member State,﻿Philippines,﻿Region VII (Central Visayas),﻿PHL007
﻿PLW,﻿PW,﻿PLW,﻿EAP,﻿Member State,﻿Palau,﻿Administrative unit not available,﻿PLW001
﻿PNG,﻿PG,﻿PNG,﻿EAP,﻿Member State,﻿Papua New Guinea,﻿Central,﻿PNG002
﻿PNG,﻿PG,﻿PNG,﻿EAP,﻿Member State,﻿Papua New Guinea,﻿East New Britain,﻿PNG004
﻿PNG,﻿PG,﻿PNG,﻿EAP,﻿Member State,﻿Papua New Guinea,﻿East Sepik,﻿PNG005
﻿PNG,﻿PG,﻿PNG,﻿EAP,﻿Member State,﻿Papua New Guinea,﻿Milne Bay,﻿PNG013
﻿PNG,﻿PG,﻿PNG,﻿EAP,﻿Member State,﻿Papua New Guinea,﻿Manus,﻿PNG012
﻿PNG,﻿PG,﻿PNG,﻿EAP,﻿Member State,﻿Papua New Guinea,﻿Morobe,﻿PNG014
﻿PNG,﻿PG,﻿PNG,﻿EAP,﻿Member State,﻿Papua New Guinea,﻿National Capital District,﻿PNG015
﻿PNG,﻿PG,﻿PNG,﻿EAP,﻿Member State,﻿Papua New Guinea,﻿New Ireland,﻿PNG016
﻿PNG,﻿PG,﻿PNG,﻿EAP,﻿Member State,﻿Papua New Guinea,﻿Northern,﻿PNG017
﻿PNG,﻿PG,﻿PNG,﻿EAP,﻿Member State,﻿Papua New Guinea,﻿Bougainville,﻿PNG001
﻿PNG,﻿PG,﻿PNG,﻿EAP,﻿Member State,﻿Papua New Guinea,﻿West New Britain,﻿PNG020
﻿SLB,﻿SB,﻿SLB,﻿EAP,﻿Member State,﻿Solomon Islands,﻿Choiseul,﻿SLB002
﻿SLB,﻿SB,﻿SLB,﻿EAP,﻿Member State,﻿Solomon Islands,﻿Rennell-Bell,﻿SLB008
﻿SLB,﻿SB,﻿SLB,﻿EAP,﻿Member State,﻿Solomon Islands,﻿Temotu,﻿SLB009
﻿SLB,﻿SB,﻿SLB,﻿EAP,﻿Member State,﻿Solomon Islands,﻿Western,﻿SLB010
﻿SYR,﻿SY,﻿SYR,﻿MENAAP,﻿Member State,﻿Syrian Arab Republic,﻿Dayr az Zawr,﻿SYR007
﻿SYR,﻿SY,﻿SYR,﻿MENAAP,﻿Member State,﻿Syrian Arab Republic,﻿Ḥimṣ,﻿SYR009
﻿SYR,﻿SY,﻿SYR,﻿MENAAP,﻿Member State,﻿Syrian Arab Republic,﻿Hama,﻿SYR008
﻿SYR,﻿SY,﻿SYR,﻿MENAAP,﻿Member State,﻿Syrian Arab Republic,﻿Rif Dimashq,﻿SYR013
﻿SYR,﻿SY,﻿SYR,﻿MENAAP,﻿Member State,﻿Syrian Arab Republic,﻿Ţarţūs,﻿SYR014
﻿TLS,﻿TP,﻿TMP,﻿EAP,﻿Member State,﻿Timor-Leste,﻿Oecussi,﻿TLS012
﻿TLS,﻿TP,﻿TMP,﻿EAP,﻿Member State,﻿Timor-Leste,﻿Bobonaro,﻿TLS004
﻿TLS,﻿TP,﻿TMP,﻿EAP,﻿Member State,﻿Timor-Leste,﻿Covalima,﻿TLS005
﻿TUR,﻿TR,﻿TUR,﻿ECA,﻿Member State,﻿Türkiye,﻿Mardin,﻿TUR057
﻿TUV,﻿TV,﻿TUV,﻿EAP,﻿Member State,﻿Tuvalu,﻿Niulakita,﻿TUV004
﻿VUT,﻿VU,﻿VUT,﻿EAP,﻿Member State,﻿Vanuatu,﻿Malampa,﻿VUT001
﻿VUT,﻿VU,﻿VUT,﻿EAP,﻿Member State,﻿Vanuatu,﻿Penama,﻿VUT002
﻿VUT,﻿VU,﻿VUT,﻿EAP,﻿Member State,﻿Vanuatu,﻿Shefa,﻿VUT004
﻿VUT,﻿VU,﻿VUT,﻿EAP,﻿Member State,﻿Vanuatu,﻿Sanma,﻿VUT003
﻿VUT,﻿VU,﻿VUT,﻿EAP,﻿Member State,﻿Vanuatu,﻿Tafea,﻿VUT005
﻿VUT,﻿VU,﻿VUT,﻿EAP,﻿Member State,﻿Vanuatu,﻿Torba,﻿VUT006
﻿AFG,﻿AF,﻿AFG,﻿MENAAP,﻿Member State,﻿Afghanistan,﻿Badghis,﻿AFG002
﻿AFG,﻿AF,﻿AFG,﻿MENAAP,﻿Member State,﻿Afghanistan,﻿Bamyan,﻿AFG005
﻿AFG,﻿AF,﻿AFG,﻿MENAAP,﻿Member State,﻿Afghanistan,﻿Daykundi,﻿AFG006
﻿AFG,﻿AF,﻿AFG,﻿MENAAP,﻿Member State,﻿Afghanistan,﻿Farah,﻿AFG007
﻿AFG,﻿AF,﻿AFG,﻿MENAAP,﻿Member State,﻿Afghanistan,﻿Ghor,﻿AFG010
﻿AFG,﻿AF,﻿AFG,﻿MENAAP,﻿Member State,﻿Afghanistan,﻿Ghazni,﻿AFG009
﻿AFG,﻿AF,﻿AFG,﻿MENAAP,﻿Member State,﻿Afghanistan,﻿Hilmand,﻿AFG011
﻿AFG,﻿AF,﻿AFG,﻿MENAAP,﻿Member State,﻿Afghanistan,﻿Hirat,﻿AFG012
﻿AFG,﻿AF,﻿AFG,﻿MENAAP,﻿Member State,﻿Afghanistan,﻿Kandahar,﻿AFG015
﻿AFG,﻿AF,﻿AFG,﻿MENAAP,﻿Member State,﻿Afghanistan,﻿Nimroz,﻿AFG023
﻿AFG,﻿AF,﻿AFG,﻿MENAAP,﻿Member State,﻿Afghanistan,﻿Uruzgan,﻿AFG032
﻿AFG,﻿AF,﻿AFG,﻿MENAAP,﻿Member State,﻿Afghanistan,﻿Paktika,﻿AFG025
﻿AFG,﻿AF,﻿AFG,﻿MENAAP,﻿Member State,﻿Afghanistan,﻿Sar-e-Pul,﻿AFG030
﻿AFG,﻿AF,﻿AFG,﻿MENAAP,﻿Member State,﻿Afghanistan,﻿Maidan Wardak,﻿AFG033
﻿AFG,﻿AF,﻿AFG,﻿MENAAP,﻿Member State,﻿Afghanistan,﻿Zabul,﻿AFG034
﻿CYP,﻿CY,﻿CYP,﻿ECA,﻿Member State,﻿Cyprus,﻿Ammochostos,﻿CYP003
﻿CYP,﻿CY,﻿CYP,﻿ECA,﻿Member State,﻿Cyprus,﻿Keryneia,﻿CYP002
﻿CYP,﻿CY,﻿CYP,﻿ECA,﻿Member State,﻿Cyprus,﻿Larnaka,﻿CYP004
﻿CYP,﻿CY,﻿CYP,﻿ECA,﻿Member State,﻿Cyprus,﻿Lefkosia,﻿CYP001
﻿CYP,﻿CY,﻿CYP,﻿ECA,﻿Member State,﻿Cyprus,﻿Lemesos,﻿CYP005
﻿CYP,﻿CY,﻿CYP,﻿ECA,﻿Member State,﻿Cyprus,﻿Pafos,﻿CYP006
﻿EGY,﻿EG,﻿EGY,﻿MENAAP,﻿Member State,﻿Arab Republic of Egypt,﻿South Sinai,﻿EGY025
﻿EGY,﻿EG,﻿EGY,﻿MENAAP,﻿Member State,﻿Arab Republic of Egypt,﻿North Sinai,﻿EGY020
﻿GBR,﻿GB,﻿GBR,﻿Other,﻿Territory,﻿Sovereign Base Areas of Akrotiri and Dhekelia (U.K.),﻿Sovereign Base Areas of Akrotiri and Dhekelia (U.K.),﻿GBR001
﻿IRN,﻿IR,﻿IRN,﻿MENAAP,﻿Member State,﻿Islamic Republic of Iran,﻿Sistan and Baluchestan,﻿IRN026
﻿IRN,﻿IR,﻿IRN,﻿MENAAP,﻿Member State,﻿Islamic Republic of Iran,﻿South Khorasan,﻿IRN027
﻿ISR,﻿IL,﻿ISR,﻿Other,﻿Member State,﻿Israel,﻿Haifa,﻿ISR002
﻿ISR,﻿IL,﻿ISR,﻿Other,﻿Member State,﻿Israel,﻿Southern District,﻿ISR005
﻿ISR,﻿IL,﻿ISR,﻿Other,﻿Member State,﻿Israel,﻿Central District,﻿ISR001
﻿ISR,﻿IL,﻿ISR,﻿Other,﻿Member State,﻿Israel,﻿Northern,﻿ISR004
﻿ISR,﻿IL,﻿ISR,﻿Other,﻿Member State,﻿Israel,﻿Jerusalem,﻿ISR003
﻿ISR,﻿IL,﻿ISR,﻿Other,﻿Member State,﻿Israel,﻿Tel Aviv,﻿ISR006
﻿JOR,﻿JO,﻿JOR,﻿MENAAP,﻿Member State,﻿Jordan,﻿Ajloon,﻿JOR001
﻿JOR,﻿JO,﻿JOR,﻿MENAAP,﻿Member State,﻿Jordan,﻿Amman,﻿JOR002
﻿JOR,﻿JO,﻿JOR,﻿MENAAP,﻿Member State,﻿Jordan,﻿Aqaba,﻿JOR003
﻿JOR,﻿JO,﻿JOR,﻿MENAAP,﻿Member State,﻿Jordan,﻿Tafiela,﻿JOR011
﻿JOR,﻿JO,﻿JOR,﻿MENAAP,﻿Member State,﻿Jordan,﻿Zarqa,﻿JOR012
﻿JOR,﻿JO,﻿JOR,﻿MENAAP,﻿Member State,﻿Jordan,﻿Balqa,﻿JOR004
﻿JOR,﻿JO,﻿JOR,﻿MENAAP,﻿Member State,﻿Jordan,﻿Irbid,﻿JOR005
﻿JOR,﻿JO,﻿JOR,﻿MENAAP,﻿Member State,﻿Jordan,﻿Jarash,﻿JOR006
﻿JOR,﻿JO,﻿JOR,﻿MENAAP,﻿Member State,﻿Jordan,﻿Karak,﻿JOR007
﻿JOR,﻿JO,﻿JOR,﻿MENAAP,﻿Member State,﻿Jordan,﻿Mafraq,﻿JOR010
﻿JOR,﻿JO,﻿JOR,﻿MENAAP,﻿Member State,﻿Jordan,﻿Madaba,﻿JOR009
﻿JOR,﻿JO,﻿JOR,﻿MENAAP,﻿Member State,﻿Jordan,﻿Ma'an,﻿JOR008
﻿LBN,﻿LB,﻿LBN,﻿MENAAP,﻿Member State,﻿Lebanon,﻿Beirut,﻿LBN003
﻿LBN,﻿LB,﻿LBN,﻿MENAAP,﻿Member State,﻿Lebanon,﻿Bekaa,﻿LBN004
﻿LBN,﻿LB,﻿LBN,﻿MENAAP,﻿Member State,﻿Lebanon,﻿South,﻿LBN008
﻿LBN,﻿LB,﻿LBN,﻿MENAAP,﻿Member State,﻿Lebanon,﻿Mount Lebanon,﻿LBN005
﻿LBN,﻿LB,﻿LBN,﻿MENAAP,﻿Member State,﻿Lebanon,﻿Nabatiye,﻿LBN006
﻿LBN,﻿LB,﻿LBN,﻿MENAAP,﻿Member State,﻿Lebanon,﻿North,﻿LBN007
﻿OMN,﻿OM,﻿OMN,﻿MENAAP,﻿Member State,﻿Oman,﻿Al Sharakih North,﻿OMN005
﻿OMN,﻿OM,﻿OMN,﻿MENAAP,﻿Member State,﻿Oman,﻿Al Sharqiyah South,﻿OMN006
﻿OMN,﻿OM,﻿OMN,﻿MENAAP,﻿Member State,﻿Oman,﻿Al Wusta,﻿OMN007
﻿OMN,﻿OM,﻿OMN,﻿MENAAP,﻿Member State,﻿Oman,﻿Muscat,﻿OMN011
﻿PNG,﻿PG,﻿PNG,﻿EAP,﻿Member State,﻿Papua New Guinea,﻿Gulf,﻿PNG008
﻿PSE,﻿PS,﻿WBG,﻿MENAAP,﻿Territory,﻿West Bank and Gaza,﻿Gaza,﻿PSE001
﻿PSE,﻿PS,﻿WBG,﻿MENAAP,﻿Territory,﻿West Bank and Gaza,﻿West Bank,﻿PSE002
﻿SAU,﻿SA,﻿SAU,﻿MENAAP,﻿Member State,﻿Saudi Arabia,﻿Al Jawf,﻿SAU004
﻿SYR,﻿SY,﻿SYR,﻿MENAAP,﻿Member State,﻿Syrian Arab Republic,﻿Damascus,﻿SYR005
﻿SYR,﻿SY,﻿SYR,﻿MENAAP,﻿Member State,﻿Syrian Arab Republic,﻿Dar`ā,﻿SYR006
﻿SYR,﻿SY,﻿SYR,﻿MENAAP,﻿Member State,﻿Syrian Arab Republic,﻿Latakia,﻿SYR011
﻿SYR,﻿SY,﻿SYR,﻿MENAAP,﻿Member State,﻿Syrian Arab Republic,﻿Quneitra,﻿SYR012
﻿SYR,﻿SY,﻿SYR,﻿MENAAP,﻿Member State,﻿Syrian Arab Republic,﻿As Suwaydā',﻿SYR004
﻿ARE,﻿AE,﻿ARE,﻿MENAAP,﻿Member State,﻿United Arab Emirates,﻿Ajman,﻿ARE002
﻿ARE,﻿AE,﻿ARE,﻿MENAAP,﻿Member State,﻿United Arab Emirates,﻿Dubai,﻿ARE003
﻿ARE,﻿AE,﻿ARE,﻿MENAAP,﻿Member State,﻿United Arab Emirates,﻿Fujairah,﻿ARE004
﻿ARE,﻿AE,﻿ARE,﻿MENAAP,﻿Member State,﻿United Arab Emirates,﻿Ras Al Khaimah,﻿ARE005
﻿ARE,﻿AE,﻿ARE,﻿MENAAP,﻿Member State,﻿United Arab Emirates,﻿Umm AL Quwain,﻿ARE007
﻿EGY,﻿EG,﻿EGY,﻿MENAAP,﻿Member State,﻿Arab Republic of Egypt,﻿Aswan,﻿EGY003
﻿EGY,﻿EG,﻿EGY,﻿MENAAP,﻿Member State,﻿Arab Republic of Egypt,﻿Port Said,﻿EGY021
﻿EGY,﻿EG,﻿EGY,﻿MENAAP,﻿Member State,﻿Arab Republic of Egypt,﻿Dakahlia,﻿EGY007
﻿EGY,﻿EG,﻿EGY,﻿MENAAP,﻿Member State,﻿Arab Republic of Egypt,﻿Damietta,﻿EGY008
﻿EGY,﻿EG,﻿EGY,﻿MENAAP,﻿Member State,﻿Arab Republic of Egypt,﻿Gharbia,﻿EGY010
﻿EGY,﻿EG,﻿EGY,﻿MENAAP,﻿Member State,﻿Arab Republic of Egypt,﻿Ismailia,﻿EGY012
﻿EGY,﻿EG,﻿EGY,﻿MENAAP,﻿Member State,﻿Arab Republic of Egypt,﻿Kafr El-Shikh,﻿EGY013
﻿EGY,﻿EG,﻿EGY,﻿MENAAP,﻿Member State,﻿Arab Republic of Egypt,﻿Menoufia,﻿EGY018
﻿EGY,﻿EG,﻿EGY,﻿MENAAP,﻿Member State,﻿Arab Republic of Egypt,﻿Cairo,﻿EGY006
﻿EGY,﻿EG,﻿EGY,﻿MENAAP,﻿Member State,﻿Arab Republic of Egypt,﻿Kalyoubia,﻿EGY014
﻿EGY,﻿EG,﻿EGY,﻿MENAAP,﻿Member State,﻿Arab Republic of Egypt,﻿Qena,﻿EGY022
﻿EGY,﻿EG,﻿EGY,﻿MENAAP,﻿Member State,﻿Arab Republic of Egypt,﻿Suhag,﻿EGY027
﻿EGY,﻿EG,﻿EGY,﻿MENAAP,﻿Member State,﻿Arab Republic of Egypt,﻿Sharqia,﻿EGY024
﻿EGY,﻿EG,﻿EGY,﻿MENAAP,﻿Member State,﻿Arab Republic of Egypt,﻿Suez,﻿EGY026
﻿ERI,﻿ER,﻿ERI,﻿AFR,﻿Member State,﻿Eritrea,﻿Anseba,﻿ERI001
﻿ERI,﻿ER,﻿ERI,﻿AFR,﻿Member State,﻿Eritrea,﻿Debub,﻿ERI003
﻿ERI,﻿ER,﻿ERI,﻿AFR,﻿Member State,﻿Eritrea,﻿Gash Barka,﻿ERI005
﻿ERI,﻿ER,﻿ERI,﻿AFR,﻿Member State,﻿Eritrea,﻿Maekel,﻿ERI006
﻿ETH,﻿ET,﻿ETH,﻿AFR,﻿Member State,﻿Ethiopia,﻿Amhara,﻿ETH003
﻿ETH,﻿ET,﻿ETH,﻿AFR,﻿Member State,﻿Ethiopia,﻿Benishangul Gumz,﻿ETH004
﻿ETH,﻿ET,﻿ETH,﻿AFR,﻿Member State,﻿Ethiopia,﻿Tigray,﻿ETH013
﻿IRN,﻿IR,﻿IRN,﻿MENAAP,﻿Member State,﻿Islamic Republic of Iran,﻿Bushehr,﻿IRN003
﻿IRN,﻿IR,﻿IRN,﻿MENAAP,﻿Member State,﻿Islamic Republic of Iran,﻿Chaharmahal and Bakhtiari,﻿IRN004
﻿IRN,﻿IR,﻿IRN,﻿MENAAP,﻿Member State,﻿Islamic Republic of Iran,﻿Fars,﻿IRN006
﻿IRN,﻿IR,﻿IRN,﻿MENAAP,﻿Member State,﻿Islamic Republic of Iran,﻿Hormozgan,﻿IRN010
﻿IRN,﻿IR,﻿IRN,﻿MENAAP,﻿Member State,﻿Islamic Republic of Iran,﻿Ilam,﻿IRN011
﻿IRN,﻿IR,﻿IRN,﻿MENAAP,﻿Member State,﻿Islamic Republic of Iran,﻿Isfahan,﻿IRN012
﻿IRN,﻿IR,﻿IRN,﻿MENAAP,﻿Member State,﻿Islamic Republic of Iran,﻿Kerman,﻿IRN013
﻿IRN,﻿IR,﻿IRN,﻿MENAAP,﻿Member State,﻿Islamic Republic of Iran,﻿Kermanshah,﻿IRN014
﻿IRN,﻿IR,﻿IRN,﻿MENAAP,﻿Member State,﻿Islamic Republic of Iran,﻿Khuzestan,﻿IRN015
﻿IRN,﻿IR,﻿IRN,﻿MENAAP,﻿Member State,﻿Islamic Republic of Iran,﻿Kohgiluyeh and Boyer-Ahmad,﻿IRN016
﻿IRN,﻿IR,﻿IRN,﻿MENAAP,﻿Member State,﻿Islamic Republic of Iran,﻿Lorestan,﻿IRN018
﻿IRN,﻿IR,﻿IRN,﻿MENAAP,﻿Member State,﻿Islamic Republic of Iran,﻿Markazi,﻿IRN019
﻿IRN,﻿IR,﻿IRN,﻿MENAAP,﻿Member State,﻿Islamic Republic of Iran,﻿Qom,﻿IRN023
﻿IRN,﻿IR,﻿IRN,﻿MENAAP,﻿Member State,﻿Islamic Republic of Iran,﻿Semnan,﻿IRN025
﻿IRN,﻿IR,﻿IRN,﻿MENAAP,﻿Member State,﻿Islamic Republic of Iran,﻿Yazd,﻿IRN030
﻿IRQ,﻿IQ,﻿IRQ,﻿MENAAP,﻿Member State,﻿Iraq,﻿Al-Anbar,﻿IRQ001
﻿IRQ,﻿IQ,﻿IRQ,﻿MENAAP,﻿Member State,﻿Iraq,﻿Al-Basrah,﻿IRQ002
﻿IRQ,﻿IQ,﻿IRQ,﻿MENAAP,﻿Member State,﻿Iraq,﻿Al-Muthanna,﻿IRQ003
﻿IRQ,﻿IQ,﻿IRQ,﻿MENAAP,﻿Member State,﻿Iraq,﻿Al-Najaf,﻿IRQ004
﻿IRQ,﻿IQ,﻿IRQ,﻿MENAAP,﻿Member State,﻿Iraq,﻿Al-Qadissiya,﻿IRQ005
﻿IRQ,﻿IQ,﻿IRQ,﻿MENAAP,﻿Member State,﻿Iraq,﻿Al-Sulaymaniyah,﻿IRQ006
﻿IRQ,﻿IQ,﻿IRQ,﻿MENAAP,﻿Member State,﻿Iraq,﻿Babil,﻿IRQ007
﻿IRQ,﻿IQ,﻿IRQ,﻿MENAAP,﻿Member State,﻿Iraq,﻿Baghdad,﻿IRQ008
﻿IRQ,﻿IQ,﻿IRQ,﻿MENAAP,﻿Member State,﻿Iraq,﻿Diyala,﻿IRQ009
﻿IRQ,﻿IQ,﻿IRQ,﻿MENAAP,﻿Member State,﻿Iraq,﻿Erbil,﻿IRQ011
﻿IRQ,﻿IQ,﻿IRQ,﻿MENAAP,﻿Member State,﻿Iraq,﻿Kerbala,﻿IRQ012
﻿IRQ,﻿IQ,﻿IRQ,﻿MENAAP,﻿Member State,﻿Iraq,﻿Kirkuk,﻿IRQ013
﻿IRQ,﻿IQ,﻿IRQ,﻿MENAAP,﻿Member State,﻿Iraq,﻿Maysan,﻿IRQ014
﻿IRQ,﻿IQ,﻿IRQ,﻿MENAAP,﻿Member State,﻿Iraq,﻿Thi Qar,﻿IRQ017
﻿IRQ,﻿IQ,﻿IRQ,﻿MENAAP,﻿Member State,﻿Iraq,﻿Wassit,﻿IRQ018
﻿KWT,﻿KW,﻿KWT,﻿MENAAP,﻿Member State,﻿Kuwait,﻿Al Ahmadi,﻿KWT003
﻿KWT,﻿KW,﻿KWT,﻿MENAAP,﻿Member State,﻿Kuwait,﻿Al Farwaniyah,﻿KWT002
﻿KWT,﻿KW,﻿KWT,﻿MENAAP,﻿Member State,﻿Kuwait,﻿Al Jahrah,﻿KWT004
﻿KWT,﻿KW,﻿KWT,﻿MENAAP,﻿Member State,﻿Kuwait,﻿Al Kuwayt,﻿KWT001
﻿KWT,﻿KW,﻿KWT,﻿MENAAP,﻿Member State,﻿Kuwait,﻿Hawalli,﻿KWT005
﻿KWT,﻿KW,﻿KWT,﻿MENAAP,﻿Member State,﻿Kuwait,﻿Mubarak Al Kabeer,﻿KWT006
﻿NLD,﻿NL,﻿NLD,﻿Other,﻿Member State,﻿Netherlands,﻿Friesland,﻿NLD003
﻿NLD,﻿NL,﻿NLD,﻿Other,﻿Member State,﻿Netherlands,﻿Noord-Holland,﻿NLD008
﻿OMN,﻿OM,﻿OMN,﻿MENAAP,﻿Member State,﻿Oman,﻿Al Batinah North,﻿OMN001
﻿OMN,﻿OM,﻿OMN,﻿MENAAP,﻿Member State,﻿Oman,﻿Al Batinah South,﻿OMN002
﻿OMN,﻿OM,﻿OMN,﻿MENAAP,﻿Member State,﻿Oman,﻿Al Buraimi,﻿OMN003
﻿OMN,﻿OM,﻿OMN,﻿MENAAP,﻿Member State,﻿Oman,﻿Al Dhahira North,﻿OMN004
﻿OMN,﻿OM,﻿OMN,﻿MENAAP,﻿Member State,﻿Oman,﻿Dakhiliyah,﻿OMN008
﻿OMN,﻿OM,﻿OMN,﻿MENAAP,﻿Member State,﻿Oman,﻿Dhofar,﻿OMN009
﻿OMN,﻿OM,﻿OMN,﻿MENAAP,﻿Member State,﻿Oman,﻿Musandam,﻿OMN010
﻿SAU,﻿SA,﻿SAU,﻿MENAAP,﻿Member State,﻿Saudi Arabia,﻿`Asīr,﻿SAU001
﻿SAU,﻿SA,﻿SAU,﻿MENAAP,﻿Member State,﻿Saudi Arabia,﻿Al Ḥudūd ash Shamāliyah,﻿SAU003
﻿SAU,﻿SA,﻿SAU,﻿MENAAP,﻿Member State,﻿Saudi Arabia,﻿Najrān,﻿SAU012
﻿SAU,﻿SA,﻿SAU,﻿MENAAP,﻿Member State,﻿Saudi Arabia,﻿Al Qaṣīm,﻿SAU006
﻿SDN,﻿SD,﻿SDN,﻿AFR,﻿Member State,﻿Sudan,﻿Aj Jazirah,﻿SDN001
﻿SDN,﻿SD,﻿SDN,﻿AFR,﻿Member State,﻿Sudan,﻿Blue Nile,﻿SDN002
﻿SDN,﻿SD,﻿SDN,﻿AFR,﻿Member State,﻿Sudan,﻿Gedaref,﻿SDN005
﻿SDN,﻿SD,﻿SDN,﻿AFR,﻿Member State,﻿Sudan,﻿Kassala,﻿SDN006
﻿SDN,﻿SD,﻿SDN,﻿AFR,﻿Member State,﻿Sudan,﻿Khartoum,﻿SDN007
﻿SDN,﻿SD,﻿SDN,﻿AFR,﻿Member State,﻿Sudan,﻿River Nile,﻿SDN012
﻿SDN,﻿SD,﻿SDN,﻿AFR,﻿Member State,﻿Sudan,﻿Sennar,﻿SDN013
﻿SDN,﻿SD,﻿SDN,﻿AFR,﻿Member State,﻿Sudan,﻿South Kordofan,﻿SDN015
﻿SDN,﻿SD,﻿SDN,﻿AFR,﻿Member State,﻿Sudan,﻿White Nile,﻿SDN018
﻿SOM,﻿SO,﻿SOM,﻿AFR,﻿Member State,﻿Federal Republic of Somalia,﻿Bari,﻿SOM004
﻿SSD,﻿SS,﻿SSD,﻿AFR,﻿Member State,﻿South Sudan,﻿Jonglei,﻿SSD003
﻿SSD,﻿SS,﻿SSD,﻿AFR,﻿Member State,﻿South Sudan,﻿Ruweng Administrative Area,﻿SSD007
﻿SSD,﻿SS,﻿SSD,﻿AFR,﻿Member State,﻿South Sudan,﻿Upper Nile,﻿SSD009
﻿TUR,﻿TR,﻿TUR,﻿ECA,﻿Member State,﻿Türkiye,﻿Hakkari,﻿TUR035
﻿YEM,﻿RY,﻿YEM,﻿MENAAP,﻿Member State,﻿Republic of Yemen,﻿Abyan,﻿YEM002
﻿YEM,﻿RY,﻿YEM,﻿MENAAP,﻿Member State,﻿Republic of Yemen,﻿Aden,﻿YEM001
﻿YEM,﻿RY,﻿YEM,﻿MENAAP,﻿Member State,﻿Republic of Yemen,﻿Amran,﻿YEM009
﻿YEM,﻿RY,﻿YEM,﻿MENAAP,﻿Member State,﻿Republic of Yemen,﻿Al Bayda,﻿YEM003
﻿YEM,﻿RY,﻿YEM,﻿MENAAP,﻿Member State,﻿Republic of Yemen,﻿Dhamar,﻿YEM010
﻿YEM,﻿RY,﻿YEM,﻿MENAAP,﻿Member State,﻿Republic of Yemen,﻿Ad Dali',﻿YEM004
﻿YEM,﻿RY,﻿YEM,﻿MENAAP,﻿Member State,﻿Republic of Yemen,﻿Hadramawt,﻿YEM011
﻿YEM,﻿RY,﻿YEM,﻿MENAAP,﻿Member State,﻿Republic of Yemen,﻿Hajjah,﻿YEM012
﻿YEM,﻿RY,﻿YEM,﻿MENAAP,﻿Member State,﻿Republic of Yemen,﻿Al Hudaydah,﻿YEM005
﻿YEM,﻿RY,﻿YEM,﻿MENAAP,﻿Member State,﻿Republic of Yemen,﻿Ibb,﻿YEM013
﻿YEM,﻿RY,﻿YEM,﻿MENAAP,﻿Member State,﻿Republic of Yemen,﻿Al Jawf,﻿YEM006
﻿YEM,﻿RY,﻿YEM,﻿MENAAP,﻿Member State,﻿Republic of Yemen,﻿Lahij,﻿YEM014
﻿YEM,﻿RY,﻿YEM,﻿MENAAP,﻿Member State,﻿Republic of Yemen,﻿Ma'rib,﻿YEM015
﻿YEM,﻿RY,﻿YEM,﻿MENAAP,﻿Member State,﻿Republic of Yemen,﻿Al Mahrah,﻿YEM007
﻿YEM,﻿RY,﻿YEM,﻿MENAAP,﻿Member State,﻿Republic of Yemen,﻿Al Mahwit,﻿YEM008
﻿YEM,﻿RY,﻿YEM,﻿MENAAP,﻿Member State,﻿Republic of Yemen,﻿San'a',﻿YEM018
﻿YEM,﻿RY,﻿YEM,﻿MENAAP,﻿Member State,﻿Republic of Yemen,﻿Raymah,﻿YEM016
﻿YEM,﻿RY,﻿YEM,﻿MENAAP,﻿Member State,﻿Republic of Yemen,﻿San'a' City,﻿YEM019
﻿YEM,﻿RY,﻿YEM,﻿MENAAP,﻿Member State,﻿Republic of Yemen,﻿Sa'dah,﻿YEM017
﻿YEM,﻿RY,﻿YEM,﻿MENAAP,﻿Member State,﻿Republic of Yemen,﻿Shabwah,﻿YEM020
﻿YEM,﻿RY,﻿YEM,﻿MENAAP,﻿Member State,﻿Republic of Yemen,﻿Socotra,﻿YEM021
﻿YEM,﻿RY,﻿YEM,﻿MENAAP,﻿Member State,﻿Republic of Yemen,﻿Taʿizz,﻿YEM022
﻿AGO,﻿AO,﻿AGO,﻿AFR,﻿Member State,﻿Angola,﻿Lunda Norte,﻿AGO012
﻿ARE,﻿AE,﻿ARE,﻿MENAAP,﻿Member State,﻿United Arab Emirates,﻿Abu Dhabi,﻿ARE001
﻿ARE,﻿AE,﻿ARE,﻿MENAAP,﻿Member State,﻿United Arab Emirates,﻿Sharjah,﻿ARE006
﻿BDI,﻿BI,﻿BDI,﻿AFR,﻿Member State,﻿Burundi,﻿Buhumuza,﻿BDI001
﻿BDI,﻿BI,﻿BDI,﻿AFR,﻿Member State,﻿Burundi,﻿Bujumbura,﻿BDI002
﻿BDI,﻿BI,﻿BDI,﻿AFR,﻿Member State,﻿Burundi,﻿Burunga,﻿BDI003
﻿BDI,﻿BI,﻿BDI,﻿AFR,﻿Member State,﻿Burundi,﻿Butanyerera,﻿BDI004
﻿BDI,﻿BI,﻿BDI,﻿AFR,﻿Member State,﻿Burundi,﻿Gitega,﻿BDI005
﻿BHR,﻿BH,﻿BHR,﻿MENAAP,﻿Member State,﻿Bahrain,﻿Central Region,﻿BHR001
﻿BHR,﻿BH,﻿BHR,﻿MENAAP,﻿Member State,﻿Bahrain,﻿Hamad Town,﻿BHR002
﻿BHR,﻿BH,﻿BHR,﻿MENAAP,﻿Member State,﻿Bahrain,﻿Hawar Island,﻿BHR003
﻿BHR,﻿BH,﻿BHR,﻿MENAAP,﻿Member State,﻿Bahrain,﻿Hidd,﻿BHR004
﻿BHR,﻿BH,﻿BHR,﻿MENAAP,﻿Member State,﻿Bahrain,﻿Isa Town,﻿BHR005
﻿BHR,﻿BH,﻿BHR,﻿MENAAP,﻿Member State,﻿Bahrain,﻿Jidhafs,﻿BHR006
﻿BHR,﻿BH,﻿BHR,﻿MENAAP,﻿Member State,﻿Bahrain,﻿Manama,﻿BHR007
﻿BHR,﻿BH,﻿BHR,﻿MENAAP,﻿Member State,﻿Bahrain,﻿Northern Region,﻿BHR009
﻿BHR,﻿BH,﻿BHR,﻿MENAAP,﻿Member State,﻿Bahrain,﻿Riffa,﻿BHR010
﻿BHR,﻿BH,﻿BHR,﻿MENAAP,﻿Member State,﻿Bahrain,﻿Sitra,﻿BHR011
﻿BHR,﻿BH,﻿BHR,﻿MENAAP,﻿Member State,﻿Bahrain,﻿Western Region,﻿BHR012
﻿BHR,﻿BH,﻿BHR,﻿MENAAP,﻿Member State,﻿Bahrain,﻿Muharraq,﻿BHR008
﻿CAF,﻿CF,﻿CAF,﻿AFR,﻿Member State,﻿Central African Republic,﻿Bamingui-Bangoran,﻿CAF001
﻿CAF,﻿CF,﻿CAF,﻿AFR,﻿Member State,﻿Central African Republic,﻿Bangui,﻿CAF002
﻿CAF,﻿CF,﻿CAF,﻿AFR,﻿Member State,﻿Central African Republic,﻿Basse-Kotto,﻿CAF003
﻿CAF,﻿CF,﻿CAF,﻿AFR,﻿Member State,﻿Central African Republic,﻿Haut-Mbomou,﻿CAF004
﻿CAF,﻿CF,﻿CAF,﻿AFR,﻿Member State,﻿Central African Republic,﻿Haute-Kotto,﻿CAF005
﻿CAF,﻿CF,﻿CAF,﻿AFR,﻿Member State,﻿Central African Republic,﻿Kémo,﻿CAF006
﻿CAF,﻿CF,﻿CAF,﻿AFR,﻿Member State,﻿Central African Republic,﻿Lobaye,﻿CAF007
﻿CAF,﻿CF,﻿CAF,﻿AFR,﻿Member State,﻿Central African Republic,﻿Mambéré-Kadéï,﻿CAF008
﻿CAF,﻿CF,﻿CAF,﻿AFR,﻿Member State,﻿Central African Republic,﻿Mbomou,﻿CAF009
﻿CAF,﻿CF,﻿CAF,﻿AFR,﻿Member State,﻿Central African Republic,﻿Nana-Gribizi,﻿CAF010
﻿CAF,﻿CF,﻿CAF,﻿AFR,﻿Member State,﻿Central African Republic,﻿Nana-Mambéré,﻿CAF011
﻿CAF,﻿CF,﻿CAF,﻿AFR,﻿Member State,﻿Central African Republic,﻿Ombella M'Poko,﻿CAF012
﻿CAF,﻿CF,﻿CAF,﻿AFR,﻿Member State,﻿Central African Republic,﻿Ouaka,﻿CAF013
﻿CAF,﻿CF,﻿CAF,﻿AFR,﻿Member State,﻿Central African Republic,﻿Ouham,﻿CAF014
﻿CAF,﻿CF,﻿CAF,﻿AFR,﻿Member State,﻿Central African Republic,﻿Ouham Pendé,﻿CAF015
﻿CAF,﻿CF,﻿CAF,﻿AFR,﻿Member State,﻿Central African Republic,﻿Sangha-Mbaéré,﻿CAF016
﻿CAF,﻿CF,﻿CAF,﻿AFR,﻿Member State,﻿Central African Republic,﻿Vakaga,﻿CAF017
﻿CMR,﻿CM,﻿CMR,﻿AFR,﻿Member State,﻿Cameroon,﻿Adamaoua,﻿CMR001
﻿CMR,﻿CM,﻿CMR,﻿AFR,﻿Member State,﻿Cameroon,﻿Centre,﻿CMR002
﻿CMR,﻿CM,﻿CMR,﻿AFR,﻿Member State,﻿Cameroon,﻿Extrême-Nord,﻿CMR004
﻿CMR,﻿CM,﻿CMR,﻿AFR,﻿Member State,﻿Cameroon,﻿Est,﻿CMR003
﻿CMR,﻿CM,﻿CMR,﻿AFR,﻿Member State,﻿Cameroon,﻿Nord,﻿CMR006
﻿CMR,﻿CM,﻿CMR,﻿AFR,﻿Member State,﻿Cameroon,﻿Ouest,﻿CMR008
﻿CMR,﻿CM,﻿CMR,﻿AFR,﻿Member State,﻿Cameroon,﻿Sud,﻿CMR009
﻿COD,﻿ZR,﻿DRC,﻿AFR,﻿Member State,﻿Democratic Republic of Congo,﻿Bas-Uélé,﻿COD012
﻿COD,﻿ZR,﻿DRC,﻿AFR,﻿Member State,﻿Democratic Republic of Congo,﻿Équateur,﻿COD013
﻿COD,﻿ZR,﻿DRC,﻿AFR,﻿Member State,﻿Democratic Republic of Congo,﻿Haut-Lomami,﻿COD015
﻿COD,﻿ZR,﻿DRC,﻿AFR,﻿Member State,﻿Democratic Republic of Congo,﻿Haut-Uélé,﻿COD016
﻿COD,﻿ZR,﻿DRC,﻿AFR,﻿Member State,﻿Democratic Republic of Congo,﻿Ituri,﻿COD017
﻿COD,﻿ZR,﻿DRC,﻿AFR,﻿Member State,﻿Democratic Republic of Congo,﻿Kasaï,﻿COD018
﻿COD,﻿ZR,﻿DRC,﻿AFR,﻿Member State,﻿Democratic Republic of Congo,﻿Kasaï-Central,﻿COD019
﻿COD,﻿ZR,﻿DRC,﻿AFR,﻿Member State,﻿Democratic Republic of Congo,﻿Kasaï-Oriental,﻿COD020
﻿COD,﻿ZR,﻿DRC,﻿AFR,﻿Member State,﻿Democratic Republic of Congo,﻿Kinshasa,﻿COD007
﻿COD,﻿ZR,﻿DRC,﻿AFR,﻿Member State,﻿Democratic Republic of Congo,﻿Kwilu,﻿COD022
﻿COD,﻿ZR,﻿DRC,﻿AFR,﻿Member State,﻿Democratic Republic of Congo,﻿Lomami,﻿COD023
﻿COD,﻿ZR,﻿DRC,﻿AFR,﻿Member State,﻿Democratic Republic of Congo,﻿Mai-Ndombe,﻿COD025
﻿COD,﻿ZR,﻿DRC,﻿AFR,﻿Member State,﻿Democratic Republic of Congo,﻿Maniema,﻿COD008
﻿COD,﻿ZR,﻿DRC,﻿AFR,﻿Member State,﻿Democratic Republic of Congo,﻿Mongala,﻿COD026
﻿COD,﻿ZR,﻿DRC,﻿AFR,﻿Member State,﻿Democratic Republic of Congo,﻿Nord-Kivu,﻿COD009
﻿COD,﻿ZR,﻿DRC,﻿AFR,﻿Member State,﻿Democratic Republic of Congo,﻿Nord-Ubangi,﻿COD027
﻿COD,﻿ZR,﻿DRC,﻿AFR,﻿Member State,﻿Democratic Republic of Congo,﻿Sankuru,﻿COD028
﻿COD,﻿ZR,﻿DRC,﻿AFR,﻿Member State,﻿Democratic Republic of Congo,﻿Sud-Kivu,﻿COD011
﻿COD,﻿ZR,﻿DRC,﻿AFR,﻿Member State,﻿Democratic Republic of Congo,﻿Sud-Ubangi,﻿COD029
﻿COD,﻿ZR,﻿DRC,﻿AFR,﻿Member State,﻿Democratic Republic of Congo,﻿Tanganyika,﻿COD030
﻿COD,﻿ZR,﻿DRC,﻿AFR,﻿Member State,﻿Democratic Republic of Congo,﻿Tshopo,﻿COD031
﻿COD,﻿ZR,﻿DRC,﻿AFR,﻿Member State,﻿Democratic Republic of Congo,﻿Tshuapa,﻿COD032
﻿COG,﻿CG,﻿COG,﻿AFR,﻿Member State,﻿Congo,﻿Bouenza,﻿COG001
﻿COG,﻿CG,﻿COG,﻿AFR,﻿Member State,﻿Congo,﻿Brazzaville,﻿COG002
﻿COG,﻿CG,﻿COG,﻿AFR,﻿Member State,﻿Congo,﻿Cuvette-Ouest,﻿COG004
﻿COG,﻿CG,﻿COG,﻿AFR,﻿Member State,﻿Congo,﻿Cuvette,﻿COG003
﻿COG,﻿CG,﻿COG,﻿AFR,﻿Member State,﻿Congo,﻿Lekoumou,﻿COG006
﻿COG,﻿CG,﻿COG,﻿AFR,﻿Member State,﻿Congo,﻿Likouala,﻿COG007
﻿COG,﻿CG,﻿COG,﻿AFR,﻿Member State,﻿Congo,﻿Niari,﻿COG008
﻿COG,﻿CG,﻿COG,﻿AFR,﻿Member State,﻿Congo,﻿Plateaux,﻿COG009
﻿COG,﻿CG,﻿COG,﻿AFR,﻿Member State,﻿Congo,﻿Pool,﻿COG011
﻿COG,﻿CG,﻿COG,﻿AFR,﻿Member State,﻿Congo,﻿Sangha,﻿COG012
﻿DJI,﻿DJ,﻿DJI,﻿MENAAP,﻿Member State,﻿Djibouti,﻿Arta,﻿DJI006
﻿DJI,﻿DJ,﻿DJI,﻿MENAAP,﻿Member State,﻿Djibouti,﻿Ali Sabieh,﻿DJI001
﻿DJI,﻿DJ,﻿DJI,﻿MENAAP,﻿Member State,﻿Djibouti,﻿Djibouti-Ville,﻿DJI003
﻿DJI,﻿DJ,﻿DJI,﻿MENAAP,﻿Member State,﻿Djibouti,﻿Dikhil,﻿DJI002
﻿DJI,﻿DJ,﻿DJI,﻿MENAAP,﻿Member State,﻿Djibouti,﻿Obock,﻿DJI004
﻿DJI,﻿DJ,﻿DJI,﻿MENAAP,﻿Member State,﻿Djibouti,﻿Tadjourah,﻿DJI005
﻿EGY,﻿EG,﻿EGY,﻿MENAAP,﻿Member State,﻿Arab Republic of Egypt,﻿Assiut,﻿EGY002
﻿EGY,﻿EG,﻿EGY,﻿MENAAP,﻿Member State,﻿Arab Republic of Egypt,﻿Red Sea,﻿EGY023
﻿EGY,﻿EG,﻿EGY,﻿MENAAP,﻿Member State,﻿Arab Republic of Egypt,﻿Behera,﻿EGY004
﻿EGY,﻿EG,﻿EGY,﻿MENAAP,﻿Member State,﻿Arab Republic of Egypt,﻿Beni Suef,﻿EGY005
﻿EGY,﻿EG,﻿EGY,﻿MENAAP,﻿Member State,﻿Arab Republic of Egypt,﻿Fayoum,﻿EGY009
﻿EGY,﻿EG,﻿EGY,﻿MENAAP,﻿Member State,﻿Arab Republic of Egypt,﻿Alexandria,﻿EGY001
﻿EGY,﻿EG,﻿EGY,﻿MENAAP,﻿Member State,﻿Arab Republic of Egypt,﻿Giza,﻿EGY011
﻿EGY,﻿EG,﻿EGY,﻿MENAAP,﻿Member State,﻿Arab Republic of Egypt,﻿Menia,﻿EGY017
﻿EGY,﻿EG,﻿EGY,﻿MENAAP,﻿Member State,﻿Arab Republic of Egypt,﻿Matrouh,﻿EGY016
﻿EGY,﻿EG,﻿EGY,﻿MENAAP,﻿Member State,﻿Arab Republic of Egypt,﻿Luxor,﻿EGY015
﻿EGY,﻿EG,﻿EGY,﻿MENAAP,﻿Member State,﻿Arab Republic of Egypt,﻿New Valley,﻿EGY019
﻿ERI,﻿ER,﻿ERI,﻿AFR,﻿Member State,﻿Eritrea,﻿Archipelagos,﻿ERI002
﻿ERI,﻿ER,﻿ERI,﻿AFR,﻿Member State,﻿Eritrea,﻿Debubawi Keih Bahri,﻿ERI004
﻿ERI,﻿ER,﻿ERI,﻿AFR,﻿Member State,﻿Eritrea,﻿Semienawi Keih Bahri,﻿ERI007
﻿ETH,﻿ET,﻿ETH,﻿AFR,﻿Member State,﻿Ethiopia,﻿Addis Ababa,﻿ETH001
﻿ETH,﻿ET,﻿ETH,﻿AFR,﻿Member State,﻿Ethiopia,﻿Afar,﻿ETH002
﻿ETH,﻿ET,﻿ETH,﻿AFR,﻿Member State,﻿Ethiopia,﻿Central Ethiopia Regional State,﻿ETH014
﻿ETH,﻿ET,﻿ETH,﻿AFR,﻿Member State,﻿Ethiopia,﻿Dire Dawa,﻿ETH005
﻿ETH,﻿ET,﻿ETH,﻿AFR,﻿Member State,﻿Ethiopia,﻿Gambela,﻿ETH006
﻿ETH,﻿ET,﻿ETH,﻿AFR,﻿Member State,﻿Ethiopia,﻿Harari,﻿ETH007
﻿ETH,﻿ET,﻿ETH,﻿AFR,﻿Member State,﻿Ethiopia,﻿Oromia,﻿ETH008
﻿ETH,﻿ET,﻿ETH,﻿AFR,﻿Member State,﻿Ethiopia,﻿Sidama,﻿ETH009
﻿ETH,﻿ET,﻿ETH,﻿AFR,﻿Member State,﻿Ethiopia,﻿SNNP,﻿ETH010
﻿ETH,﻿ET,﻿ETH,﻿AFR,﻿Member State,﻿Ethiopia,﻿Somali,﻿ETH011
﻿ETH,﻿ET,﻿ETH,﻿AFR,﻿Member State,﻿Ethiopia,﻿South West Ethiopia,﻿ETH012
﻿GAB,﻿GA,﻿GAB,﻿AFR,﻿Member State,﻿Gabon,﻿Haut-Ogooue,﻿GAB002
﻿GAB,﻿GA,﻿GAB,﻿AFR,﻿Member State,﻿Gabon,﻿Moyen-Ogooue,﻿GAB003
﻿GAB,﻿GA,﻿GAB,﻿AFR,﻿Member State,﻿Gabon,﻿Ngounie,﻿GAB004
﻿GAB,﻿GA,﻿GAB,﻿AFR,﻿Member State,﻿Gabon,﻿Ogooue-Ivindo,﻿GAB006
﻿GAB,﻿GA,﻿GAB,﻿AFR,﻿Member State,﻿Gabon,﻿Ogooue-lolo,﻿GAB007
﻿GAB,﻿GA,﻿GAB,﻿AFR,﻿Member State,﻿Gabon,﻿Woleu-Ntem,﻿GAB009
﻿KEN,﻿KE,﻿KEN,﻿AFR,﻿Member State,﻿Kenya,﻿Baringo,﻿KEN001
﻿KEN,﻿KE,﻿KEN,﻿AFR,﻿Member State,﻿Kenya,﻿Bomet,﻿KEN002
﻿KEN,﻿KE,﻿KEN,﻿AFR,﻿Member State,﻿Kenya,﻿Bungoma,﻿KEN003
﻿KEN,﻿KE,﻿KEN,﻿AFR,﻿Member State,﻿Kenya,﻿Busia,﻿KEN004
﻿KEN,﻿KE,﻿KEN,﻿AFR,﻿Member State,﻿Kenya,﻿Elgeyo-Marakwet,﻿KEN005
﻿KEN,﻿KE,﻿KEN,﻿AFR,﻿Member State,﻿Kenya,﻿Embu,﻿KEN006
﻿KEN,﻿KE,﻿KEN,﻿AFR,﻿Member State,﻿Kenya,﻿Garissa,﻿KEN007
﻿KEN,﻿KE,﻿KEN,﻿AFR,﻿Member State,﻿Kenya,﻿Homa Bay,﻿KEN008
﻿KEN,﻿KE,﻿KEN,﻿AFR,﻿Member State,﻿Kenya,﻿Isiolo,﻿KEN009
﻿KEN,﻿KE,﻿KEN,﻿AFR,﻿Member State,﻿Kenya,﻿Kajiado,﻿KEN010
﻿KEN,﻿KE,﻿KEN,﻿AFR,﻿Member State,﻿Kenya,﻿Kakamega,﻿KEN011
﻿KEN,﻿KE,﻿KEN,﻿AFR,﻿Member State,﻿Kenya,﻿Kericho,﻿KEN012
﻿KEN,﻿KE,﻿KEN,﻿AFR,﻿Member State,﻿Kenya,﻿Kiambu,﻿KEN013
﻿KEN,﻿KE,﻿KEN,﻿AFR,﻿Member State,﻿Kenya,﻿Kilifi,﻿KEN014
﻿KEN,﻿KE,﻿KEN,﻿AFR,﻿Member State,﻿Kenya,﻿Kirinyaga,﻿KEN015
﻿KEN,﻿KE,﻿KEN,﻿AFR,﻿Member State,﻿Kenya,﻿Kisii,﻿KEN016
﻿KEN,﻿KE,﻿KEN,﻿AFR,﻿Member State,﻿Kenya,﻿Kisumu,﻿KEN017
﻿KEN,﻿KE,﻿KEN,﻿AFR,﻿Member State,﻿Kenya,﻿Kitui,﻿KEN018
﻿KEN,﻿KE,﻿KEN,﻿AFR,﻿Member State,﻿Kenya,﻿Kwale,﻿KEN019
﻿KEN,﻿KE,﻿KEN,﻿AFR,﻿Member State,﻿Kenya,﻿Laikipia,﻿KEN020
﻿KEN,﻿KE,﻿KEN,﻿AFR,﻿Member State,﻿Kenya,﻿Lamu,﻿KEN021
﻿KEN,﻿KE,﻿KEN,﻿AFR,﻿Member State,﻿Kenya,﻿Machakos,﻿KEN022
﻿KEN,﻿KE,﻿KEN,﻿AFR,﻿Member State,﻿Kenya,﻿Makueni,﻿KEN023
﻿KEN,﻿KE,﻿KEN,﻿AFR,﻿Member State,﻿Kenya,﻿Mandera,﻿KEN024
﻿KEN,﻿KE,﻿KEN,﻿AFR,﻿Member State,﻿Kenya,﻿Marsabit,﻿KEN025
﻿KEN,﻿KE,﻿KEN,﻿AFR,﻿Member State,﻿Kenya,﻿Meru,﻿KEN026
﻿KEN,﻿KE,﻿KEN,﻿AFR,﻿Member State,﻿Kenya,﻿Migori,﻿KEN027
﻿KEN,﻿KE,﻿KEN,﻿AFR,﻿Member State,﻿Kenya,﻿Murang'a,﻿KEN029
﻿KEN,﻿KE,﻿KEN,﻿AFR,﻿Member State,﻿Kenya,﻿Nairobi,﻿KEN030
﻿KEN,﻿KE,﻿KEN,﻿AFR,﻿Member State,﻿Kenya,﻿Nakuru,﻿KEN031
﻿KEN,﻿KE,﻿KEN,﻿AFR,﻿Member State,﻿Kenya,﻿Nandi,﻿KEN032
﻿KEN,﻿KE,﻿KEN,﻿AFR,﻿Member State,﻿Kenya,﻿Narok,﻿KEN033
﻿KEN,﻿KE,﻿KEN,﻿AFR,﻿Member State,﻿Kenya,﻿Nyamira,﻿KEN034
﻿KEN,﻿KE,﻿KEN,﻿AFR,﻿Member State,﻿Kenya,﻿Nyandarua,﻿KEN035
﻿KEN,﻿KE,﻿KEN,﻿AFR,﻿Member State,﻿Kenya,﻿Nyeri,﻿KEN036
﻿KEN,﻿KE,﻿KEN,﻿AFR,﻿Member State,﻿Kenya,﻿Samburu,﻿KEN037
﻿KEN,﻿KE,﻿KEN,﻿AFR,﻿Member State,﻿Kenya,﻿Siaya,﻿KEN038
﻿KEN,﻿KE,﻿KEN,﻿AFR,﻿Member State,﻿Kenya,﻿Taita Taveta,﻿KEN039
﻿KEN,﻿KE,﻿KEN,﻿AFR,﻿Member State,﻿Kenya,﻿Tana River,﻿KEN040
﻿KEN,﻿KE,﻿KEN,﻿AFR,﻿Member State,﻿Kenya,﻿Tharaka-Nithi,﻿KEN041
﻿KEN,﻿KE,﻿KEN,﻿AFR,﻿Member State,﻿Kenya,﻿Trans Nzoia,﻿KEN042
﻿KEN,﻿KE,﻿KEN,﻿AFR,﻿Member State,﻿Kenya,﻿Turkana,﻿KEN043
﻿KEN,﻿KE,﻿KEN,﻿AFR,﻿Member State,﻿Kenya,﻿Uasin Gishu,﻿KEN044
﻿KEN,﻿KE,﻿KEN,﻿AFR,﻿Member State,﻿Kenya,﻿Vihiga,﻿KEN045
﻿KEN,﻿KE,﻿KEN,﻿AFR,﻿Member State,﻿Kenya,﻿Wajir,﻿KEN046
﻿KEN,﻿KE,﻿KEN,﻿AFR,﻿Member State,﻿Kenya,﻿West Pokot,﻿KEN047
﻿LBY,﻿LY,﻿LBY,﻿MENAAP,﻿Member State,﻿Libya,﻿Ajdabiya (agedabia),﻿LBY001
﻿LBY,﻿LY,﻿LBY,﻿MENAAP,﻿Member State,﻿Libya,﻿Al Aziziyah,﻿LBY002
﻿LBY,﻿LY,﻿LBY,﻿MENAAP,﻿Member State,﻿Libya,﻿Al Khoms,﻿LBY006
﻿LBY,﻿LY,﻿LBY,﻿MENAAP,﻿Member State,﻿Libya,﻿Ash Shati,﻿LBY008
﻿LBY,﻿LY,﻿LBY,﻿MENAAP,﻿Member State,﻿Libya,﻿Awbari (ubari),﻿LBY009
﻿LBY,﻿LY,﻿LBY,﻿MENAAP,﻿Member State,﻿Libya,﻿Az Zawia (azzawiya),﻿LBY010
﻿LBY,﻿LY,﻿LBY,﻿MENAAP,﻿Member State,﻿Libya,﻿Ghadamis,﻿LBY013
﻿LBY,﻿LY,﻿LBY,﻿MENAAP,﻿Member State,﻿Libya,﻿Gharyan,﻿LBY014
﻿LBY,﻿LY,﻿LBY,﻿MENAAP,﻿Member State,﻿Libya,﻿Misurata,﻿LBY015
﻿LBY,﻿LY,﻿LBY,﻿MENAAP,﻿Member State,﻿Libya,﻿Nuqat Al Khams,﻿LBY017
﻿LBY,﻿LY,﻿LBY,﻿MENAAP,﻿Member State,﻿Libya,﻿Sawfajjin (sofuljeen),﻿LBY019
﻿LBY,﻿LY,﻿LBY,﻿MENAAP,﻿Member State,﻿Libya,﻿Surt (sirte),﻿LBY020
﻿LBY,﻿LY,﻿LBY,﻿MENAAP,﻿Member State,﻿Libya,﻿Tarhunah,﻿LBY021
﻿LBY,﻿LY,﻿LBY,﻿MENAAP,﻿Member State,﻿Libya,﻿Tripoli (tarabulus),﻿LBY022
﻿LBY,﻿LY,﻿LBY,﻿MENAAP,﻿Member State,﻿Libya,﻿Tubruq (tobruk),﻿LBY023
﻿LBY,﻿LY,﻿LBY,﻿MENAAP,﻿Member State,﻿Libya,﻿Yafran (yefren),﻿LBY024
﻿LBY,﻿LY,﻿LBY,﻿MENAAP,﻿Member State,﻿Libya,﻿Zeleitin (zliten),﻿LBY025
﻿LBY,﻿LY,﻿LBY,﻿MENAAP,﻿Member State,﻿Libya,﻿Al Jufrah,﻿LBY005
﻿LBY,﻿LY,﻿LBY,﻿MENAAP,﻿Member State,﻿Libya,﻿Al Kufrah,﻿LBY007
﻿LBY,﻿LY,﻿LBY,﻿MENAAP,﻿Member State,﻿Libya,﻿Murzuq,﻿LBY016
﻿LBY,﻿LY,﻿LBY,﻿MENAAP,﻿Member State,﻿Libya,﻿Sabha,﻿LBY018
﻿MLT,﻿MT,﻿MLT,﻿MENAAP,﻿Member State,﻿Malta,﻿Western,﻿MLT006
﻿NER,﻿NE,﻿NER,﻿AFR,﻿Member State,﻿Niger,﻿Diffa,﻿NER002
﻿NGA,﻿NG,﻿NGA,﻿AFR,﻿Member State,﻿Nigeria,﻿Adamawa,﻿NGA002
﻿NGA,﻿NG,﻿NGA,﻿AFR,﻿Member State,﻿Nigeria,﻿Bauchi,﻿NGA005
﻿NGA,﻿NG,﻿NGA,﻿AFR,﻿Member State,﻿Nigeria,﻿Borno,﻿NGA008
﻿NGA,﻿NG,﻿NGA,﻿AFR,﻿Member State,﻿Nigeria,﻿Gombe,﻿NGA016
﻿NGA,﻿NG,﻿NGA,﻿AFR,﻿Member State,﻿Nigeria,﻿Jigawa,﻿NGA018
﻿NGA,﻿NG,﻿NGA,﻿AFR,﻿Member State,﻿Nigeria,﻿Plateau,﻿NGA032
﻿NGA,﻿NG,﻿NGA,﻿AFR,﻿Member State,﻿Nigeria,﻿Taraba,﻿NGA035
﻿NGA,﻿NG,﻿NGA,﻿AFR,﻿Member State,﻿Nigeria,﻿Yobe,﻿NGA036
﻿QAT,﻿QA,﻿QAT,﻿MENAAP,﻿Member State,﻿Qatar,﻿Al Ghuwayriyah,﻿QAT002
﻿QAT,﻿QA,﻿QAT,﻿MENAAP,﻿Member State,﻿Qatar,﻿Al Jumayliyah,﻿QAT003
﻿QAT,﻿QA,﻿QAT,﻿MENAAP,﻿Member State,﻿Qatar,﻿Jarayan Al Batnah,﻿QAT008
﻿QAT,﻿QA,﻿QAT,﻿MENAAP,﻿Member State,﻿Qatar,﻿Ad Dawhah,﻿QAT001
﻿QAT,﻿QA,﻿QAT,﻿MENAAP,﻿Member State,﻿Qatar,﻿Al Khawr,﻿QAT004
﻿QAT,﻿QA,﻿QAT,﻿MENAAP,﻿Member State,﻿Qatar,﻿Ash Shamal,﻿QAT007
﻿QAT,﻿QA,﻿QAT,﻿MENAAP,﻿Member State,﻿Qatar,﻿Ar Rayyan,﻿QAT006
﻿QAT,﻿QA,﻿QAT,﻿MENAAP,﻿Member State,﻿Qatar,﻿Umm Salal,﻿QAT009
﻿QAT,﻿QA,﻿QAT,﻿MENAAP,﻿Member State,﻿Qatar,﻿Al-wakrah,﻿QAT005
﻿RUS,﻿RU,﻿RUS,﻿ECA,﻿Member State,﻿Russian Federation,﻿Komi-permyatskiy Okrug,﻿RUS035
﻿RUS,﻿RU,﻿RUS,﻿ECA,﻿Member State,﻿Russian Federation,﻿Arkhangelskaya Oblast,﻿RUS006
﻿RUS,﻿RU,﻿RUS,﻿ECA,﻿Member State,﻿Russian Federation,﻿Bashkortostan Rep.,﻿RUS008
﻿RUS,﻿RU,﻿RUS,﻿ECA,﻿Member State,﻿Russian Federation,﻿Chuvashiya Rep.,﻿RUS016
﻿RUS,﻿RU,﻿RUS,﻿ECA,﻿Member State,﻿Russian Federation,﻿Khabarovskiy Kray,﻿RUS030
﻿RUS,﻿RU,﻿RUS,﻿ECA,﻿Member State,﻿Russian Federation,﻿Komi Rep.,﻿RUS034
﻿RUS,﻿RU,﻿RUS,﻿ECA,﻿Member State,﻿Russian Federation,﻿Kostromskaya Oblast,﻿RUS037
﻿RUS,﻿RU,﻿RUS,﻿ECA,﻿Member State,﻿Russian Federation,﻿Kirovskaya Oblast,﻿RUS033
﻿RUS,﻿RU,﻿RUS,﻿ECA,﻿Member State,﻿Russian Federation,﻿Mariy-el Rep.,﻿RUS045
﻿RUS,﻿RU,﻿RUS,﻿ECA,﻿Member State,﻿Russian Federation,﻿Mordoviya Rep.,﻿RUS046
﻿RUS,﻿RU,﻿RUS,﻿ECA,﻿Member State,﻿Russian Federation,﻿Nenetskiy Okrug,﻿RUS051
﻿RUS,﻿RU,﻿RUS,﻿ECA,﻿Member State,﻿Russian Federation,﻿Nizhegorodskaya Oblast,﻿RUS052
﻿RUS,﻿RU,﻿RUS,﻿ECA,﻿Member State,﻿Russian Federation,﻿Orenburgskaya Oblast,﻿RUS056
﻿RUS,﻿RU,﻿RUS,﻿ECA,﻿Member State,﻿Russian Federation,﻿Permskaya Oblast,﻿RUS059
﻿RUS,﻿RU,﻿RUS,﻿ECA,﻿Member State,﻿Russian Federation,﻿Primorskiy Kray,﻿RUS060
﻿RUS,﻿RU,﻿RUS,﻿ECA,﻿Member State,﻿Russian Federation,﻿Penzenskaya Oblast,﻿RUS058
﻿RUS,﻿RU,﻿RUS,﻿ECA,﻿Member State,﻿Russian Federation,﻿Samarskaya Oblast,﻿RUS066
﻿RUS,﻿RU,﻿RUS,﻿ECA,﻿Member State,﻿Russian Federation,﻿Sakha Rep.,﻿RUS064
﻿RUS,﻿RU,﻿RUS,﻿ECA,﻿Member State,﻿Russian Federation,﻿Saratovskaya Oblast,﻿RUS068
﻿RUS,﻿RU,﻿RUS,﻿ECA,﻿Member State,﻿Russian Federation,﻿Tatarstan Rep.,﻿RUS074
﻿RUS,﻿RU,﻿RUS,﻿ECA,﻿Member State,﻿Russian Federation,﻿Udmurtiya Rep.,﻿RUS081
﻿RUS,﻿RU,﻿RUS,﻿ECA,﻿Member State,﻿Russian Federation,﻿Ulyanovskaya Oblast,﻿RUS082
﻿RUS,﻿RU,﻿RUS,﻿ECA,﻿Member State,﻿Russian Federation,﻿Yevreyskaya A. Oblast,﻿RUS090
﻿RWA,﻿RW,﻿RWA,﻿AFR,﻿Member State,﻿Rwanda,﻿Eastern,﻿RWA001
﻿RWA,﻿RW,﻿RWA,﻿AFR,﻿Member State,﻿Rwanda,﻿City of Kigali,﻿RWA002
﻿RWA,﻿RW,﻿RWA,﻿AFR,﻿Member State,﻿Rwanda,﻿Northern,﻿RWA003
﻿RWA,﻿RW,﻿RWA,﻿AFR,﻿Member State,﻿Rwanda,﻿Western,﻿RWA005
﻿RWA,﻿RW,﻿RWA,﻿AFR,﻿Member State,﻿Rwanda,﻿Southern,﻿RWA004
﻿SAU,﻿SA,﻿SAU,﻿MENAAP,﻿Member State,﻿Saudi Arabia,﻿Al Bāhah,﻿SAU002
﻿SAU,﻿SA,﻿SAU,﻿MENAAP,﻿Member State,﻿Saudi Arabia,﻿Ḥā'il,﻿SAU009
﻿SAU,﻿SA,﻿SAU,﻿MENAAP,﻿Member State,﻿Saudi Arabia,﻿Jīzan,﻿SAU010
﻿SAU,﻿SA,﻿SAU,﻿MENAAP,﻿Member State,﻿Saudi Arabia,﻿Al Madīnah,﻿SAU005
﻿SAU,﻿SA,﻿SAU,﻿MENAAP,﻿Member State,﻿Saudi Arabia,﻿Makkah,﻿SAU011
﻿SAU,﻿SA,﻿SAU,﻿MENAAP,﻿Member State,﻿Saudi Arabia,﻿Ar Riyāḍ,﻿SAU007
﻿SAU,﻿SA,﻿SAU,﻿MENAAP,﻿Member State,﻿Saudi Arabia,﻿Ash Sharqīyah,﻿SAU008
﻿SAU,﻿SA,﻿SAU,﻿MENAAP,﻿Member State,﻿Saudi Arabia,﻿Tabūk,﻿SAU013
﻿SDN,﻿SD,﻿SDN,﻿AFR,﻿Member State,﻿Sudan,﻿Central Darfur,﻿SDN003
﻿SDN,﻿SD,﻿SDN,﻿AFR,﻿Member State,﻿Sudan,﻿East Darfur,﻿SDN004
﻿SDN,﻿SD,﻿SDN,﻿AFR,﻿Member State,﻿Sudan,﻿North Darfur,﻿SDN008
﻿SDN,﻿SD,﻿SDN,﻿AFR,﻿Member State,﻿Sudan,﻿North Kordofan,﻿SDN009
﻿SDN,﻿SD,﻿SDN,﻿AFR,﻿Member State,﻿Sudan,﻿Northern,﻿SDN010
﻿SDN,﻿SD,﻿SDN,﻿AFR,﻿Member State,﻿Sudan,﻿Red Sea,﻿SDN011
﻿SDN,﻿SD,﻿SDN,﻿AFR,﻿Member State,﻿Sudan,﻿South Darfur,﻿SDN014
﻿SDN,﻿SD,﻿SDN,﻿AFR,﻿Member State,﻿Sudan,﻿West Darfur,﻿SDN016
﻿SDN,﻿SD,﻿SDN,﻿AFR,﻿Member State,﻿Sudan,﻿West Kordofan,﻿SDN017
﻿SOM,﻿SO,﻿SOM,﻿AFR,﻿Member State,﻿Federal Republic of Somalia,﻿Awdal,﻿SOM001
﻿SOM,﻿SO,﻿SOM,﻿AFR,﻿Member State,﻿Federal Republic of Somalia,﻿Bakool,﻿SOM002
﻿SOM,﻿SO,﻿SOM,﻿AFR,﻿Member State,﻿Federal Republic of Somalia,﻿Banadir,﻿SOM003
﻿SOM,﻿SO,﻿SOM,﻿AFR,﻿Member State,﻿Federal Republic of Somalia,﻿Bay,﻿SOM005
﻿SOM,﻿SO,﻿SOM,﻿AFR,﻿Member State,﻿Federal Republic of Somalia,﻿Galgaduud,﻿SOM006
﻿SOM,﻿SO,﻿SOM,﻿AFR,﻿Member State,﻿Federal Republic of Somalia,﻿Gedo,﻿SOM007
﻿SOM,﻿SO,﻿SOM,﻿AFR,﻿Member State,﻿Federal Republic of Somalia,﻿Hiraan,﻿SOM008
﻿SOM,﻿SO,﻿SOM,﻿AFR,﻿Member State,﻿Federal Republic of Somalia,﻿Juba Dhexe,﻿SOM009
﻿SOM,﻿SO,﻿SOM,﻿AFR,﻿Member State,﻿Federal Republic of Somalia,﻿Juba Hoose,﻿SOM010
﻿SOM,﻿SO,﻿SOM,﻿AFR,﻿Member State,﻿Federal Republic of Somalia,﻿Mudug,﻿SOM011
﻿SOM,﻿SO,﻿SOM,﻿AFR,﻿Member State,﻿Federal Republic of Somalia,﻿Nugaal,﻿SOM012
﻿SOM,﻿SO,﻿SOM,﻿AFR,﻿Member State,﻿Federal Republic of Somalia,﻿Sanaag,﻿SOM013
﻿SOM,﻿SO,﻿SOM,﻿AFR,﻿Member State,﻿Federal Republic of Somalia,﻿Shabelle Dhexe,﻿SOM014
﻿SOM,﻿SO,﻿SOM,﻿AFR,﻿Member State,﻿Federal Republic of Somalia,﻿Shabelle Hoose,﻿SOM015
﻿SOM,﻿SO,﻿SOM,﻿AFR,﻿Member State,﻿Federal Republic of Somalia,﻿Sool,﻿SOM016
﻿SOM,﻿SO,﻿SOM,﻿AFR,﻿Member State,﻿Federal Republic of Somalia,﻿Togdheer,﻿SOM017
﻿SOM,﻿SO,﻿SOM,﻿AFR,﻿Member State,﻿Federal Republic of Somalia,﻿Woqooyi Galbeed,﻿SOM018
﻿SSD,﻿SS,﻿SSD,﻿AFR,﻿Member State,﻿South Sudan,﻿Central Equatoria,﻿SSD001
﻿SSD,﻿SS,﻿SSD,﻿AFR,﻿Member State,﻿South Sudan,﻿Eastern Equatoria,﻿SSD002
﻿SSD,﻿SS,﻿SSD,﻿AFR,﻿Member State,﻿South Sudan,﻿Lakes,﻿SSD004
﻿SSD,﻿SS,﻿SSD,﻿AFR,﻿Member State,﻿South Sudan,﻿Northern Bahr el Ghazal,﻿SSD005
﻿SSD,﻿SS,﻿SSD,﻿AFR,﻿Member State,﻿South Sudan,﻿Pibor Administrative Area,﻿SSD006
﻿SSD,﻿SS,﻿SSD,﻿AFR,﻿Member State,﻿South Sudan,﻿Unity,﻿SSD008
﻿SSD,﻿SS,﻿SSD,﻿AFR,﻿Member State,﻿South Sudan,﻿Warrap,﻿SSD010
﻿SSD,﻿SS,﻿SSD,﻿AFR,﻿Member State,﻿South Sudan,﻿Western Bahr el Ghazal,﻿SSD011
﻿SSD,﻿SS,﻿SSD,﻿AFR,﻿Member State,﻿South Sudan,﻿Western Equatoria,﻿SSD012
﻿SYC,﻿SC,﻿SYC,﻿AFR,﻿Member State,﻿Seychelles,﻿Central Mahe,﻿SYC001
﻿SYC,﻿SC,﻿SYC,﻿AFR,﻿Member State,﻿Seychelles,﻿East Mahe,﻿SYC002
﻿SYC,﻿SC,﻿SYC,﻿AFR,﻿Member State,﻿Seychelles,﻿La Digue,﻿SYC003
﻿SYC,﻿SC,﻿SYC,﻿AFR,﻿Member State,﻿Seychelles,﻿North Mahe,﻿SYC004
﻿SYC,﻿SC,﻿SYC,﻿AFR,﻿Member State,﻿Seychelles,﻿Other Islands,﻿SYC005
﻿SYC,﻿SC,﻿SYC,﻿AFR,﻿Member State,﻿Seychelles,﻿Praslin,﻿SYC006
﻿TCD,﻿TD,﻿TCD,﻿AFR,﻿Member State,﻿Chad,﻿Batha,﻿TCD002
﻿TCD,﻿TD,﻿TCD,﻿AFR,﻿Member State,﻿Chad,﻿Barh El-Gazel,﻿TCD001
﻿TCD,﻿TD,﻿TCD,﻿AFR,﻿Member State,﻿Chad,﻿Wadi Fira,﻿TCD023
﻿TCD,﻿TD,﻿TCD,﻿AFR,﻿Member State,﻿Chad,﻿Borkou,﻿TCD003
﻿TCD,﻿TD,﻿TCD,﻿AFR,﻿Member State,﻿Chad,﻿Chari-Baguirmi,﻿TCD004
﻿TCD,﻿TD,﻿TCD,﻿AFR,﻿Member State,﻿Chad,﻿Ennedi Est,﻿TCD005
﻿TCD,﻿TD,﻿TCD,﻿AFR,﻿Member State,﻿Chad,﻿Ennedi Ouest,﻿TCD006
﻿TCD,﻿TD,﻿TCD,﻿AFR,﻿Member State,﻿Chad,﻿Guéra,﻿TCD007
﻿TCD,﻿TD,﻿TCD,﻿AFR,﻿Member State,﻿Chad,﻿Hadjer-Lamis,﻿TCD008
﻿TCD,﻿TD,﻿TCD,﻿AFR,﻿Member State,﻿Chad,﻿Kanem,﻿TCD009
﻿TCD,﻿TD,﻿TCD,﻿AFR,﻿Member State,﻿Chad,﻿Lac,﻿TCD010
﻿TCD,﻿TD,﻿TCD,﻿AFR,﻿Member State,﻿Chad,﻿Logone Occidental,﻿TCD011
﻿TCD,﻿TD,﻿TCD,﻿AFR,﻿Member State,﻿Chad,﻿Logone Oriental,﻿TCD012
﻿TCD,﻿TD,﻿TCD,﻿AFR,﻿Member State,﻿Chad,﻿Mandoul,﻿TCD013
﻿TCD,﻿TD,﻿TCD,﻿AFR,﻿Member State,﻿Chad,﻿Mayo-Kebbi Est,﻿TCD014
﻿TCD,﻿TD,﻿TCD,﻿AFR,﻿Member State,﻿Chad,﻿Moyen-Chari,﻿TCD016
﻿TCD,﻿TD,﻿TCD,﻿AFR,﻿Member State,﻿Chad,﻿Mayo-Kebbi Ouest,﻿TCD015
﻿TCD,﻿TD,﻿TCD,﻿AFR,﻿Member State,﻿Chad,﻿N'Djamena,﻿TCD022
﻿TCD,﻿TD,﻿TCD,﻿AFR,﻿Member State,﻿Chad,﻿Ouaddaï,﻿TCD017
﻿TCD,﻿TD,﻿TCD,﻿AFR,﻿Member State,﻿Chad,﻿Salamat,﻿TCD018
﻿TCD,﻿TD,﻿TCD,﻿AFR,﻿Member State,﻿Chad,﻿Sila,﻿TCD019
﻿TCD,﻿TD,﻿TCD,﻿AFR,﻿Member State,﻿Chad,﻿Tandjilé,﻿TCD020
﻿TCD,﻿TD,﻿TCD,﻿AFR,﻿Member State,﻿Chad,﻿Tibesti,﻿TCD021
﻿TUN,﻿TN,﻿TUN,﻿MENAAP,﻿Member State,﻿Tunisia,﻿Gabes,﻿TUN005
﻿TUN,﻿TN,﻿TUN,﻿MENAAP,﻿Member State,﻿Tunisia,﻿Kairouan,﻿TUN008
﻿TUN,﻿TN,﻿TUN,﻿MENAAP,﻿Member State,﻿Tunisia,﻿Mahdia,﻿TUN012
﻿TUN,﻿TN,﻿TUN,﻿MENAAP,﻿Member State,﻿Tunisia,﻿Mednine,﻿TUN013
﻿TUN,﻿TN,﻿TUN,﻿MENAAP,﻿Member State,﻿Tunisia,﻿Monastir,﻿TUN014
﻿TUN,﻿TN,﻿TUN,﻿MENAAP,﻿Member State,﻿Tunisia,﻿Sfax,﻿TUN016
﻿TUN,﻿TN,﻿TUN,﻿MENAAP,﻿Member State,﻿Tunisia,﻿Sidi bouzid,﻿TUN017
﻿TUN,﻿TN,﻿TUN,﻿MENAAP,﻿Member State,﻿Tunisia,﻿Siliana,﻿TUN018
﻿TUN,﻿TN,﻿TUN,﻿MENAAP,﻿Member State,﻿Tunisia,﻿Sousse,﻿TUN019
﻿TUN,﻿TN,﻿TUN,﻿MENAAP,﻿Member State,﻿Tunisia,﻿Zaghouan,﻿TUN023
﻿TZA,﻿TZ,﻿TZA,﻿AFR,﻿Member State,﻿Tanzania,﻿Arusha,﻿TZA001
﻿TZA,﻿TZ,﻿TZA,﻿AFR,﻿Member State,﻿Tanzania,﻿Geita,﻿TZA004
﻿TZA,﻿TZ,﻿TZA,﻿AFR,﻿Member State,﻿Tanzania,﻿Kagera,﻿TZA006
﻿TZA,﻿TZ,﻿TZA,﻿AFR,﻿Member State,﻿Tanzania,﻿Kilimanjaro,﻿TZA011
﻿TZA,﻿TZ,﻿TZA,﻿AFR,﻿Member State,﻿Tanzania,﻿Kigoma,﻿TZA010
﻿TZA,﻿TZ,﻿TZA,﻿AFR,﻿Member State,﻿Tanzania,﻿Mara,﻿TZA016
﻿TZA,﻿TZ,﻿TZA,﻿AFR,﻿Member State,﻿Tanzania,﻿Mwanza,﻿TZA021
﻿TZA,﻿TZ,﻿TZA,﻿AFR,﻿Member State,﻿Tanzania,﻿Simiyu,﻿TZA027
﻿TZA,﻿TZ,﻿TZA,﻿AFR,﻿Member State,﻿Tanzania,﻿Tanga,﻿TZA030
﻿TZA,﻿TZ,﻿TZA,﻿AFR,﻿Member State,﻿Tanzania,﻿Kaskazini Unguja,﻿TZA008
﻿TZA,﻿TZ,﻿TZA,﻿AFR,﻿Member State,﻿Tanzania,﻿Mjini Magharibi,﻿TZA018
﻿UGA,﻿UG,﻿UGA,﻿AFR,﻿Member State,﻿Uganda,﻿Central,﻿UGA001
﻿UGA,﻿UG,﻿UGA,﻿AFR,﻿Member State,﻿Uganda,﻿Eastern,﻿UGA002
﻿UGA,﻿UG,﻿UGA,﻿AFR,﻿Member State,﻿Uganda,﻿Northern,﻿UGA003
﻿UGA,﻿UG,﻿UGA,﻿AFR,﻿Member State,﻿Uganda,﻿Western,﻿UGA004
﻿AGO,﻿AO,﻿AGO,﻿AFR,﻿Member State,﻿Angola,﻿Icolo E Bengo,﻿AGO021
﻿AGO,﻿AO,﻿AGO,﻿AFR,﻿Member State,﻿Angola,﻿Moxico Leste,﻿AGO022
﻿AGO,﻿AO,﻿AGO,﻿AFR,﻿Member State,﻿Angola,﻿Cuando,﻿AGO019
﻿AGO,﻿AO,﻿AGO,﻿AFR,﻿Member State,﻿Angola,﻿Cubango,﻿AGO020
﻿AGO,﻿AO,﻿AGO,﻿AFR,﻿Member State,﻿Angola,﻿Benguela,﻿AGO002
﻿AGO,﻿AO,﻿AGO,﻿AFR,﻿Member State,﻿Angola,﻿Bié,﻿AGO003
﻿AGO,﻿AO,﻿AGO,﻿AFR,﻿Member State,﻿Angola,﻿Bengo,﻿AGO001
﻿AGO,﻿AO,﻿AGO,﻿AFR,﻿Member State,﻿Angola,﻿Cabinda,﻿AGO004
﻿AGO,﻿AO,﻿AGO,﻿AFR,﻿Member State,﻿Angola,﻿Cuanza Norte,﻿AGO006
﻿AGO,﻿AO,﻿AGO,﻿AFR,﻿Member State,﻿Angola,﻿Cuanza Sul,﻿AGO007
﻿AGO,﻿AO,﻿AGO,﻿AFR,﻿Member State,﻿Angola,﻿Cunene,﻿AGO008
﻿AGO,﻿AO,﻿AGO,﻿AFR,﻿Member State,﻿Angola,﻿Huíla,﻿AGO010
﻿AGO,﻿AO,﻿AGO,﻿AFR,﻿Member State,﻿Angola,﻿Huambo,﻿AGO009
﻿AGO,﻿AO,﻿AGO,﻿AFR,﻿Member State,﻿Angola,﻿Lunda Sul,﻿AGO013
﻿AGO,﻿AO,﻿AGO,﻿AFR,﻿Member State,﻿Angola,﻿Luanda,﻿AGO011
﻿AGO,﻿AO,﻿AGO,﻿AFR,﻿Member State,﻿Angola,﻿Malanje,﻿AGO014
﻿AGO,﻿AO,﻿AGO,﻿AFR,﻿Member State,﻿Angola,﻿Moxico,﻿AGO015
﻿AGO,﻿AO,﻿AGO,﻿AFR,﻿Member State,﻿Angola,﻿Namibe,﻿AGO016
﻿AGO,﻿AO,﻿AGO,﻿AFR,﻿Member State,﻿Angola,﻿Uíge,﻿AGO017
﻿AGO,﻿AO,﻿AGO,﻿AFR,﻿Member State,﻿Angola,﻿Zaire,﻿AGO018
﻿ATF,﻿TF,﻿ATF,﻿Other,﻿Territory,﻿French Southern and Antarctic Lands (Fr.),﻿French Southern and Antarctic Lands (Fr.),﻿ATF001
﻿BWA,﻿BW,﻿BWA,﻿AFR,﻿Member State,﻿Botswana,﻿Ngamiland,﻿BWA007
﻿BWA,﻿BW,﻿BWA,﻿AFR,﻿Member State,﻿Botswana,﻿Chobe,﻿BWA002
﻿BWA,﻿BW,﻿BWA,﻿AFR,﻿Member State,﻿Botswana,﻿Central,﻿BWA001
﻿BWA,﻿BW,﻿BWA,﻿AFR,﻿Member State,﻿Botswana,﻿Ghanzi,﻿BWA003
﻿BWA,﻿BW,﻿BWA,﻿AFR,﻿Member State,﻿Botswana,﻿Kgalagadi,﻿BWA004
﻿BWA,﻿BW,﻿BWA,﻿AFR,﻿Member State,﻿Botswana,﻿Kgatleng,﻿BWA005
﻿BWA,﻿BW,﻿BWA,﻿AFR,﻿Member State,﻿Botswana,﻿Kweneng,﻿BWA006
﻿BWA,﻿BW,﻿BWA,﻿AFR,﻿Member State,﻿Botswana,﻿North East,﻿BWA008
﻿BWA,﻿BW,﻿BWA,﻿AFR,﻿Member State,﻿Botswana,﻿Southern,﻿BWA010
﻿BWA,﻿BW,﻿BWA,﻿AFR,﻿Member State,﻿Botswana,﻿South-East,﻿BWA009
﻿COD,﻿ZR,﻿DRC,﻿AFR,﻿Member State,﻿Democratic Republic of Congo,﻿Haut-Katanga,﻿COD014
﻿COD,﻿ZR,﻿DRC,﻿AFR,﻿Member State,﻿Democratic Republic of Congo,﻿Kongo Central,﻿COD002
﻿COD,﻿ZR,﻿DRC,﻿AFR,﻿Member State,﻿Democratic Republic of Congo,﻿Kwango,﻿COD021
﻿COD,﻿ZR,﻿DRC,﻿AFR,﻿Member State,﻿Democratic Republic of Congo,﻿Lualaba,﻿COD024
﻿COG,﻿CG,﻿COG,﻿AFR,﻿Member State,﻿Congo,﻿Kouilou,﻿COG005
﻿COG,﻿CG,﻿COG,﻿AFR,﻿Member State,﻿Congo,﻿Point-Noire,﻿COG010
﻿GAB,﻿GA,﻿GAB,﻿AFR,﻿Member State,﻿Gabon,﻿Nyanga,﻿GAB005
﻿GNQ,﻿GQ,﻿GNQ,﻿AFR,﻿Member State,﻿Equatorial Guinea,﻿Centro Sur,﻿GNQ004
﻿GNQ,﻿GQ,﻿GNQ,﻿AFR,﻿Member State,﻿Equatorial Guinea,﻿Kié-Ntem,﻿GNQ005
﻿GNQ,﻿GQ,﻿GNQ,﻿AFR,﻿Member State,﻿Equatorial Guinea,﻿Wele-Nzas,﻿GNQ007
﻿GRC,﻿GR,﻿GRC,﻿Other,﻿Member State,﻿Greece,﻿Kritis,﻿GRC005
﻿HMD,﻿HM,﻿HMD,﻿Other,﻿Territory,﻿Heard Island and McDonald Islands (Aus.),﻿Administrative unit not available,﻿HMD001
﻿KEN,﻿KE,﻿KEN,﻿AFR,﻿Member State,﻿Kenya,﻿Mombasa,﻿KEN028
﻿LBY,﻿LY,﻿LBY,﻿MENAAP,﻿Member State,﻿Libya,﻿Al Fatah,﻿LBY003
﻿LBY,﻿LY,﻿LBY,﻿MENAAP,﻿Member State,﻿Libya,﻿Banghazi,﻿LBY011
﻿LBY,﻿LY,﻿LBY,﻿MENAAP,﻿Member State,﻿Libya,﻿Darnah,﻿LBY012
﻿LBY,﻿LY,﻿LBY,﻿MENAAP,﻿Member State,﻿Libya,﻿Al Jabal Al Akhdar,﻿LBY004
﻿MDG,﻿MG,﻿MDG,﻿AFR,﻿Member State,﻿Madagascar,﻿Alaotra-Mangoro,﻿MDG001
﻿MDG,﻿MG,﻿MDG,﻿AFR,﻿Member State,﻿Madagascar,﻿Ambatosoa,﻿MDG002
﻿MDG,﻿MG,﻿MDG,﻿AFR,﻿Member State,﻿Madagascar,﻿Amoron'i Mania,﻿MDG003
﻿MDG,﻿MG,﻿MDG,﻿AFR,﻿Member State,﻿Madagascar,﻿Analamanga,﻿MDG004
﻿MDG,﻿MG,﻿MDG,﻿AFR,﻿Member State,﻿Madagascar,﻿Analanjirofo,﻿MDG005
﻿MDG,﻿MG,﻿MDG,﻿AFR,﻿Member State,﻿Madagascar,﻿Androy,﻿MDG006
﻿MDG,﻿MG,﻿MDG,﻿AFR,﻿Member State,﻿Madagascar,﻿Anosy,﻿MDG007
﻿MDG,﻿MG,﻿MDG,﻿AFR,﻿Member State,﻿Madagascar,﻿Atsimo-Andrefana,﻿MDG008
﻿MDG,﻿MG,﻿MDG,﻿AFR,﻿Member State,﻿Madagascar,﻿Atsimo-Atsinanana,﻿MDG009
﻿MDG,﻿MG,﻿MDG,﻿AFR,﻿Member State,﻿Madagascar,﻿Atsinanana,﻿MDG010
﻿MDG,﻿MG,﻿MDG,﻿AFR,﻿Member State,﻿Madagascar,﻿Betsiboka,﻿MDG011
﻿MDG,﻿MG,﻿MDG,﻿AFR,﻿Member State,﻿Madagascar,﻿Diana,﻿MDG014
﻿MDG,﻿MG,﻿MDG,﻿AFR,﻿Member State,﻿Madagascar,﻿Fitovinany,﻿MDG015
﻿MDG,﻿MG,﻿MDG,﻿AFR,﻿Member State,﻿Madagascar,﻿Ihorombe,﻿MDG016
﻿MDG,﻿MG,﻿MDG,﻿AFR,﻿Member State,﻿Madagascar,﻿Matsiatra Ambony,﻿MDG018
﻿MDG,﻿MG,﻿MDG,﻿AFR,﻿Member State,﻿Madagascar,﻿Menabe,﻿MDG020
﻿MDG,﻿MG,﻿MDG,﻿AFR,﻿Member State,﻿Madagascar,﻿Sava,﻿MDG021
﻿MDG,﻿MG,﻿MDG,﻿AFR,﻿Member State,﻿Madagascar,﻿Sofia,﻿MDG022
﻿MDG,﻿MG,﻿MDG,﻿AFR,﻿Member State,﻿Madagascar,﻿Vakinankaratra,﻿MDG023
﻿MDG,﻿MG,﻿MDG,﻿AFR,﻿Member State,﻿Madagascar,﻿Vatovavy,﻿MDG024
﻿MDV,﻿MV,﻿MDV,﻿SAR,﻿Member State,﻿Maldives,﻿Seenu,﻿MDV017
﻿MDV,﻿MV,﻿MDV,﻿SAR,﻿Member State,﻿Maldives,﻿Alifu Alifu,﻿MDV001
﻿MDV,﻿MV,﻿MDV,﻿SAR,﻿Member State,﻿Maldives,﻿Alifu Dhaalu,﻿MDV002
﻿MDV,﻿MV,﻿MDV,﻿SAR,﻿Member State,﻿Maldives,﻿Dhaalu,﻿MDV004
﻿MDV,﻿MV,﻿MDV,﻿SAR,﻿Member State,﻿Maldives,﻿Faafu,﻿MDV005
﻿MDV,﻿MV,﻿MDV,﻿SAR,﻿Member State,﻿Maldives,﻿Gaafu Alifu,﻿MDV006
﻿MDV,﻿MV,﻿MDV,﻿SAR,﻿Member State,﻿Maldives,﻿Gaafu Dhaalu,﻿MDV007
﻿MDV,﻿MV,﻿MDV,﻿SAR,﻿Member State,﻿Maldives,﻿Kaafu,﻿MDV010
﻿MDV,﻿MV,﻿MDV,﻿SAR,﻿Member State,﻿Maldives,﻿Laamu,﻿MDV011
﻿MDV,﻿MV,﻿MDV,﻿SAR,﻿Member State,﻿Maldives,﻿Male',﻿MDV013
﻿MDV,﻿MV,﻿MDV,﻿SAR,﻿Member State,﻿Maldives,﻿Meemu,﻿MDV014
﻿MDV,﻿MV,﻿MDV,﻿SAR,﻿Member State,﻿Maldives,﻿Thaa,﻿MDV019
﻿MDV,﻿MV,﻿MDV,﻿SAR,﻿Member State,﻿Maldives,﻿Vaavu,﻿MDV020
﻿MOZ,﻿MZ,﻿MOZ,﻿AFR,﻿Member State,﻿Mozambique,﻿Cabo Delgado,﻿MOZ001
﻿MOZ,﻿MZ,﻿MOZ,﻿AFR,﻿Member State,﻿Mozambique,﻿Cidade de Maputo,﻿MOZ002
﻿MOZ,﻿MZ,﻿MOZ,﻿AFR,﻿Member State,﻿Mozambique,﻿Gaza,﻿MOZ003
﻿MOZ,﻿MZ,﻿MOZ,﻿AFR,﻿Member State,﻿Mozambique,﻿Inhambane,﻿MOZ004
﻿MOZ,﻿MZ,﻿MOZ,﻿AFR,﻿Member State,﻿Mozambique,﻿Manica,﻿MOZ005
﻿MOZ,﻿MZ,﻿MOZ,﻿AFR,﻿Member State,﻿Mozambique,﻿Maputo,﻿MOZ006
﻿MOZ,﻿MZ,﻿MOZ,﻿AFR,﻿Member State,﻿Mozambique,﻿Nampula,﻿MOZ007
﻿MOZ,﻿MZ,﻿MOZ,﻿AFR,﻿Member State,﻿Mozambique,﻿Niassa,﻿MOZ008
﻿MOZ,﻿MZ,﻿MOZ,﻿AFR,﻿Member State,﻿Mozambique,﻿Sofala,﻿MOZ009
﻿MOZ,﻿MZ,﻿MOZ,﻿AFR,﻿Member State,﻿Mozambique,﻿Tete,﻿MOZ010
﻿MOZ,﻿MZ,﻿MOZ,﻿AFR,﻿Member State,﻿Mozambique,﻿Zambézia,﻿MOZ011
﻿MUS,﻿MU,﻿MUS,﻿AFR,﻿Member State,﻿Mauritius,﻿Agalega,﻿MUS001
﻿MUS,﻿MU,﻿MUS,﻿AFR,﻿Member State,﻿Mauritius,﻿Cargos Carajos,﻿MUS002
﻿MUS,﻿MU,﻿MUS,﻿AFR,﻿Member State,﻿Mauritius,﻿Chagos Archipelago,﻿MUS003
﻿MUS,﻿MU,﻿MUS,﻿AFR,﻿Member State,﻿Mauritius,﻿Mauritius,﻿MUS004
﻿MUS,﻿MU,﻿MUS,﻿AFR,﻿Member State,﻿Mauritius,﻿Rodrigues,﻿MUS005
﻿MWI,﻿MW,﻿MWI,﻿AFR,﻿Member State,﻿Malawi,﻿Central Region,﻿MWI001
﻿MWI,﻿MW,﻿MWI,﻿AFR,﻿Member State,﻿Malawi,﻿Northern Region,﻿MWI002
﻿MWI,﻿MW,﻿MWI,﻿AFR,﻿Member State,﻿Malawi,﻿Southern Region,﻿MWI003
﻿NAM,﻿NA,﻿NAM,﻿AFR,﻿Member State,﻿Namibia,﻿ǁKaras,﻿NAM014
﻿NAM,﻿NA,﻿NAM,﻿AFR,﻿Member State,﻿Namibia,﻿Erongo,﻿NAM001
﻿NAM,﻿NA,﻿NAM,﻿AFR,﻿Member State,﻿Namibia,﻿Hardap,﻿NAM002
﻿NAM,﻿NA,﻿NAM,﻿AFR,﻿Member State,﻿Namibia,﻿Kavango East,﻿NAM003
﻿NAM,﻿NA,﻿NAM,﻿AFR,﻿Member State,﻿Namibia,﻿Kavango West,﻿NAM004
﻿NAM,﻿NA,﻿NAM,﻿AFR,﻿Member State,﻿Namibia,﻿Khomas,﻿NAM005
﻿NAM,﻿NA,﻿NAM,﻿AFR,﻿Member State,﻿Namibia,﻿Kunene,﻿NAM006
﻿NAM,﻿NA,﻿NAM,﻿AFR,﻿Member State,﻿Namibia,﻿Ohangwena,﻿NAM007
﻿NAM,﻿NA,﻿NAM,﻿AFR,﻿Member State,﻿Namibia,﻿Omaheke,﻿NAM008
﻿NAM,﻿NA,﻿NAM,﻿AFR,﻿Member State,﻿Namibia,﻿Omusati,﻿NAM009
﻿NAM,﻿NA,﻿NAM,﻿AFR,﻿Member State,﻿Namibia,﻿Oshana,﻿NAM010
﻿NAM,﻿NA,﻿NAM,﻿AFR,﻿Member State,﻿Namibia,﻿Oshikoto,﻿NAM011
﻿NAM,﻿NA,﻿NAM,﻿AFR,﻿Member State,﻿Namibia,﻿Otjozondjupa,﻿NAM012
﻿NAM,﻿NA,﻿NAM,﻿AFR,﻿Member State,﻿Namibia,﻿Zambezi,﻿NAM013
﻿REU,﻿RE,﻿FRA,﻿Other,﻿Member State,﻿France,﻿Réunion,﻿REU001
﻿SWZ,﻿SZ,﻿SWZ,﻿AFR,﻿Member State,﻿Eswatini,﻿Hhohho,﻿SWZ001
﻿SWZ,﻿SZ,﻿SWZ,﻿AFR,﻿Member State,﻿Eswatini,﻿Lubombo,﻿SWZ002
﻿SWZ,﻿SZ,﻿SWZ,﻿AFR,﻿Member State,﻿Eswatini,﻿Manzini,﻿SWZ003
﻿SWZ,﻿SZ,﻿SWZ,﻿AFR,﻿Member State,﻿Eswatini,﻿Shiselweni,﻿SWZ004
﻿SYC,﻿SC,﻿SYC,﻿AFR,﻿Member State,﻿Seychelles,﻿West Mahe,﻿SYC007
﻿TZA,﻿TZ,﻿TZA,﻿AFR,﻿Member State,﻿Tanzania,﻿Dodoma,﻿TZA003
﻿TZA,﻿TZ,﻿TZA,﻿AFR,﻿Member State,﻿Tanzania,﻿Dar es Salaam,﻿TZA002
﻿TZA,﻿TZ,﻿TZA,﻿AFR,﻿Member State,﻿Tanzania,﻿Iringa,﻿TZA005
﻿TZA,﻿TZ,﻿TZA,﻿AFR,﻿Member State,﻿Tanzania,﻿Katavi,﻿TZA009
﻿TZA,﻿TZ,﻿TZA,﻿AFR,﻿Member State,﻿Tanzania,﻿Lindi,﻿TZA014
﻿TZA,﻿TZ,﻿TZA,﻿AFR,﻿Member State,﻿Tanzania,﻿Mbeya,﻿TZA017
﻿TZA,﻿TZ,﻿TZA,﻿AFR,﻿Member State,﻿Tanzania,﻿Songwe,﻿TZA031
﻿TZA,﻿TZ,﻿TZA,﻿AFR,﻿Member State,﻿Tanzania,﻿Morogoro,﻿TZA019
﻿TZA,﻿TZ,﻿TZA,﻿AFR,﻿Member State,﻿Tanzania,﻿Mtwara,﻿TZA020
﻿TZA,﻿TZ,﻿TZA,﻿AFR,﻿Member State,﻿Tanzania,﻿Manyara,﻿TZA015
﻿TZA,﻿TZ,﻿TZA,﻿AFR,﻿Member State,﻿Tanzania,﻿Njombe,﻿TZA022
﻿TZA,﻿TZ,﻿TZA,﻿AFR,﻿Member State,﻿Tanzania,﻿Kaskazini Pemba,﻿TZA007
﻿TZA,﻿TZ,﻿TZA,﻿AFR,﻿Member State,﻿Tanzania,﻿Kusini Pemba,﻿TZA012
﻿TZA,﻿TZ,﻿TZA,﻿AFR,﻿Member State,﻿Tanzania,﻿Pwani,﻿TZA023
﻿TZA,﻿TZ,﻿TZA,﻿AFR,﻿Member State,﻿Tanzania,﻿Rukwa,﻿TZA024
﻿TZA,﻿TZ,﻿TZA,﻿AFR,﻿Member State,﻿Tanzania,﻿Ruvuma,﻿TZA025
﻿TZA,﻿TZ,﻿TZA,﻿AFR,﻿Member State,﻿Tanzania,﻿Singida,﻿TZA028
﻿TZA,﻿TZ,﻿TZA,﻿AFR,﻿Member State,﻿Tanzania,﻿Shinyanga,﻿TZA026
﻿TZA,﻿TZ,﻿TZA,﻿AFR,﻿Member State,﻿Tanzania,﻿Tabora,﻿TZA029
﻿TZA,﻿TZ,﻿TZA,﻿AFR,﻿Member State,﻿Tanzania,﻿Kusini Unguja,﻿TZA013
﻿ZAF,﻿ZA,﻿ZAF,﻿AFR,﻿Member State,﻿South Africa,﻿Free State,﻿ZAF002
﻿ZAF,﻿ZA,﻿ZAF,﻿AFR,﻿Member State,﻿South Africa,﻿Gauteng,﻿ZAF003
﻿ZAF,﻿ZA,﻿ZAF,﻿AFR,﻿Member State,﻿South Africa,﻿Limpopo,﻿ZAF005
﻿ZAF,﻿ZA,﻿ZAF,﻿AFR,﻿Member State,﻿South Africa,﻿Mpumalanga,﻿ZAF006
﻿ZAF,﻿ZA,﻿ZAF,﻿AFR,﻿Member State,﻿South Africa,﻿North West,﻿ZAF007
﻿ZAF,﻿ZA,﻿ZAF,﻿AFR,﻿Member State,﻿South Africa,﻿Northern Cape,﻿ZAF008
﻿ZAF,﻿ZA,﻿ZAF,﻿AFR,﻿Member State,﻿South Africa,﻿Western Cape,﻿ZAF009
﻿ZMB,﻿ZM,﻿ZMB,﻿AFR,﻿Member State,﻿Zambia,﻿Central,﻿ZMB101
﻿ZMB,﻿ZM,﻿ZMB,﻿AFR,﻿Member State,﻿Zambia,﻿Copperbelt,﻿ZMB102
﻿ZMB,﻿ZM,﻿ZMB,﻿AFR,﻿Member State,﻿Zambia,﻿Eastern,﻿ZMB103
﻿ZMB,﻿ZM,﻿ZMB,﻿AFR,﻿Member State,﻿Zambia,﻿Luapula,﻿ZMB104
﻿ZMB,﻿ZM,﻿ZMB,﻿AFR,﻿Member State,﻿Zambia,﻿Lusaka,﻿ZMB105
﻿ZMB,﻿ZM,﻿ZMB,﻿AFR,﻿Member State,﻿Zambia,﻿Muchinga,﻿ZMB106
﻿ZMB,﻿ZM,﻿ZMB,﻿AFR,﻿Member State,﻿Zambia,﻿North-Western,﻿ZMB108
﻿ZMB,﻿ZM,﻿ZMB,﻿AFR,﻿Member State,﻿Zambia,﻿Northern,﻿ZMB107
﻿ZMB,﻿ZM,﻿ZMB,﻿AFR,﻿Member State,﻿Zambia,﻿Southern,﻿ZMB109
﻿ZMB,﻿ZM,﻿ZMB,﻿AFR,﻿Member State,﻿Zambia,﻿Western,﻿ZMB110
﻿ZWE,﻿ZW,﻿ZWE,﻿AFR,﻿Member State,﻿Zimbabwe,﻿Bulawayo,﻿ZWE001
﻿ZWE,﻿ZW,﻿ZWE,﻿AFR,﻿Member State,﻿Zimbabwe,﻿Harare,﻿ZWE002
﻿ZWE,﻿ZW,﻿ZWE,﻿AFR,﻿Member State,﻿Zimbabwe,﻿Manicaland,﻿ZWE003
﻿ZWE,﻿ZW,﻿ZWE,﻿AFR,﻿Member State,﻿Zimbabwe,﻿Mashonaland Central,﻿ZWE004
﻿ZWE,﻿ZW,﻿ZWE,﻿AFR,﻿Member State,﻿Zimbabwe,﻿Mashonaland East,﻿ZWE005
﻿ZWE,﻿ZW,﻿ZWE,﻿AFR,﻿Member State,﻿Zimbabwe,﻿Midlands,﻿ZWE010
﻿ZWE,﻿ZW,﻿ZWE,﻿AFR,﻿Member State,﻿Zimbabwe,﻿Matebeleland North,﻿ZWE008
﻿ZWE,﻿ZW,﻿ZWE,﻿AFR,﻿Member State,﻿Zimbabwe,﻿Matebeleland South,﻿ZWE009
﻿ZWE,﻿ZW,﻿ZWE,﻿AFR,﻿Member State,﻿Zimbabwe,﻿Masvingo,﻿ZWE007
﻿ZWE,﻿ZW,﻿ZWE,﻿AFR,﻿Member State,﻿Zimbabwe,﻿Mashonaland West,﻿ZWE006
﻿COM,﻿KM,﻿COM,﻿AFR,﻿Member State,﻿Comoros,﻿Anjouan (Ndzouani),﻿COM001
﻿COM,﻿KM,﻿COM,﻿AFR,﻿Member State,﻿Comoros,﻿Grande Comore (Ngazidja),﻿COM003
﻿COM,﻿KM,﻿COM,﻿AFR,﻿Member State,﻿Comoros,﻿Mohéli (Mwali),﻿COM002
﻿LSO,﻿LS,﻿LSO,﻿AFR,﻿Member State,﻿Lesotho,﻿Berea,﻿LSO001
﻿LSO,﻿LS,﻿LSO,﻿AFR,﻿Member State,﻿Lesotho,﻿Butha-Buthe,﻿LSO002
﻿LSO,﻿LS,﻿LSO,﻿AFR,﻿Member State,﻿Lesotho,﻿Leribe,﻿LSO003
﻿LSO,﻿LS,﻿LSO,﻿AFR,﻿Member State,﻿Lesotho,﻿Mafeteng,﻿LSO004
﻿LSO,﻿LS,﻿LSO,﻿AFR,﻿Member State,﻿Lesotho,﻿Maseru,﻿LSO005
﻿LSO,﻿LS,﻿LSO,﻿AFR,﻿Member State,﻿Lesotho,﻿Mohale's Hoek,﻿LSO006
﻿LSO,﻿LS,﻿LSO,﻿AFR,﻿Member State,﻿Lesotho,﻿Mokhotlong,﻿LSO007
﻿LSO,﻿LS,﻿LSO,﻿AFR,﻿Member State,﻿Lesotho,﻿Qacha's Nek,﻿LSO008
﻿LSO,﻿LS,﻿LSO,﻿AFR,﻿Member State,﻿Lesotho,﻿Quthing,﻿LSO009
﻿LSO,﻿LS,﻿LSO,﻿AFR,﻿Member State,﻿Lesotho,﻿Thaba-Tseka,﻿LSO010
﻿MDG,﻿MG,﻿MDG,﻿AFR,﻿Member State,﻿Madagascar,﻿Boeny,﻿MDG012
﻿MDG,﻿MG,﻿MDG,﻿AFR,﻿Member State,﻿Madagascar,﻿Bongolava,﻿MDG013
﻿MDG,﻿MG,﻿MDG,﻿AFR,﻿Member State,﻿Madagascar,﻿Itasy,﻿MDG017
﻿MDG,﻿MG,﻿MDG,﻿AFR,﻿Member State,﻿Madagascar,﻿Melaky,﻿MDG019
﻿MYT,﻿YT,﻿FRA,﻿Other,﻿Member State,﻿France,﻿Mayotte,﻿MYT001
﻿SHN,﻿SH,﻿SHN,﻿Other,﻿Territory,"﻿Saint Helena, Ascension and Tristan da Cunha (U.K.)",﻿Ascension,﻿SHN001
﻿SHN,﻿SH,﻿SHN,﻿Other,﻿Territory,"﻿Saint Helena, Ascension and Tristan da Cunha (U.K.)",﻿Tristan Da Cunha,﻿SHN003
﻿ZAF,﻿ZA,﻿ZAF,﻿AFR,﻿Member State,﻿South Africa,﻿Eastern Cape,﻿ZAF001
﻿ZAF,﻿ZA,﻿ZAF,﻿AFR,﻿Member State,﻿South Africa,﻿Kwa-Zulu Natal,﻿ZAF004
﻿BVT,﻿BV,﻿BVT,﻿Other,﻿Territory,﻿Bouvet Island (Nor.),﻿Bouvet Island (Nor.),﻿BVT001
﻿GNQ,﻿GQ,﻿GNQ,﻿AFR,﻿Member State,﻿Equatorial Guinea,﻿Annobón,﻿GNQ001
﻿SHN,﻿SH,﻿SHN,﻿Other,﻿Territory,"﻿Saint Helena, Ascension and Tristan da Cunha (U.K.)",﻿Saint Helena,﻿SHN002
﻿TUV,﻿TV,﻿TUV,﻿EAP,﻿Member State,﻿Tuvalu,﻿Nukulaelae,﻿TUV008
﻿RUS,﻿RU,﻿RUS,﻿ECA,﻿Member State,﻿Russian Federation,﻿Chukotskiy Okrug,﻿RUS015
﻿SJM,﻿SJ,﻿SJM,﻿Other,﻿Territory,﻿Svalbard and Jan Mayen (Nor.),﻿Svalbard and Jan Mayen (Nor.),﻿SJM001
﻿BRA,﻿BR,﻿BRA,﻿LCR,﻿Member State,﻿Brazil,﻿Amazonas,﻿BRA004
﻿BRA,﻿BR,﻿BRA,﻿LCR,﻿Member State,﻿Brazil,﻿Amapá,﻿BRA003
﻿BRA,﻿BR,﻿BRA,﻿LCR,﻿Member State,﻿Brazil,﻿Ceará,﻿BRA006
﻿BRA,﻿BR,﻿BRA,﻿LCR,﻿Member State,﻿Brazil,﻿Maranhão,﻿BRA010
﻿BRA,﻿BR,﻿BRA,﻿LCR,﻿Member State,﻿Brazil,﻿Pará,﻿BRA018
﻿BRA,﻿BR,﻿BRA,﻿LCR,﻿Member State,﻿Brazil,﻿Paraíba,﻿BRA019
﻿BRA,﻿BR,﻿BRA,﻿LCR,﻿Member State,﻿Brazil,﻿Piauí,﻿BRA022
﻿BRA,﻿BR,﻿BRA,﻿LCR,﻿Member State,﻿Brazil,﻿Rio Grande Do Norte,﻿BRA024
﻿BRA,﻿BR,﻿BRA,﻿LCR,﻿Member State,﻿Brazil,﻿Roraima,﻿BRA027
﻿BRA,﻿BR,﻿BRA,﻿LCR,﻿Member State,﻿Brazil,﻿Tocantins,﻿BRA031
﻿BRB,﻿BB,﻿BRB,﻿LCR,﻿Member State,﻿Barbados,﻿Saint Andrew,﻿BRB002
﻿BRB,﻿BB,﻿BRB,﻿LCR,﻿Member State,﻿Barbados,﻿Christ Church,﻿BRB001
﻿BRB,﻿BB,﻿BRB,﻿LCR,﻿Member State,﻿Barbados,﻿Saint George,﻿BRB003
﻿BRB,﻿BB,﻿BRB,﻿LCR,﻿Member State,﻿Barbados,﻿Saint James,﻿BRB004
﻿BRB,﻿BB,﻿BRB,﻿LCR,﻿Member State,﻿Barbados,﻿Saint John,﻿BRB005
﻿BRB,﻿BB,﻿BRB,﻿LCR,﻿Member State,﻿Barbados,﻿Saint Joseph,﻿BRB006
﻿BRB,﻿BB,﻿BRB,﻿LCR,﻿Member State,﻿Barbados,﻿Saint Lucy,﻿BRB007
﻿BRB,﻿BB,﻿BRB,﻿LCR,﻿Member State,﻿Barbados,﻿Saint Michael,﻿BRB008
﻿BRB,﻿BB,﻿BRB,﻿LCR,﻿Member State,﻿Barbados,﻿Saint Peter,﻿BRB009
﻿BRB,﻿BB,﻿BRB,﻿LCR,﻿Member State,﻿Barbados,﻿Saint Phillip,﻿BRB010
﻿BRB,﻿BB,﻿BRB,﻿LCR,﻿Member State,﻿Barbados,﻿Saint Thomas,﻿BRB011
﻿GUF,﻿GF,﻿FRA,﻿Other,﻿Member State,﻿France,﻿French Guiana,﻿GUF001
﻿GUY,﻿GY,﻿GUY,﻿LCR,﻿Member State,﻿Guyana,﻿Barima Waini (region N°1),﻿GUY001
﻿GUY,﻿GY,﻿GUY,﻿LCR,﻿Member State,﻿Guyana,﻿Cuyuni/mazaruni (region N°7),﻿GUY002
﻿GUY,﻿GY,﻿GUY,﻿LCR,﻿Member State,﻿Guyana,﻿Demerara Mahaica (region N°4),﻿GUY003
﻿GUY,﻿GY,﻿GUY,﻿LCR,﻿Member State,﻿Guyana,﻿East Berbice/corentyne (region N°6),﻿GUY004
﻿GUY,﻿GY,﻿GUY,﻿LCR,﻿Member State,﻿Guyana,﻿Essequibo Islands/west Demerara (region N°3),﻿GUY005
﻿GUY,﻿GY,﻿GUY,﻿LCR,﻿Member State,﻿Guyana,﻿Mahaica Berbice (region N°5),﻿GUY006
﻿GUY,﻿GY,﻿GUY,﻿LCR,﻿Member State,﻿Guyana,﻿Pomeroon/supenaam (region N°2,﻿GUY007
﻿GUY,﻿GY,﻿GUY,﻿LCR,﻿Member State,﻿Guyana,﻿Upper Demerara/berbice (region N°10),﻿GUY009
﻿GUY,﻿GY,﻿GUY,﻿LCR,﻿Member State,﻿Guyana,﻿Upper Takutu/upper Essequibo (region N°9),﻿GUY010
﻿ISL,﻿IS,﻿ISL,﻿Other,﻿Member State,﻿Iceland,﻿Austurland,﻿ISL001
﻿ISL,﻿IS,﻿ISL,﻿Other,﻿Member State,﻿Iceland,﻿Höfuðborgarsvæðið,﻿ISL002
﻿ISL,﻿IS,﻿ISL,﻿Other,﻿Member State,﻿Iceland,﻿Norðurland eystra,﻿ISL003
﻿ISL,﻿IS,﻿ISL,﻿Other,﻿Member State,﻿Iceland,﻿Norðurland vestra,﻿ISL004
﻿ISL,﻿IS,﻿ISL,﻿Other,﻿Member State,﻿Iceland,﻿Suðurland,﻿ISL005
﻿ISL,﻿IS,﻿ISL,﻿Other,﻿Member State,﻿Iceland,﻿Vestfirðir,﻿ISL007
﻿ISL,﻿IS,﻿ISL,﻿Other,﻿Member State,﻿Iceland,﻿Vesturland,﻿ISL008
﻿LCA,﻿LC,﻿LCA,﻿LCR,﻿Member State,﻿Saint Lucia,﻿Anse La Raye,﻿LCA001
﻿LCA,﻿LC,﻿LCA,﻿LCR,﻿Member State,﻿Saint Lucia,﻿Castries,﻿LCA003
﻿LCA,﻿LC,﻿LCA,﻿LCR,﻿Member State,﻿Saint Lucia,﻿Dennery,﻿LCA005
﻿LCA,﻿LC,﻿LCA,﻿LCR,﻿Member State,﻿Saint Lucia,﻿Gros Islet,﻿LCA006
﻿LCA,﻿LC,﻿LCA,﻿LCR,﻿Member State,﻿Saint Lucia,﻿Laborie,﻿LCA007
﻿LCA,﻿LC,﻿LCA,﻿LCR,﻿Member State,﻿Saint Lucia,﻿Micoud,﻿LCA008
﻿LCA,﻿LC,﻿LCA,﻿LCR,﻿Member State,﻿Saint Lucia,﻿Vieux-Fort,﻿LCA010
﻿MTQ,﻿MQ,﻿FRA,﻿Other,﻿Member State,﻿France,﻿Martinique,﻿MTQ001
﻿SUR,﻿SR,﻿SUR,﻿LCR,﻿Member State,﻿Suriname,﻿Brokopondo,﻿SUR001
﻿SUR,﻿SR,﻿SUR,﻿LCR,﻿Member State,﻿Suriname,﻿Commewijne,﻿SUR002
﻿SUR,﻿SR,﻿SUR,﻿LCR,﻿Member State,﻿Suriname,﻿Coronie,﻿SUR003
﻿SUR,﻿SR,﻿SUR,﻿LCR,﻿Member State,﻿Suriname,﻿Marowijne,﻿SUR004
﻿SUR,﻿SR,﻿SUR,﻿LCR,﻿Member State,﻿Suriname,﻿Nickerie,﻿SUR005
﻿SUR,﻿SR,﻿SUR,﻿LCR,﻿Member State,﻿Suriname,﻿Paramaribo,﻿SUR007
﻿SUR,﻿SR,﻿SUR,﻿LCR,﻿Member State,﻿Suriname,﻿Para,﻿SUR006
﻿SUR,﻿SR,﻿SUR,﻿LCR,﻿Member State,﻿Suriname,﻿Saramacca,﻿SUR008
﻿SUR,﻿SR,﻿SUR,﻿LCR,﻿Member State,﻿Suriname,﻿Sipaliwini,﻿SUR009
﻿SUR,﻿SR,﻿SUR,﻿LCR,﻿Member State,﻿Suriname,﻿Wanica,﻿SUR010
﻿VCT,﻿VC,﻿VCT,﻿LCR,﻿Member State,﻿Saint Vincent and the Grenadines,﻿Charlotte,﻿VCT001
﻿CAN,﻿CA,﻿CAN,﻿Other,﻿Member State,﻿Canada,﻿New Brunswick / Nouveau-Brunswick,﻿CAN004
﻿CAN,﻿CA,﻿CAN,﻿Other,﻿Member State,﻿Canada,﻿Newfoundland and Labrador / Terre-Neuve-et-Labrador,﻿CAN005
﻿CAN,﻿CA,﻿CAN,﻿Other,﻿Member State,﻿Canada,﻿Nova Scotia / Nouvelle-Écosse,﻿CAN007
﻿CAN,﻿CA,﻿CAN,﻿Other,﻿Member State,﻿Canada,﻿Quebec / Québec,﻿CAN011
﻿SPM,﻿PM,﻿SPM,﻿Other,﻿Territory,﻿Saint-Pierre-et-Miquelon (Fr.),﻿Miquelon-Langlade,﻿SPM001
﻿SPM,﻿PM,﻿SPM,﻿Other,﻿Territory,﻿Saint-Pierre-et-Miquelon (Fr.),﻿Saint-Pierre,﻿SPM002
﻿TTO,﻿TT,﻿TTO,﻿LCR,﻿Member State,﻿Trinidad and Tobago,﻿Arima,﻿TTO001
﻿TTO,﻿TT,﻿TTO,﻿LCR,﻿Member State,﻿Trinidad and Tobago,﻿Chaguanas,﻿TTO002
﻿TTO,﻿TT,﻿TTO,﻿LCR,﻿Member State,﻿Trinidad and Tobago,﻿Couva/Tabaquite/Talparo,﻿TTO003
﻿TTO,﻿TT,﻿TTO,﻿LCR,﻿Member State,﻿Trinidad and Tobago,﻿Diego Martin,﻿TTO004
﻿TTO,﻿TT,﻿TTO,﻿LCR,﻿Member State,﻿Trinidad and Tobago,﻿Rio Claro/Mayaro,﻿TTO009
﻿TTO,﻿TT,﻿TTO,﻿LCR,﻿Member State,﻿Trinidad and Tobago,﻿Penal/Debe,﻿TTO005
﻿TTO,﻿TT,﻿TTO,﻿LCR,﻿Member State,﻿Trinidad and Tobago,﻿Point Fortin,﻿TTO006
﻿TTO,﻿TT,﻿TTO,﻿LCR,﻿Member State,﻿Trinidad and Tobago,﻿Port Of Spain,﻿TTO007
﻿TTO,﻿TT,﻿TTO,﻿LCR,﻿Member State,﻿Trinidad and Tobago,﻿Princes Town,﻿TTO008
﻿TTO,﻿TT,﻿TTO,﻿LCR,﻿Member State,﻿Trinidad and Tobago,﻿San Fernando,﻿TTO010
﻿TTO,﻿TT,﻿TTO,﻿LCR,﻿Member State,﻿Trinidad and Tobago,﻿Siparia,﻿TTO013
﻿TTO,﻿TT,﻿TTO,﻿LCR,﻿Member State,﻿Trinidad and Tobago,﻿San Juan/Laventille,﻿TTO011
﻿TTO,﻿TT,﻿TTO,﻿LCR,﻿Member State,﻿Trinidad and Tobago,﻿Sangre Grande,﻿TTO012
﻿TTO,﻿TT,﻿TTO,﻿LCR,﻿Member State,﻿Trinidad and Tobago,﻿Tobago,﻿TTO014
﻿TTO,﻿TT,﻿TTO,﻿LCR,﻿Member State,﻿Trinidad and Tobago,﻿Tunapuna/Piarco,﻿TTO015
﻿VEN,﻿VE,﻿VEN,﻿LCR,﻿Member State,﻿Republica Bolivariana de Venezuela,﻿Bolivar,﻿VEN006
﻿VEN,﻿VE,﻿VEN,﻿LCR,﻿Member State,﻿Republica Bolivariana de Venezuela,﻿Delta Amacuro,﻿VEN009
﻿USA,﻿US,﻿USA,﻿Other,﻿Member State,﻿United States of America,﻿Alaska,﻿USA002
﻿BRA,﻿BR,﻿BRA,﻿LCR,﻿Member State,﻿Brazil,﻿Espírito Santo,﻿BRA008
﻿BRA,﻿BR,﻿BRA,﻿LCR,﻿Member State,﻿Brazil,﻿Minas Gerais,﻿BRA013
﻿BRA,﻿BR,﻿BRA,﻿LCR,﻿Member State,﻿Brazil,﻿Rio De Janeiro,﻿BRA023
﻿BRA,﻿BR,﻿BRA,﻿LCR,﻿Member State,﻿Brazil,﻿Alagoas,﻿BRA002
﻿BRA,﻿BR,﻿BRA,﻿LCR,﻿Member State,﻿Brazil,﻿Bahia,﻿BRA005
﻿BRA,﻿BR,﻿BRA,﻿LCR,﻿Member State,﻿Brazil,﻿Goiás,﻿BRA009
﻿BRA,﻿BR,﻿BRA,﻿LCR,﻿Member State,﻿Brazil,﻿Pernambuco,﻿BRA021
﻿BRA,﻿BR,﻿BRA,﻿LCR,﻿Member State,﻿Brazil,﻿Sergipe,﻿BRA030
﻿BRA,﻿BR,﻿BRA,﻿LCR,﻿Member State,﻿Brazil,﻿São Paulo,﻿BRA029
﻿ARG,﻿AR,﻿ARG,﻿LCR,﻿Member State,﻿Argentina,﻿Chaco,﻿ARG004
﻿ARG,﻿AR,﻿ARG,﻿LCR,﻿Member State,﻿Argentina,﻿Corrientes,﻿ARG007
﻿ARG,﻿AR,﻿ARG,﻿LCR,﻿Member State,﻿Argentina,﻿Formosa,﻿ARG009
﻿ARG,﻿AR,﻿ARG,﻿LCR,﻿Member State,﻿Argentina,﻿Misiones,﻿ARG014
﻿ARG,﻿AR,﻿ARG,﻿LCR,﻿Member State,﻿Argentina,﻿Santa Fe,﻿ARG021
﻿BOL,﻿BO,﻿BOL,﻿LCR,﻿Member State,﻿Bolivia,﻿Santa Cruz,﻿BOL008
﻿BRA,﻿BR,﻿BRA,﻿LCR,﻿Member State,﻿Brazil,﻿Distrito Federal,﻿BRA007
﻿BRA,﻿BR,﻿BRA,﻿LCR,﻿Member State,﻿Brazil,﻿Mato Grosso Do Sul,﻿BRA012
﻿BRA,﻿BR,﻿BRA,﻿LCR,﻿Member State,﻿Brazil,﻿Mato Grosso,﻿BRA011
﻿BRA,﻿BR,﻿BRA,﻿LCR,﻿Member State,﻿Brazil,﻿Paraná,﻿BRA020
﻿BRA,﻿BR,﻿BRA,﻿LCR,﻿Member State,﻿Brazil,﻿Rondônia,﻿BRA026
﻿BRA,﻿BR,﻿BRA,﻿LCR,﻿Member State,﻿Brazil,﻿Rio Grande Do Sul,﻿BRA025
﻿BRA,﻿BR,﻿BRA,﻿LCR,﻿Member State,﻿Brazil,﻿Santa Catarina,﻿BRA028
﻿PRY,﻿PY,﻿PRY,﻿LCR,﻿Member State,﻿Paraguay,﻿Alto Paraná,﻿PRY002
﻿PRY,﻿PY,﻿PRY,﻿LCR,﻿Member State,﻿Paraguay,﻿Alto Paraguay,﻿PRY001
﻿PRY,﻿PY,﻿PRY,﻿LCR,﻿Member State,﻿Paraguay,﻿Amambay,﻿PRY003
﻿PRY,﻿PY,﻿PRY,﻿LCR,﻿Member State,﻿Paraguay,﻿Boquerón,﻿PRY004
﻿PRY,﻿PY,﻿PRY,﻿LCR,﻿Member State,﻿Paraguay,﻿Central,﻿PRY008
﻿PRY,﻿PY,﻿PRY,﻿LCR,﻿Member State,﻿Paraguay,﻿Asuncion,﻿PRY018
﻿PRY,﻿PY,﻿PRY,﻿LCR,﻿Member State,﻿Paraguay,﻿Caaguazú,﻿PRY005
﻿PRY,﻿PY,﻿PRY,﻿LCR,﻿Member State,﻿Paraguay,﻿Concepción,﻿PRY009
﻿PRY,﻿PY,﻿PRY,﻿LCR,﻿Member State,﻿Paraguay,﻿Cordillera,﻿PRY010
﻿PRY,﻿PY,﻿PRY,﻿LCR,﻿Member State,﻿Paraguay,﻿Canindeyú,﻿PRY007
﻿PRY,﻿PY,﻿PRY,﻿LCR,﻿Member State,﻿Paraguay,﻿Caazapá,﻿PRY006
﻿PRY,﻿PY,﻿PRY,﻿LCR,﻿Member State,﻿Paraguay,﻿Guairá,﻿PRY011
﻿PRY,﻿PY,﻿PRY,﻿LCR,﻿Member State,﻿Paraguay,﻿Itapúa,﻿PRY012
﻿PRY,﻿PY,﻿PRY,﻿LCR,﻿Member State,﻿Paraguay,﻿Misiones,﻿PRY013
﻿PRY,﻿PY,﻿PRY,﻿LCR,﻿Member State,﻿Paraguay,﻿Ñeembucú,﻿PRY014
﻿PRY,﻿PY,﻿PRY,﻿LCR,﻿Member State,﻿Paraguay,﻿Paraguarí,﻿PRY015
﻿PRY,﻿PY,﻿PRY,﻿LCR,﻿Member State,﻿Paraguay,﻿Presidente Hayes,﻿PRY016
﻿PRY,﻿PY,﻿PRY,﻿LCR,﻿Member State,﻿Paraguay,﻿San Pedro,﻿PRY017
﻿ARG,﻿AR,﻿ARG,﻿LCR,﻿Member State,﻿Argentina,﻿Buenos Aires,﻿ARG001
﻿ARG,﻿AR,﻿ARG,﻿LCR,﻿Member State,﻿Argentina,﻿Ciudad Autónoma de Buenos Aires,﻿ARG002
﻿ARG,﻿AR,﻿ARG,﻿LCR,﻿Member State,﻿Argentina,﻿Entre Ríos,﻿ARG008
﻿CAN,﻿CA,﻿CAN,﻿Other,﻿Member State,﻿Canada,﻿Manitoba,﻿CAN003
﻿CAN,﻿CA,﻿CAN,﻿Other,﻿Member State,﻿Canada,﻿Ontario,﻿CAN009
﻿CAN,﻿CA,﻿CAN,﻿Other,﻿Member State,﻿Canada,﻿Prince Edward Island / Île-du-Prince-Édouard,﻿CAN010
﻿DOM,﻿DO,﻿DOM,﻿LCR,﻿Member State,﻿Dominican Republic,﻿La Altagracia,﻿DOM012
﻿DOM,﻿DO,﻿DOM,﻿LCR,﻿Member State,﻿Dominican Republic,﻿Azua,﻿DOM001
﻿DOM,﻿DO,﻿DOM,﻿LCR,﻿Member State,﻿Dominican Republic,﻿Dajabon,﻿DOM004
﻿DOM,﻿DO,﻿DOM,﻿LCR,﻿Member State,﻿Dominican Republic,﻿Duarte,﻿DOM006
﻿DOM,﻿DO,﻿DOM,﻿LCR,﻿Member State,﻿Dominican Republic,﻿Elias Pina,﻿DOM008
﻿DOM,﻿DO,﻿DOM,﻿LCR,﻿Member State,﻿Dominican Republic,﻿Espaillat,﻿DOM009
﻿DOM,﻿DO,﻿DOM,﻿LCR,﻿Member State,﻿Dominican Republic,﻿Hato Mayor,﻿DOM010
﻿DOM,﻿DO,﻿DOM,﻿LCR,﻿Member State,﻿Dominican Republic,﻿San Juan,﻿DOM026
﻿DOM,﻿DO,﻿DOM,﻿LCR,﻿Member State,﻿Dominican Republic,﻿Monte Cristi,﻿DOM017
﻿DOM,﻿DO,﻿DOM,﻿LCR,﻿Member State,﻿Dominican Republic,﻿Monsenor Nouel,﻿DOM016
﻿DOM,﻿DO,﻿DOM,﻿LCR,﻿Member State,﻿Dominican Republic,﻿Monte Plata,﻿DOM018
﻿DOM,﻿DO,﻿DOM,﻿LCR,﻿Member State,﻿Dominican Republic,﻿Maria Trinidad Sanches,﻿DOM015
﻿DOM,﻿DO,﻿DOM,﻿LCR,﻿Member State,﻿Dominican Republic,﻿Puerto Plata,﻿DOM021
﻿DOM,﻿DO,﻿DOM,﻿LCR,﻿Member State,﻿Dominican Republic,﻿Hermanas Mirabal,﻿DOM022
﻿DOM,﻿DO,﻿DOM,﻿LCR,﻿Member State,﻿Dominican Republic,﻿El Seibo,﻿DOM007
﻿DOM,﻿DO,﻿DOM,﻿LCR,﻿Member State,﻿Dominican Republic,﻿Samana,﻿DOM023
﻿DOM,﻿DO,﻿DOM,﻿LCR,﻿Member State,﻿Dominican Republic,﻿Santiago Rodriguez,﻿DOM030
﻿DOM,﻿DO,﻿DOM,﻿LCR,﻿Member State,﻿Dominican Republic,﻿Santiago,﻿DOM029
﻿DOM,﻿DO,﻿DOM,﻿LCR,﻿Member State,﻿Dominican Republic,﻿Sanchez Ramirez,﻿DOM028
﻿DOM,﻿DO,﻿DOM,﻿LCR,﻿Member State,﻿Dominican Republic,﻿Valverde,﻿DOM032
﻿DOM,﻿DO,﻿DOM,﻿LCR,﻿Member State,﻿Dominican Republic,﻿La Vega,﻿DOM014
﻿HTI,﻿HT,﻿HTI,﻿LCR,﻿Member State,﻿Haiti,﻿Centre,﻿HTI002
﻿HTI,﻿HT,﻿HTI,﻿LCR,﻿Member State,﻿Haiti,﻿Nord-Est,﻿HTI006
﻿URY,﻿UY,﻿URY,﻿LCR,﻿Member State,﻿Uruguay,﻿Artigas,﻿URY001
﻿URY,﻿UY,﻿URY,﻿LCR,﻿Member State,﻿Uruguay,﻿Canelones,﻿URY002
﻿URY,﻿UY,﻿URY,﻿LCR,﻿Member State,﻿Uruguay,﻿Cerro Largo,﻿URY003
﻿URY,﻿UY,﻿URY,﻿LCR,﻿Member State,﻿Uruguay,﻿Colonia,﻿URY004
﻿URY,﻿UY,﻿URY,﻿LCR,﻿Member State,﻿Uruguay,﻿Durazno,﻿URY005
﻿URY,﻿UY,﻿URY,﻿LCR,﻿Member State,﻿Uruguay,﻿Florida,﻿URY007
﻿URY,﻿UY,﻿URY,﻿LCR,﻿Member State,﻿Uruguay,﻿Flores,﻿URY006
﻿URY,﻿UY,﻿URY,﻿LCR,﻿Member State,﻿Uruguay,﻿Lavalleja,﻿URY008
﻿URY,﻿UY,﻿URY,﻿LCR,﻿Member State,﻿Uruguay,﻿Maldonado,﻿URY009
﻿URY,﻿UY,﻿URY,﻿LCR,﻿Member State,﻿Uruguay,﻿Montevideo,﻿URY010
﻿URY,﻿UY,﻿URY,﻿LCR,﻿Member State,﻿Uruguay,﻿Paysandú,﻿URY011
﻿URY,﻿UY,﻿URY,﻿LCR,﻿Member State,﻿Uruguay,﻿Río Negro,﻿URY012
﻿URY,﻿UY,﻿URY,﻿LCR,﻿Member State,﻿Uruguay,﻿Rocha,﻿URY014
﻿URY,﻿UY,﻿URY,﻿LCR,﻿Member State,﻿Uruguay,﻿Rivera,﻿URY013
﻿URY,﻿UY,﻿URY,﻿LCR,﻿Member State,﻿Uruguay,﻿Salto,﻿URY015
﻿URY,﻿UY,﻿URY,﻿LCR,﻿Member State,﻿Uruguay,﻿San José,﻿URY016
﻿URY,﻿UY,﻿URY,﻿LCR,﻿Member State,﻿Uruguay,﻿Soriano,﻿URY017
﻿URY,﻿UY,﻿URY,﻿LCR,﻿Member State,﻿Uruguay,﻿Tacuarembó,﻿URY018
﻿URY,﻿UY,﻿URY,﻿LCR,﻿Member State,﻿Uruguay,﻿Treinta Y Tres,﻿URY019
﻿USA,﻿US,﻿USA,﻿Other,﻿Member State,﻿United States of America,﻿Alabama,﻿USA001
﻿USA,﻿US,﻿USA,﻿Other,﻿Member State,﻿United States of America,﻿Arkansas,﻿USA004
﻿USA,﻿US,﻿USA,﻿Other,﻿Member State,﻿United States of America,﻿Connecticut,﻿USA007
﻿USA,﻿US,﻿USA,﻿Other,﻿Member State,﻿United States of America,﻿District of Columbia,﻿USA009
﻿USA,﻿US,﻿USA,﻿Other,﻿Member State,﻿United States of America,﻿Delaware,﻿USA008
﻿USA,﻿US,﻿USA,﻿Other,﻿Member State,﻿United States of America,﻿Florida,﻿USA010
﻿USA,﻿US,﻿USA,﻿Other,﻿Member State,﻿United States of America,﻿Georgia,﻿USA011
﻿USA,﻿US,﻿USA,﻿Other,﻿Member State,﻿United States of America,﻿Iowa,﻿USA016
﻿USA,﻿US,﻿USA,﻿Other,﻿Member State,﻿United States of America,﻿Illinois,﻿USA014
﻿USA,﻿US,﻿USA,﻿Other,﻿Member State,﻿United States of America,﻿Indiana,﻿USA015
﻿USA,﻿US,﻿USA,﻿Other,﻿Member State,﻿United States of America,﻿Kansas,﻿USA017
﻿USA,﻿US,﻿USA,﻿Other,﻿Member State,﻿United States of America,﻿Kentucky,﻿USA018
﻿USA,﻿US,﻿USA,﻿Other,﻿Member State,﻿United States of America,﻿Louisiana,﻿USA019
﻿USA,﻿US,﻿USA,﻿Other,﻿Member State,﻿United States of America,﻿Massachusetts,﻿USA022
﻿USA,﻿US,﻿USA,﻿Other,﻿Member State,﻿United States of America,﻿Maryland,﻿USA021
﻿USA,﻿US,﻿USA,﻿Other,﻿Member State,﻿United States of America,﻿Maine,﻿USA020
﻿USA,﻿US,﻿USA,﻿Other,﻿Member State,﻿United States of America,﻿Michigan,﻿USA023
﻿USA,﻿US,﻿USA,﻿Other,﻿Member State,﻿United States of America,﻿Minnesota,﻿USA024
﻿USA,﻿US,﻿USA,﻿Other,﻿Member State,﻿United States of America,﻿Missouri,﻿USA026
﻿USA,﻿US,﻿USA,﻿Other,﻿Member State,﻿United States of America,﻿Mississippi,﻿USA025
﻿USA,﻿US,﻿USA,﻿Other,﻿Member State,﻿United States of America,﻿North Carolina,﻿USA034
﻿USA,﻿US,﻿USA,﻿Other,﻿Member State,﻿United States of America,﻿North Dakota,﻿USA035
﻿USA,﻿US,﻿USA,﻿Other,﻿Member State,﻿United States of America,﻿Nebraska,﻿USA028
﻿USA,﻿US,﻿USA,﻿Other,﻿Member State,﻿United States of America,﻿New Hampshire,﻿USA030
﻿USA,﻿US,﻿USA,﻿Other,﻿Member State,﻿United States of America,﻿New Jersey,﻿USA031
﻿USA,﻿US,﻿USA,﻿Other,﻿Member State,﻿United States of America,﻿New York,﻿USA033
﻿USA,﻿US,﻿USA,﻿Other,﻿Member State,﻿United States of America,﻿Ohio,﻿USA036
﻿USA,﻿US,﻿USA,﻿Other,﻿Member State,﻿United States of America,﻿Oklahoma,﻿USA037
﻿USA,﻿US,﻿USA,﻿Other,﻿Member State,﻿United States of America,﻿Pennsylvania,﻿USA039
﻿USA,﻿US,﻿USA,﻿Other,﻿Member State,﻿United States of America,﻿Rhode Island,﻿USA040
﻿USA,﻿US,﻿USA,﻿Other,﻿Member State,﻿United States of America,﻿South Carolina,﻿USA041
﻿USA,﻿US,﻿USA,﻿Other,﻿Member State,﻿United States of America,﻿South Dakota,﻿USA042
﻿USA,﻿US,﻿USA,﻿Other,﻿Member State,﻿United States of America,﻿Tennessee,﻿USA043
﻿USA,﻿US,﻿USA,﻿Other,﻿Member State,﻿United States of America,﻿Virginia,﻿USA047
﻿USA,﻿US,﻿USA,﻿Other,﻿Member State,﻿United States of America,﻿Vermont,﻿USA046
﻿USA,﻿US,﻿USA,﻿Other,﻿Member State,﻿United States of America,﻿Wisconsin,﻿USA050
﻿USA,﻿US,﻿USA,﻿Other,﻿Member State,﻿United States of America,﻿West Virginia,﻿USA049
﻿BHS,﻿BS,﻿BHS,﻿LCR,﻿Member State,﻿The Bahamas,﻿Acklins,﻿BHS001
﻿BHS,﻿BS,﻿BHS,﻿LCR,﻿Member State,﻿The Bahamas,﻿Black Point,﻿BHS004
﻿BHS,﻿BS,﻿BHS,﻿LCR,﻿Member State,﻿The Bahamas,﻿Cat Island,﻿BHS005
﻿BHS,﻿BS,﻿BHS,﻿LCR,﻿Member State,﻿The Bahamas,﻿Central Abaco,﻿BHS006
﻿BHS,﻿BS,﻿BHS,﻿LCR,﻿Member State,﻿The Bahamas,﻿Central Eleuthera,﻿BHS008
﻿BHS,﻿BS,﻿BHS,﻿LCR,﻿Member State,﻿The Bahamas,﻿Crooked Island,﻿BHS010
﻿BHS,﻿BS,﻿BHS,﻿LCR,﻿Member State,﻿The Bahamas,﻿East Grand Bahama,﻿BHS011
﻿BHS,﻿BS,﻿BHS,﻿LCR,﻿Member State,﻿The Bahamas,﻿Exuma,﻿BHS012
﻿BHS,﻿BS,﻿BHS,﻿LCR,﻿Member State,﻿The Bahamas,﻿Grand Cay,﻿BHS013
﻿BHS,﻿BS,﻿BHS,﻿LCR,﻿Member State,﻿The Bahamas,﻿Hope Town,﻿BHS015
﻿BHS,﻿BS,﻿BHS,﻿LCR,﻿Member State,﻿The Bahamas,﻿Inagua,﻿BHS016
﻿BHS,﻿BS,﻿BHS,﻿LCR,﻿Member State,﻿The Bahamas,﻿Long Island,﻿BHS017
﻿BHS,﻿BS,﻿BHS,﻿LCR,﻿Member State,﻿The Bahamas,﻿Mayaguana,﻿BHS019
﻿BHS,﻿BS,﻿BHS,﻿LCR,﻿Member State,﻿The Bahamas,﻿North Abaco,﻿BHS022
﻿BHS,﻿BS,﻿BHS,﻿LCR,﻿Member State,﻿The Bahamas,﻿North Eleuthera,﻿BHS024
﻿BHS,﻿BS,﻿BHS,﻿LCR,﻿Member State,﻿The Bahamas,﻿Ragged Island,﻿BHS025
﻿BHS,﻿BS,﻿BHS,﻿LCR,﻿Member State,﻿The Bahamas,﻿Rum Cay,﻿BHS026
﻿BHS,﻿BS,﻿BHS,﻿LCR,﻿Member State,﻿The Bahamas,﻿San Salvador,﻿BHS027
﻿BHS,﻿BS,﻿BHS,﻿LCR,﻿Member State,﻿The Bahamas,﻿South Eleuthera,﻿BHS030
﻿BHS,﻿BS,﻿BHS,﻿LCR,﻿Member State,﻿The Bahamas,﻿West Grand Bahama,﻿BHS032
﻿BMU,﻿BM,﻿BMU,﻿Other,﻿Territory,﻿Bermuda (U.K.),﻿Administrative unit not available,﻿BMU001
﻿CAN,﻿CA,﻿CAN,﻿Other,﻿Member State,﻿Canada,﻿Alberta,﻿CAN001
﻿CAN,﻿CA,﻿CAN,﻿Other,﻿Member State,﻿Canada,﻿Nunavut,﻿CAN008
﻿CAN,﻿CA,﻿CAN,﻿Other,﻿Member State,﻿Canada,﻿Saskatchewan,﻿CAN012
﻿CUB,﻿CU,﻿CUB,﻿Other,﻿Non Member State,﻿Cuba,﻿Artemisa,﻿CUB001
﻿CUB,﻿CU,﻿CUB,﻿Other,﻿Non Member State,﻿Cuba,﻿Camagüey,﻿CUB002
﻿CUB,﻿CU,﻿CUB,﻿Other,﻿Non Member State,﻿Cuba,﻿Ciego de Ávila,﻿CUB003
﻿CUB,﻿CU,﻿CUB,﻿Other,﻿Non Member State,﻿Cuba,﻿Cienfuegos,﻿CUB004
﻿CUB,﻿CU,﻿CUB,﻿Other,﻿Non Member State,﻿Cuba,﻿Granma,﻿CUB005
﻿CUB,﻿CU,﻿CUB,﻿Other,﻿Non Member State,﻿Cuba,﻿Guantánamo,﻿CUB006
﻿CUB,﻿CU,﻿CUB,﻿Other,﻿Non Member State,﻿Cuba,﻿Holguín,﻿CUB007
﻿CUB,﻿CU,﻿CUB,﻿Other,﻿Non Member State,﻿Cuba,﻿Isla de la Juventud,﻿CUB000
﻿CUB,﻿CU,﻿CUB,﻿Other,﻿Non Member State,﻿Cuba,﻿La Habana,﻿CUB008
﻿CUB,﻿CU,﻿CUB,﻿Other,﻿Non Member State,﻿Cuba,﻿Las Tunas,﻿CUB009
﻿CUB,﻿CU,﻿CUB,﻿Other,﻿Non Member State,﻿Cuba,﻿Matanzas,﻿CUB010
﻿CUB,﻿CU,﻿CUB,﻿Other,﻿Non Member State,﻿Cuba,﻿Mayabeque,﻿CUB011
﻿CUB,﻿CU,﻿CUB,﻿Other,﻿Non Member State,﻿Cuba,﻿Pinar del Río,﻿CUB012
﻿CUB,﻿CU,﻿CUB,﻿Other,﻿Non Member State,﻿Cuba,﻿Sancti Spíritus,﻿CUB013
﻿CUB,﻿CU,﻿CUB,﻿Other,﻿Non Member State,﻿Cuba,﻿Santiago de Cuba,﻿CUB014
﻿CUB,﻿CU,﻿CUB,﻿Other,﻿Non Member State,﻿Cuba,﻿Villa Clara,﻿CUB015
﻿HTI,﻿HT,﻿HTI,﻿LCR,﻿Member State,﻿Haiti,﻿Artibonite,﻿HTI001
﻿HTI,﻿HT,﻿HTI,﻿LCR,﻿Member State,﻿Haiti,﻿Grand-Anse,﻿HTI003
﻿HTI,﻿HT,﻿HTI,﻿LCR,﻿Member State,﻿Haiti,﻿Nord,﻿HTI005
﻿HTI,﻿HT,﻿HTI,﻿LCR,﻿Member State,﻿Haiti,﻿Nord-Ouest,﻿HTI007
﻿HTI,﻿HT,﻿HTI,﻿LCR,﻿Member State,﻿Haiti,﻿Ouest,﻿HTI008
﻿MEX,﻿MX,﻿MEX,﻿LCR,﻿Member State,﻿Mexico,﻿Aguascalientes,﻿MEX001
﻿MEX,﻿MX,﻿MEX,﻿LCR,﻿Member State,﻿Mexico,﻿Campeche,﻿MEX004
﻿MEX,﻿MX,﻿MEX,﻿LCR,﻿Member State,﻿Mexico,﻿Chihuahua,﻿MEX008
﻿MEX,﻿MX,﻿MEX,﻿LCR,﻿Member State,﻿Mexico,﻿Ciudad de México,﻿MEX009
﻿MEX,﻿MX,﻿MEX,﻿LCR,﻿Member State,﻿Mexico,﻿Coahuila de Zaragoza,﻿MEX005
﻿MEX,﻿MX,﻿MEX,﻿LCR,﻿Member State,﻿Mexico,﻿Durango,﻿MEX010
﻿MEX,﻿MX,﻿MEX,﻿LCR,﻿Member State,﻿Mexico,﻿Guanajuato,﻿MEX011
﻿MEX,﻿MX,﻿MEX,﻿LCR,﻿Member State,﻿Mexico,﻿Hidalgo,﻿MEX013
﻿MEX,﻿MX,﻿MEX,﻿LCR,﻿Member State,﻿Mexico,﻿Jalisco,﻿MEX014
﻿MEX,﻿MX,﻿MEX,﻿LCR,﻿Member State,﻿Mexico,﻿México,﻿MEX015
﻿MEX,﻿MX,﻿MEX,﻿LCR,﻿Member State,﻿Mexico,﻿Michoacán de Ocampo,﻿MEX016
﻿MEX,﻿MX,﻿MEX,﻿LCR,﻿Member State,﻿Mexico,﻿Morelos,﻿MEX017
﻿MEX,﻿MX,﻿MEX,﻿LCR,﻿Member State,﻿Mexico,﻿Nuevo León,﻿MEX019
﻿MEX,﻿MX,﻿MEX,﻿LCR,﻿Member State,﻿Mexico,﻿Puebla,﻿MEX021
﻿MEX,﻿MX,﻿MEX,﻿LCR,﻿Member State,﻿Mexico,﻿Querétaro,﻿MEX022
﻿MEX,﻿MX,﻿MEX,﻿LCR,﻿Member State,﻿Mexico,﻿Quintana Roo,﻿MEX023
﻿MEX,﻿MX,﻿MEX,﻿LCR,﻿Member State,﻿Mexico,﻿San Luis Potosí,﻿MEX024
﻿MEX,﻿MX,﻿MEX,﻿LCR,﻿Member State,﻿Mexico,﻿Sonora,﻿MEX026
﻿MEX,﻿MX,﻿MEX,﻿LCR,﻿Member State,﻿Mexico,﻿Tamaulipas,﻿MEX028
﻿MEX,﻿MX,﻿MEX,﻿LCR,﻿Member State,﻿Mexico,﻿Tlaxcala,﻿MEX029
﻿MEX,﻿MX,﻿MEX,﻿LCR,﻿Member State,﻿Mexico,﻿Veracruz de Ignacio de la Llave,﻿MEX030
﻿MEX,﻿MX,﻿MEX,﻿LCR,﻿Member State,﻿Mexico,﻿Yucatán,﻿MEX031
﻿MEX,﻿MX,﻿MEX,﻿LCR,﻿Member State,﻿Mexico,﻿Zacatecas,﻿MEX032
﻿NZL,﻿NZ,﻿NZL,﻿Other,﻿Member State,﻿New Zealand,﻿Auckland,﻿NZL02
﻿TCA,﻿TC,﻿TCA,﻿Other,﻿Territory,﻿Turks and Caicos Islands (U.K.),﻿Grand Turk,﻿TCA001
﻿TCA,﻿TC,﻿TCA,﻿Other,﻿Territory,﻿Turks and Caicos Islands (U.K.),﻿Middle Caicos,﻿TCA002
﻿TCA,﻿TC,﻿TCA,﻿Other,﻿Territory,﻿Turks and Caicos Islands (U.K.),﻿North Caicos,﻿TCA003
﻿TCA,﻿TC,﻿TCA,﻿Other,﻿Territory,﻿Turks and Caicos Islands (U.K.),﻿Providenciales and West Caicos,﻿TCA004
﻿TCA,﻿TC,﻿TCA,﻿Other,﻿Territory,﻿Turks and Caicos Islands (U.K.),﻿Salt City,﻿TCA005
﻿TCA,﻿TC,﻿TCA,﻿Other,﻿Territory,﻿Turks and Caicos Islands (U.K.),﻿South and East Caicos,﻿TCA006
﻿USA,﻿US,﻿USA,﻿Other,﻿Member State,﻿United States of America,﻿Arizona,﻿USA003
﻿USA,﻿US,﻿USA,﻿Other,﻿Member State,﻿United States of America,﻿California,﻿USA005
﻿USA,﻿US,﻿USA,﻿Other,﻿Member State,﻿United States of America,﻿Colorado,﻿USA006
﻿USA,﻿US,﻿USA,﻿Other,﻿Member State,﻿United States of America,﻿Idaho,﻿USA013
﻿USA,﻿US,﻿USA,﻿Other,﻿Member State,﻿United States of America,﻿Montana,﻿USA027
﻿USA,﻿US,﻿USA,﻿Other,﻿Member State,﻿United States of America,﻿New Mexico,﻿USA032
﻿USA,﻿US,﻿USA,﻿Other,﻿Member State,﻿United States of America,﻿Nevada,﻿USA029
﻿USA,﻿US,﻿USA,﻿Other,﻿Member State,﻿United States of America,﻿Oregon,﻿USA038
﻿USA,﻿US,﻿USA,﻿Other,﻿Member State,﻿United States of America,﻿Texas,﻿USA044
﻿USA,﻿US,﻿USA,﻿Other,﻿Member State,﻿United States of America,﻿Utah,﻿USA045
﻿USA,﻿US,﻿USA,﻿Other,﻿Member State,﻿United States of America,﻿Washington,﻿USA048
﻿USA,﻿US,﻿USA,﻿Other,﻿Member State,﻿United States of America,﻿Wyoming,﻿USA051
﻿ABW,﻿AW,﻿ABW,﻿Other,﻿Territory,﻿Aruba (Neth.),﻿Aruba (Neth.),﻿ABW001
﻿AIA,﻿AI,﻿AIA,﻿Other,﻿Territory,﻿Anguilla (U.K.),﻿Anguilla (U.K.),﻿AIA001
﻿ATG,﻿AG,﻿ATG,﻿LCR,﻿Member State,﻿Antigua and Barbuda,﻿Barbuda,﻿ATG001
﻿ATG,﻿AG,﻿ATG,﻿LCR,﻿Member State,﻿Antigua and Barbuda,﻿Saint George,﻿ATG003
﻿ATG,﻿AG,﻿ATG,﻿LCR,﻿Member State,﻿Antigua and Barbuda,﻿Saint John,﻿ATG004
﻿ATG,﻿AG,﻿ATG,﻿LCR,﻿Member State,﻿Antigua and Barbuda,﻿Saint Mary,﻿ATG005
﻿ATG,﻿AG,﻿ATG,﻿LCR,﻿Member State,﻿Antigua and Barbuda,﻿Saint Paul,﻿ATG006
﻿ATG,﻿AG,﻿ATG,﻿LCR,﻿Member State,﻿Antigua and Barbuda,﻿Saint Peter,﻿ATG007
﻿ATG,﻿AG,﻿ATG,﻿LCR,﻿Member State,﻿Antigua and Barbuda,﻿Saint Philip,﻿ATG008
﻿ATG,﻿AG,﻿ATG,﻿LCR,﻿Member State,﻿Antigua and Barbuda,﻿Redonda,﻿ATG002
﻿BES,﻿BQ,﻿BES,﻿Other,﻿Territory,﻿Bonaire (Neth.),﻿Bonaire,﻿BES001
﻿BES,﻿BQ,﻿BES,﻿Other,﻿Territory,﻿Saba (Neth.),﻿Saba,﻿BES002
﻿BES,﻿BQ,﻿BES,﻿Other,﻿Territory,﻿Sint Eustatius (Neth.),﻿Sint Eustatius,﻿BES003
﻿BHS,﻿BS,﻿BHS,﻿LCR,﻿Member State,﻿The Bahamas,﻿Berry Islands,﻿BHS002
﻿BHS,﻿BS,﻿BHS,﻿LCR,﻿Member State,﻿The Bahamas,﻿Biminis,﻿BHS003
﻿BHS,﻿BS,﻿BHS,﻿LCR,﻿Member State,﻿The Bahamas,﻿Central Andros,﻿BHS007
﻿BHS,﻿BS,﻿BHS,﻿LCR,﻿Member State,﻿The Bahamas,﻿City of Freeport,﻿BHS009
﻿BHS,﻿BS,﻿BHS,﻿LCR,﻿Member State,﻿The Bahamas,﻿Harbour Island,﻿BHS014
﻿BHS,﻿BS,﻿BHS,﻿LCR,﻿Member State,﻿The Bahamas,﻿Mangrove Cay,﻿BHS018
﻿BHS,﻿BS,﻿BHS,﻿LCR,﻿Member State,﻿The Bahamas,﻿Moore's Island,﻿BHS020
﻿BHS,﻿BS,﻿BHS,﻿LCR,﻿Member State,﻿The Bahamas,﻿New Providence,﻿BHS021
﻿BHS,﻿BS,﻿BHS,﻿LCR,﻿Member State,﻿The Bahamas,﻿North Andros,﻿BHS023
﻿BHS,﻿BS,﻿BHS,﻿LCR,﻿Member State,﻿The Bahamas,﻿South Abaco,﻿BHS028
﻿BHS,﻿BS,﻿BHS,﻿LCR,﻿Member State,﻿The Bahamas,﻿South Andros,﻿BHS029
﻿BHS,﻿BS,﻿BHS,﻿LCR,﻿Member State,﻿The Bahamas,﻿Spanish Wells,﻿BHS031
﻿BLM,﻿BL,﻿BLM,﻿Other,﻿Territory,﻿Saint-Barthélemy (Fr.),﻿Saint-Barthélemy (Fr.),﻿BLM001
﻿BLZ,﻿BZ,﻿BLZ,﻿LCR,﻿Member State,﻿Belize,﻿Cayo,﻿BLZ002
﻿BLZ,﻿BZ,﻿BLZ,﻿LCR,﻿Member State,﻿Belize,﻿Corozal,﻿BLZ003
﻿BLZ,﻿BZ,﻿BLZ,﻿LCR,﻿Member State,﻿Belize,﻿Orange Walk,﻿BLZ004
﻿BLZ,﻿BZ,﻿BLZ,﻿LCR,﻿Member State,﻿Belize,﻿Toledo,﻿BLZ006
﻿CAN,﻿CA,﻿CAN,﻿Other,﻿Member State,﻿Canada,﻿British Columbia / Colombie-Britannique,﻿CAN002
﻿CAN,﻿CA,﻿CAN,﻿Other,﻿Member State,﻿Canada,﻿Northwest Territories / Territoires du Nord-Ouest,﻿CAN006
﻿COL,﻿CO,﻿COL,﻿LCR,﻿Member State,﻿Colombia,﻿Antioquia,﻿COL002
﻿COL,﻿CO,﻿COL,﻿LCR,﻿Member State,﻿Colombia,﻿Arauca,﻿COL003
﻿COL,﻿CO,﻿COL,﻿LCR,﻿Member State,﻿Colombia,﻿Atlántico,﻿COL005
﻿COL,﻿CO,﻿COL,﻿LCR,﻿Member State,﻿Colombia,﻿Bolívar,﻿COL007
﻿COL,﻿CO,﻿COL,﻿LCR,﻿Member State,﻿Colombia,﻿Boyacá,﻿COL008
﻿COL,﻿CO,﻿COL,﻿LCR,﻿Member State,﻿Colombia,﻿Cesar,﻿COL013
﻿COL,﻿CO,﻿COL,﻿LCR,﻿Member State,﻿Colombia,﻿Chocó,﻿COL014
﻿COL,﻿CO,﻿COL,﻿LCR,﻿Member State,﻿Colombia,﻿Caldas,﻿COL009
﻿COL,﻿CO,﻿COL,﻿LCR,﻿Member State,﻿Colombia,﻿Córdoba,﻿COL015
﻿COL,﻿CO,﻿COL,﻿LCR,﻿Member State,﻿Colombia,﻿Casanare,﻿COL011
﻿COL,﻿CO,﻿COL,﻿LCR,﻿Member State,﻿Colombia,﻿Cundinamarca,﻿COL016
﻿COL,﻿CO,﻿COL,﻿LCR,﻿Member State,﻿Colombia,﻿La Guajira,﻿COL020
﻿COL,﻿CO,﻿COL,﻿LCR,﻿Member State,﻿Colombia,﻿Magdalena,﻿COL021
﻿COL,﻿CO,﻿COL,﻿LCR,﻿Member State,﻿Colombia,﻿Norte de Santander,﻿COL024
﻿COL,﻿CO,﻿COL,﻿LCR,﻿Member State,﻿Colombia,﻿Risaralda,﻿COL027
﻿COL,﻿CO,﻿COL,﻿LCR,﻿Member State,﻿Colombia,﻿Santander,﻿COL028
﻿COL,﻿CO,﻿COL,﻿LCR,﻿Member State,﻿Colombia,﻿Sucre,﻿COL029
﻿COL,﻿CO,﻿COL,﻿LCR,﻿Member State,﻿Colombia,﻿Tolima,﻿COL030
﻿COL,﻿CO,﻿COL,﻿LCR,﻿Member State,﻿Colombia,﻿Valle del Cauca,﻿COL031
﻿COL,﻿CO,﻿COL,﻿LCR,﻿Member State,﻿Colombia,﻿Vichada,﻿COL033
﻿CUW,﻿CW,﻿CUW,﻿Other,﻿Territory,﻿Curaçao (Neth.),﻿Curaçao (Neth.),﻿CUW001
﻿DMA,﻿DM,﻿DMA,﻿LCR,﻿Member State,﻿Dominica,﻿Saint Andrew,﻿DMA001
﻿DMA,﻿DM,﻿DMA,﻿LCR,﻿Member State,﻿Dominica,﻿Saint David,﻿DMA002
﻿DMA,﻿DM,﻿DMA,﻿LCR,﻿Member State,﻿Dominica,﻿Saint George,﻿DMA003
﻿DMA,﻿DM,﻿DMA,﻿LCR,﻿Member State,﻿Dominica,﻿Saint Joseph,﻿DMA005
﻿DMA,﻿DM,﻿DMA,﻿LCR,﻿Member State,﻿Dominica,﻿Saint John,﻿DMA004
﻿DMA,﻿DM,﻿DMA,﻿LCR,﻿Member State,﻿Dominica,﻿Saint Luke,﻿DMA006
﻿DMA,﻿DM,﻿DMA,﻿LCR,﻿Member State,﻿Dominica,﻿Saint Mark,﻿DMA007
﻿DMA,﻿DM,﻿DMA,﻿LCR,﻿Member State,﻿Dominica,﻿Saint Patrick,﻿DMA008
﻿DMA,﻿DM,﻿DMA,﻿LCR,﻿Member State,﻿Dominica,﻿Saint Paul,﻿DMA009
﻿DMA,﻿DM,﻿DMA,﻿LCR,﻿Member State,﻿Dominica,﻿Saint Peter,﻿DMA010
﻿DOM,﻿DO,﻿DOM,﻿LCR,﻿Member State,﻿Dominican Republic,﻿Barahona,﻿DOM003
﻿DOM,﻿DO,﻿DOM,﻿LCR,﻿Member State,﻿Dominican Republic,﻿Baoruco,﻿DOM002
﻿DOM,﻿DO,﻿DOM,﻿LCR,﻿Member State,﻿Dominican Republic,﻿San Cristobal,﻿DOM024
﻿DOM,﻿DO,﻿DOM,﻿LCR,﻿Member State,﻿Dominican Republic,﻿Independencia,﻿DOM011
﻿DOM,﻿DO,﻿DOM,﻿LCR,﻿Member State,﻿Dominican Republic,﻿San José de Ocoa,﻿DOM025
﻿DOM,﻿DO,﻿DOM,﻿LCR,﻿Member State,﻿Dominican Republic,﻿Distrito Nacional,﻿DOM005
﻿DOM,﻿DO,﻿DOM,﻿LCR,﻿Member State,﻿Dominican Republic,﻿San Pedro de Macoris,﻿DOM027
﻿DOM,﻿DO,﻿DOM,﻿LCR,﻿Member State,﻿Dominican Republic,﻿Pedernales,﻿DOM019
﻿DOM,﻿DO,﻿DOM,﻿LCR,﻿Member State,﻿Dominican Republic,﻿Peravia,﻿DOM020
﻿DOM,﻿DO,﻿DOM,﻿LCR,﻿Member State,﻿Dominican Republic,﻿La Romana,﻿DOM013
﻿DOM,﻿DO,﻿DOM,﻿LCR,﻿Member State,﻿Dominican Republic,﻿Santo Domingo,﻿DOM031
﻿GLP,﻿GP,﻿FRA,﻿Other,﻿Member State,﻿France,﻿Guadeloupe,﻿GLP001
﻿GRD,﻿GD,﻿GRD,﻿LCR,﻿Member State,﻿Grenada,﻿Saint Andrew,﻿GRD002
﻿GRD,﻿GD,﻿GRD,﻿LCR,﻿Member State,﻿Grenada,﻿Carriacou and Petite Martinique,﻿GRD001
﻿GRD,﻿GD,﻿GRD,﻿LCR,﻿Member State,﻿Grenada,﻿Saint David,﻿GRD003
﻿GRD,﻿GD,﻿GRD,﻿LCR,﻿Member State,﻿Grenada,﻿Saint George,﻿GRD004
﻿GRD,﻿GD,﻿GRD,﻿LCR,﻿Member State,﻿Grenada,﻿Saint John,﻿GRD005
﻿GRD,﻿GD,﻿GRD,﻿LCR,﻿Member State,﻿Grenada,﻿Saint Mark,﻿GRD006
﻿GRD,﻿GD,﻿GRD,﻿LCR,﻿Member State,﻿Grenada,﻿Saint Patrick,﻿GRD007
﻿GTM,﻿GT,﻿GTM,﻿LCR,﻿Member State,﻿Guatemala,﻿Alta Verapaz,﻿GTM001
﻿GTM,﻿GT,﻿GTM,﻿LCR,﻿Member State,﻿Guatemala,﻿Baja Verapaz,﻿GTM002
﻿GTM,﻿GT,﻿GTM,﻿LCR,﻿Member State,﻿Guatemala,﻿Chimaltenango,﻿GTM003
﻿GTM,﻿GT,﻿GTM,﻿LCR,﻿Member State,﻿Guatemala,﻿Chiquimula,﻿GTM004
﻿GTM,﻿GT,﻿GTM,﻿LCR,﻿Member State,﻿Guatemala,﻿Guatemala,﻿GTM007
﻿GTM,﻿GT,﻿GTM,﻿LCR,﻿Member State,﻿Guatemala,﻿Huehuetenango,﻿GTM008
﻿GTM,﻿GT,﻿GTM,﻿LCR,﻿Member State,﻿Guatemala,﻿Izabal,﻿GTM009
﻿GTM,﻿GT,﻿GTM,﻿LCR,﻿Member State,﻿Guatemala,﻿Jalapa,﻿GTM010
﻿GTM,﻿GT,﻿GTM,﻿LCR,﻿Member State,﻿Guatemala,﻿Jutiapa,﻿GTM011
﻿GTM,﻿GT,﻿GTM,﻿LCR,﻿Member State,﻿Guatemala,﻿Petén,﻿GTM012
﻿GTM,﻿GT,﻿GTM,﻿LCR,﻿Member State,﻿Guatemala,﻿El Progreso,﻿GTM005
﻿GTM,﻿GT,﻿GTM,﻿LCR,﻿Member State,﻿Guatemala,﻿Quiché,﻿GTM014
﻿GTM,﻿GT,﻿GTM,﻿LCR,﻿Member State,﻿Guatemala,﻿Sacatepéquez,﻿GTM016
﻿GTM,﻿GT,﻿GTM,﻿LCR,﻿Member State,﻿Guatemala,﻿Sololá,﻿GTM019
﻿GTM,﻿GT,﻿GTM,﻿LCR,﻿Member State,﻿Guatemala,﻿Santa Rosa,﻿GTM018
﻿GTM,﻿GT,﻿GTM,﻿LCR,﻿Member State,﻿Guatemala,﻿Zacapa,﻿GTM022
﻿HND,﻿HN,﻿HND,﻿LCR,﻿Member State,﻿Honduras,﻿Atlántida,﻿HND001
﻿HND,﻿HN,﻿HND,﻿LCR,﻿Member State,﻿Honduras,﻿Colón,﻿HND003
﻿HND,﻿HN,﻿HND,﻿LCR,﻿Member State,﻿Honduras,﻿Comayagua,﻿HND004
﻿HND,﻿HN,﻿HND,﻿LCR,﻿Member State,﻿Honduras,﻿Copán,﻿HND005
﻿HND,﻿HN,﻿HND,﻿LCR,﻿Member State,﻿Honduras,﻿Cortés,﻿HND006
﻿HND,﻿HN,﻿HND,﻿LCR,﻿Member State,﻿Honduras,﻿El Paraiso,﻿HND016
﻿HND,﻿HN,﻿HND,﻿LCR,﻿Member State,﻿Honduras,﻿Francisco Morazán,﻿HND007
﻿HND,﻿HN,﻿HND,﻿LCR,﻿Member State,﻿Honduras,﻿Gracias a Dios,﻿HND008
﻿HND,﻿HN,﻿HND,﻿LCR,﻿Member State,﻿Honduras,﻿Islas de la Bahía,﻿HND010
﻿HND,﻿HN,﻿HND,﻿LCR,﻿Member State,﻿Honduras,﻿Intibucá,﻿HND009
﻿HND,﻿HN,﻿HND,﻿LCR,﻿Member State,﻿Honduras,﻿Lempira,﻿HND012
﻿HND,﻿HN,﻿HND,﻿LCR,﻿Member State,﻿Honduras,﻿La Paz,﻿HND011
﻿HND,﻿HN,﻿HND,﻿LCR,﻿Member State,﻿Honduras,﻿Ocotepeque,﻿HND014
﻿HND,﻿HN,﻿HND,﻿LCR,﻿Member State,﻿Honduras,﻿Olancho,﻿HND015
﻿HND,﻿HN,﻿HND,﻿LCR,﻿Member State,﻿Honduras,﻿Santa Bárbara,﻿HND017
﻿HND,﻿HN,﻿HND,﻿LCR,﻿Member State,﻿Honduras,﻿Valle,﻿HND018
﻿HND,﻿HN,﻿HND,﻿LCR,﻿Member State,﻿Honduras,﻿Yoro,﻿HND019
﻿HTI,﻿HT,﻿HTI,﻿LCR,﻿Member State,﻿Haiti,﻿Nippes,﻿HTI004
﻿HTI,﻿HT,﻿HTI,﻿LCR,﻿Member State,﻿Haiti,﻿Sud,﻿HTI009
﻿HTI,﻿HT,﻿HTI,﻿LCR,﻿Member State,﻿Haiti,﻿Sud-Est,﻿HTI010
﻿JAM,﻿JM,﻿JAM,﻿LCR,﻿Member State,﻿Jamaica,﻿Portland,﻿JAM005
﻿JAM,﻿JM,﻿JAM,﻿LCR,﻿Member State,﻿Jamaica,﻿Saint Thomas,﻿JAM012
﻿KNA,﻿KN,﻿KNA,﻿LCR,﻿Member State,﻿Saint Kitts and Nevis,﻿Saint Anne Sandy Point,﻿KNA002
﻿KNA,﻿KN,﻿KNA,﻿LCR,﻿Member State,﻿Saint Kitts and Nevis,﻿Christ Church Nichola Town,﻿KNA001
﻿KNA,﻿KN,﻿KNA,﻿LCR,﻿Member State,﻿Saint Kitts and Nevis,﻿Saint George Basseterre,﻿KNA003
﻿KNA,﻿KN,﻿KNA,﻿LCR,﻿Member State,﻿Saint Kitts and Nevis,﻿Saint George Gingerland,﻿KNA004
﻿KNA,﻿KN,﻿KNA,﻿LCR,﻿Member State,﻿Saint Kitts and Nevis,﻿Saint John Capisterre,﻿KNA006
﻿KNA,﻿KN,﻿KNA,﻿LCR,﻿Member State,﻿Saint Kitts and Nevis,﻿Saint John Figtree,﻿KNA007
﻿KNA,﻿KN,﻿KNA,﻿LCR,﻿Member State,﻿Saint Kitts and Nevis,﻿Saint James Windward,﻿KNA005
﻿KNA,﻿KN,﻿KNA,﻿LCR,﻿Member State,﻿Saint Kitts and Nevis,﻿Saint Mary Cayon,﻿KNA008
﻿KNA,﻿KN,﻿KNA,﻿LCR,﻿Member State,﻿Saint Kitts and Nevis,﻿Saint Peter Basseterre,﻿KNA011
﻿KNA,﻿KN,﻿KNA,﻿LCR,﻿Member State,﻿Saint Kitts and Nevis,﻿Saint Paul Charlestown,﻿KNA010
﻿KNA,﻿KN,﻿KNA,﻿LCR,﻿Member State,﻿Saint Kitts and Nevis,﻿Saint Paul Capisterre,﻿KNA009
﻿KNA,﻿KN,﻿KNA,﻿LCR,﻿Member State,﻿Saint Kitts and Nevis,﻿Saint Thomas Lowland,﻿KNA012
﻿KNA,﻿KN,﻿KNA,﻿LCR,﻿Member State,﻿Saint Kitts and Nevis,﻿Saint Thomas Middle Island,﻿KNA013
﻿KNA,﻿KN,﻿KNA,﻿LCR,﻿Member State,﻿Saint Kitts and Nevis,﻿Trinity Palmetto Point,﻿KNA014
﻿LCA,﻿LC,﻿LCA,﻿LCR,﻿Member State,﻿Saint Lucia,﻿Canaries,﻿LCA002
﻿LCA,﻿LC,﻿LCA,﻿LCR,﻿Member State,﻿Saint Lucia,﻿Choiseul,﻿LCA004
﻿LCA,﻿LC,﻿LCA,﻿LCR,﻿Member State,﻿Saint Lucia,﻿Soufriere,﻿LCA009
﻿MAF,﻿MF,﻿MAF,﻿Other,﻿Territory,﻿Saint-Martin (Fr.),﻿Saint-Martin (Fr.),﻿MAF001
﻿MEX,﻿MX,﻿MEX,﻿LCR,﻿Member State,﻿Mexico,﻿Baja California,﻿MEX002
﻿MEX,﻿MX,﻿MEX,﻿LCR,﻿Member State,﻿Mexico,﻿Baja California Sur,﻿MEX003
﻿MEX,﻿MX,﻿MEX,﻿LCR,﻿Member State,﻿Mexico,﻿Chiapas,﻿MEX007
﻿MEX,﻿MX,﻿MEX,﻿LCR,﻿Member State,﻿Mexico,﻿Colima,﻿MEX006
﻿MEX,﻿MX,﻿MEX,﻿LCR,﻿Member State,﻿Mexico,﻿Nayarit,﻿MEX018
﻿MEX,﻿MX,﻿MEX,﻿LCR,﻿Member State,﻿Mexico,﻿Sinaloa,﻿MEX025
﻿MSR,﻿MS,﻿MSR,﻿Other,﻿Territory,﻿Montserrat (U.K.),﻿Saint Anthony,﻿MSR001
﻿MSR,﻿MS,﻿MSR,﻿Other,﻿Territory,﻿Montserrat (U.K.),﻿Saint Georges,﻿MSR002
﻿MSR,﻿MS,﻿MSR,﻿Other,﻿Territory,﻿Montserrat (U.K.),﻿Saint Peter,﻿MSR003
﻿NIC,﻿NI,﻿NIC,﻿LCR,﻿Member State,﻿Nicaragua,﻿Región Autónoma Costa Caribe Norte,﻿NIC014
﻿NIC,﻿NI,﻿NIC,﻿LCR,﻿Member State,﻿Nicaragua,﻿Jinotega,﻿NIC007
﻿NIC,﻿NI,﻿NIC,﻿LCR,﻿Member State,﻿Nicaragua,﻿Nueva Segovia,﻿NIC013
﻿PRI,﻿PR,﻿PRI,﻿Other,﻿Territory,﻿Puerto Rico (U.S.),﻿Arecibo,﻿PRI002
﻿PRI,﻿PR,﻿PRI,﻿Other,﻿Territory,﻿Puerto Rico (U.S.),﻿Aguadilla,﻿PRI001
﻿PRI,﻿PR,﻿PRI,﻿Other,﻿Territory,﻿Puerto Rico (U.S.),﻿Bayamon,﻿PRI003
﻿PRI,﻿PR,﻿PRI,﻿Other,﻿Territory,﻿Puerto Rico (U.S.),﻿Guayama,﻿PRI004
﻿PRI,﻿PR,﻿PRI,﻿Other,﻿Territory,﻿Puerto Rico (U.S.),﻿Humacao,﻿PRI005
﻿PRI,﻿PR,﻿PRI,﻿Other,﻿Territory,﻿Puerto Rico (U.S.),﻿Mayaguez,﻿PRI006
﻿PRI,﻿PR,﻿PRI,﻿Other,﻿Territory,﻿Puerto Rico (U.S.),﻿Ponce,﻿PRI007
﻿PRI,﻿PR,﻿PRI,﻿Other,﻿Territory,﻿Puerto Rico (U.S.),﻿San Juan,﻿PRI008
﻿SLV,﻿SV,﻿SLV,﻿LCR,﻿Member State,﻿El Salvador,﻿Cabañas,﻿SLV002
﻿SLV,﻿SV,﻿SLV,﻿LCR,﻿Member State,﻿El Salvador,﻿Chalatenango,﻿SLV003
﻿SLV,﻿SV,﻿SLV,﻿LCR,﻿Member State,﻿El Salvador,﻿Cuscatlán,﻿SLV004
﻿SLV,﻿SV,﻿SLV,﻿LCR,﻿Member State,﻿El Salvador,﻿La Libertad,﻿SLV005
﻿SLV,﻿SV,﻿SLV,﻿LCR,﻿Member State,﻿El Salvador,﻿Morazán,﻿SLV008
﻿SLV,﻿SV,﻿SLV,﻿LCR,﻿Member State,﻿El Salvador,﻿Santa Ana,﻿SLV012
﻿SLV,﻿SV,﻿SLV,﻿LCR,﻿Member State,﻿El Salvador,﻿San Miguel,﻿SLV009
﻿SLV,﻿SV,﻿SLV,﻿LCR,﻿Member State,﻿El Salvador,﻿San Salvador,﻿SLV010
﻿SLV,﻿SV,﻿SLV,﻿LCR,﻿Member State,﻿El Salvador,﻿La Unión,﻿SLV007
﻿SXM,﻿SX,﻿SXM,﻿Other,﻿Territory,﻿Sint Maarten (Neth.),﻿Sint Maarten (Neth.),﻿SXM001
﻿USA,﻿US,﻿USA,﻿Other,﻿Member State,﻿United States of America,﻿Hawaii,﻿USA012
﻿VCT,﻿VC,﻿VCT,﻿LCR,﻿Member State,﻿Saint Vincent and the Grenadines,﻿Saint Andrew,﻿VCT003
﻿VCT,﻿VC,﻿VCT,﻿LCR,﻿Member State,﻿Saint Vincent and the Grenadines,﻿Saint David,﻿VCT004
﻿VCT,﻿VC,﻿VCT,﻿LCR,﻿Member State,﻿Saint Vincent and the Grenadines,﻿Saint George,﻿VCT005
﻿VCT,﻿VC,﻿VCT,﻿LCR,﻿Member State,﻿Saint Vincent and the Grenadines,﻿Grenadines,﻿VCT002
﻿VCT,﻿VC,﻿VCT,﻿LCR,﻿Member State,﻿Saint Vincent and the Grenadines,﻿Saint Patrick,﻿VCT006
﻿VEN,﻿VE,﻿VEN,﻿LCR,﻿Member State,﻿Republica Bolivariana de Venezuela,﻿Anzoategui,﻿VEN002
﻿VEN,﻿VE,﻿VEN,﻿LCR,﻿Member State,﻿Republica Bolivariana de Venezuela,﻿Apure,﻿VEN003
﻿VEN,﻿VE,﻿VEN,﻿LCR,﻿Member State,﻿Republica Bolivariana de Venezuela,﻿Aragua,﻿VEN004
﻿VEN,﻿VE,﻿VEN,﻿LCR,﻿Member State,﻿Republica Bolivariana de Venezuela,﻿Barinas,﻿VEN005
﻿VEN,﻿VE,﻿VEN,﻿LCR,﻿Member State,﻿Republica Bolivariana de Venezuela,﻿Carabobo,﻿VEN007
﻿VEN,﻿VE,﻿VEN,﻿LCR,﻿Member State,﻿Republica Bolivariana de Venezuela,﻿Cojedes,﻿VEN008
﻿VEN,﻿VE,﻿VEN,﻿LCR,﻿Member State,﻿Republica Bolivariana de Venezuela,﻿Distrito Capital,﻿VEN011
﻿VEN,﻿VE,﻿VEN,﻿LCR,﻿Member State,﻿Republica Bolivariana de Venezuela,﻿Dependencias Federales,﻿VEN010
﻿VEN,﻿VE,﻿VEN,﻿LCR,﻿Member State,﻿Republica Bolivariana de Venezuela,﻿Falcon,﻿VEN012
﻿VEN,﻿VE,﻿VEN,﻿LCR,﻿Member State,﻿Republica Bolivariana de Venezuela,﻿Guarico,﻿VEN013
﻿VEN,﻿VE,﻿VEN,﻿LCR,﻿Member State,﻿Republica Bolivariana de Venezuela,﻿Lara,﻿VEN014
﻿VEN,﻿VE,﻿VEN,﻿LCR,﻿Member State,﻿Republica Bolivariana de Venezuela,﻿Merida,﻿VEN015
﻿VEN,﻿VE,﻿VEN,﻿LCR,﻿Member State,﻿Republica Bolivariana de Venezuela,﻿Miranda,﻿VEN016
﻿VEN,﻿VE,﻿VEN,﻿LCR,﻿Member State,﻿Republica Bolivariana de Venezuela,﻿Monagas,﻿VEN017
﻿VEN,﻿VE,﻿VEN,﻿LCR,﻿Member State,﻿Republica Bolivariana de Venezuela,﻿Portuguesa,﻿VEN019
﻿VEN,﻿VE,﻿VEN,﻿LCR,﻿Member State,﻿Republica Bolivariana de Venezuela,﻿Sucre,﻿VEN020
﻿VEN,﻿VE,﻿VEN,﻿LCR,﻿Member State,﻿Republica Bolivariana de Venezuela,﻿Tachira,﻿VEN021
﻿VEN,﻿VE,﻿VEN,﻿LCR,﻿Member State,﻿Republica Bolivariana de Venezuela,﻿Trujillo,﻿VEN022
﻿VEN,﻿VE,﻿VEN,﻿LCR,﻿Member State,﻿Republica Bolivariana de Venezuela,﻿La Guaira,﻿VEN023
﻿VEN,﻿VE,﻿VEN,﻿LCR,﻿Member State,﻿Republica Bolivariana de Venezuela,﻿Yaracuy,﻿VEN024
﻿VEN,﻿VE,﻿VEN,﻿LCR,﻿Member State,﻿Republica Bolivariana de Venezuela,﻿Zulia,﻿VEN025
﻿VGB,﻿VG,﻿VGB,﻿Other,﻿Territory,﻿British Virgin Islands (U.K.),﻿British Virgin Islands (U.K.),﻿VGB001
﻿VIR,﻿VI,﻿VIR,﻿Other,﻿Territory,﻿United States Virgin Islands (U.S.),﻿Saint Croix (County Equivalent),﻿VIR001
﻿VIR,﻿VI,﻿VIR,﻿Other,﻿Territory,﻿United States Virgin Islands (U.S.),﻿Saint John (County Equivalent),﻿VIR002
﻿VIR,﻿VI,﻿VIR,﻿Other,﻿Territory,﻿United States Virgin Islands (U.S.),﻿Saint Thomas (County Equivalent),﻿VIR003
﻿ARG,﻿AR,﻿ARG,﻿LCR,﻿Member State,﻿Argentina,﻿Jujuy,﻿ARG010
﻿ARG,﻿AR,﻿ARG,﻿LCR,﻿Member State,﻿Argentina,﻿Salta,﻿ARG017
﻿BLZ,﻿BZ,﻿BLZ,﻿LCR,﻿Member State,﻿Belize,﻿Belize,﻿BLZ001
﻿BLZ,﻿BZ,﻿BLZ,﻿LCR,﻿Member State,﻿Belize,﻿Stann Creek,﻿BLZ005
﻿BOL,﻿BO,﻿BOL,﻿LCR,﻿Member State,﻿Bolivia,﻿Cochabamba,﻿BOL003
﻿BOL,﻿BO,﻿BOL,﻿LCR,﻿Member State,﻿Bolivia,﻿Beni,﻿BOL001
﻿BOL,﻿BO,﻿BOL,﻿LCR,﻿Member State,﻿Bolivia,﻿La Paz,﻿BOL004
﻿BOL,﻿BO,﻿BOL,﻿LCR,﻿Member State,﻿Bolivia,﻿Oruro,﻿BOL005
﻿BOL,﻿BO,﻿BOL,﻿LCR,﻿Member State,﻿Bolivia,﻿Pando,﻿BOL006
﻿BOL,﻿BO,﻿BOL,﻿LCR,﻿Member State,﻿Bolivia,﻿Potosí,﻿BOL007
﻿BRA,﻿BR,﻿BRA,﻿LCR,﻿Member State,﻿Brazil,﻿Acre,﻿BRA001
﻿COL,﻿CO,﻿COL,﻿LCR,﻿Member State,﻿Colombia,﻿Amazonas,﻿COL001
﻿COL,﻿CO,﻿COL,﻿LCR,﻿Member State,﻿Colombia,﻿Cauca,﻿COL012
﻿COL,﻿CO,﻿COL,﻿LCR,﻿Member State,﻿Colombia,﻿Caquetá,﻿COL010
﻿COL,﻿CO,﻿COL,﻿LCR,﻿Member State,﻿Colombia,"﻿Bogotá, D.C.",﻿COL006
﻿COL,﻿CO,﻿COL,﻿LCR,﻿Member State,﻿Colombia,﻿Guainía,﻿COL017
﻿COL,﻿CO,﻿COL,﻿LCR,﻿Member State,﻿Colombia,﻿Guaviare,﻿COL018
﻿COL,﻿CO,﻿COL,﻿LCR,﻿Member State,﻿Colombia,﻿Huila,﻿COL019
﻿COL,﻿CO,﻿COL,﻿LCR,﻿Member State,﻿Colombia,﻿Meta,﻿COL022
﻿COL,﻿CO,﻿COL,﻿LCR,﻿Member State,﻿Colombia,﻿Nariño,﻿COL023
﻿COL,﻿CO,﻿COL,﻿LCR,﻿Member State,﻿Colombia,﻿Putumayo,﻿COL025
﻿COL,﻿CO,﻿COL,﻿LCR,﻿Member State,﻿Colombia,﻿Quindio,﻿COL026
﻿COL,﻿CO,﻿COL,﻿LCR,﻿Member State,﻿Colombia,"﻿Archipiélago de San Andrés, Providencia y Santa Catalina",﻿COL004
﻿COL,﻿CO,﻿COL,﻿LCR,﻿Member State,﻿Colombia,﻿Vaupés,﻿COL032
﻿CRI,﻿CR,﻿CRI,﻿LCR,﻿Member State,﻿Costa Rica,﻿Alajuela,﻿CRI001
﻿CRI,﻿CR,﻿CRI,﻿LCR,﻿Member State,﻿Costa Rica,﻿Heredia,﻿CRI004
﻿CYM,﻿KY,﻿CYM,﻿Other,﻿Territory,﻿Cayman Islands (U.K.),﻿Cayman Islands (U.K.),﻿CYM001
﻿ECU,﻿EC,﻿ECU,﻿LCR,﻿Member State,﻿Ecuador,﻿Azuay,﻿ECU001
﻿ECU,﻿EC,﻿ECU,﻿LCR,﻿Member State,﻿Ecuador,﻿Bolivar,﻿ECU002
﻿ECU,﻿EC,﻿ECU,﻿LCR,﻿Member State,﻿Ecuador,﻿Canar,﻿ECU003
﻿ECU,﻿EC,﻿ECU,﻿LCR,﻿Member State,﻿Ecuador,﻿Carchi,﻿ECU004
﻿ECU,﻿EC,﻿ECU,﻿LCR,﻿Member State,﻿Ecuador,﻿Chimborazo,﻿ECU006
﻿ECU,﻿EC,﻿ECU,﻿LCR,﻿Member State,﻿Ecuador,﻿Guayas,﻿ECU009
﻿ECU,﻿EC,﻿ECU,﻿LCR,﻿Member State,﻿Ecuador,﻿Imbabura,﻿ECU010
﻿ECU,﻿EC,﻿ECU,﻿LCR,﻿Member State,﻿Ecuador,﻿Loja,﻿ECU011
﻿ECU,﻿EC,﻿ECU,﻿LCR,﻿Member State,﻿Ecuador,﻿Morona Santiago,﻿ECU014
﻿ECU,﻿EC,﻿ECU,﻿LCR,﻿Member State,﻿Ecuador,﻿Napo,﻿ECU015
﻿ECU,﻿EC,﻿ECU,﻿LCR,﻿Member State,﻿Ecuador,﻿Orellana,﻿ECU022
﻿ECU,﻿EC,﻿ECU,﻿LCR,﻿Member State,﻿Ecuador,﻿Pastaza,﻿ECU016
﻿ECU,﻿EC,﻿ECU,﻿LCR,﻿Member State,﻿Ecuador,﻿Pichincha,﻿ECU017
﻿ECU,﻿EC,﻿ECU,﻿LCR,﻿Member State,﻿Ecuador,﻿Sucumbios,﻿ECU021
﻿ECU,﻿EC,﻿ECU,﻿LCR,﻿Member State,﻿Ecuador,﻿Tungurahua,﻿ECU018
﻿ECU,﻿EC,﻿ECU,﻿LCR,﻿Member State,﻿Ecuador,﻿Zamora Chinchipe,﻿ECU019
﻿GTM,﻿GT,﻿GTM,﻿LCR,﻿Member State,﻿Guatemala,﻿Escuintla,﻿GTM006
﻿GTM,﻿GT,﻿GTM,﻿LCR,﻿Member State,﻿Guatemala,﻿Quetzaltenango,﻿GTM013
﻿GTM,﻿GT,﻿GTM,﻿LCR,﻿Member State,﻿Guatemala,﻿Retalhuleu,﻿GTM015
﻿GTM,﻿GT,﻿GTM,﻿LCR,﻿Member State,﻿Guatemala,﻿San Marcos,﻿GTM017
﻿GTM,﻿GT,﻿GTM,﻿LCR,﻿Member State,﻿Guatemala,﻿Suchitepéquez,﻿GTM020
﻿GTM,﻿GT,﻿GTM,﻿LCR,﻿Member State,﻿Guatemala,﻿Totonicapán,﻿GTM021
﻿GUY,﻿GY,﻿GUY,﻿LCR,﻿Member State,﻿Guyana,﻿Potaro/siparuni (region N°8),﻿GUY008
﻿HND,﻿HN,﻿HND,﻿LCR,﻿Member State,﻿Honduras,﻿Choluteca,﻿HND002
﻿JAM,﻿JM,﻿JAM,﻿LCR,﻿Member State,﻿Jamaica,﻿Kingston,﻿JAM003
﻿JAM,﻿JM,﻿JAM,﻿LCR,﻿Member State,﻿Jamaica,﻿Saint Andrew,﻿JAM006
﻿JAM,﻿JM,﻿JAM,﻿LCR,﻿Member State,﻿Jamaica,﻿Clarendon,﻿JAM001
﻿JAM,﻿JM,﻿JAM,﻿LCR,﻿Member State,﻿Jamaica,﻿Hanover,﻿JAM002
﻿JAM,﻿JM,﻿JAM,﻿LCR,﻿Member State,﻿Jamaica,﻿Manchester,﻿JAM004
﻿JAM,﻿JM,﻿JAM,﻿LCR,﻿Member State,﻿Jamaica,﻿Saint Catherine,﻿JAM008
﻿JAM,﻿JM,﻿JAM,﻿LCR,﻿Member State,﻿Jamaica,﻿Saint Elizabeth,﻿JAM009
﻿JAM,﻿JM,﻿JAM,﻿LCR,﻿Member State,﻿Jamaica,﻿Saint James,﻿JAM010
﻿JAM,﻿JM,﻿JAM,﻿LCR,﻿Member State,﻿Jamaica,﻿Saint Mary,﻿JAM011
﻿JAM,﻿JM,﻿JAM,﻿LCR,﻿Member State,﻿Jamaica,﻿Saint Ann,﻿JAM007
﻿JAM,﻿JM,﻿JAM,﻿LCR,﻿Member State,﻿Jamaica,﻿Trelawny,﻿JAM013
﻿JAM,﻿JM,﻿JAM,﻿LCR,﻿Member State,﻿Jamaica,﻿Westmoreland,﻿JAM014
﻿MEX,﻿MX,﻿MEX,﻿LCR,﻿Member State,﻿Mexico,﻿Guerrero,﻿MEX012
﻿MEX,﻿MX,﻿MEX,﻿LCR,﻿Member State,﻿Mexico,﻿Oaxaca,﻿MEX020
﻿MEX,﻿MX,﻿MEX,﻿LCR,﻿Member State,﻿Mexico,﻿Tabasco,﻿MEX027
﻿NIC,﻿NI,﻿NIC,﻿LCR,﻿Member State,﻿Nicaragua,﻿Región Autónoma Costa Caribe Sur,﻿NIC015
﻿NIC,﻿NI,﻿NIC,﻿LCR,﻿Member State,﻿Nicaragua,﻿Boaco,﻿NIC001
﻿NIC,﻿NI,﻿NIC,﻿LCR,﻿Member State,﻿Nicaragua,﻿Carazo,﻿NIC002
﻿NIC,﻿NI,﻿NIC,﻿LCR,﻿Member State,﻿Nicaragua,﻿Chinandega,﻿NIC003
﻿NIC,﻿NI,﻿NIC,﻿LCR,﻿Member State,﻿Nicaragua,﻿Chontales,﻿NIC004
﻿NIC,﻿NI,﻿NIC,﻿LCR,﻿Member State,﻿Nicaragua,﻿Estelí,﻿NIC005
﻿NIC,﻿NI,﻿NIC,﻿LCR,﻿Member State,﻿Nicaragua,﻿León,﻿NIC008
﻿NIC,﻿NI,﻿NIC,﻿LCR,﻿Member State,﻿Nicaragua,﻿Madriz,﻿NIC009
﻿NIC,﻿NI,﻿NIC,﻿LCR,﻿Member State,﻿Nicaragua,﻿Managua,﻿NIC010
﻿NIC,﻿NI,﻿NIC,﻿LCR,﻿Member State,﻿Nicaragua,﻿Masaya,﻿NIC011
﻿NIC,﻿NI,﻿NIC,﻿LCR,﻿Member State,﻿Nicaragua,﻿Matagalpa,﻿NIC012
﻿NIC,﻿NI,﻿NIC,﻿LCR,﻿Member State,﻿Nicaragua,﻿Rivas,﻿NIC017
﻿NIC,﻿NI,﻿NIC,﻿LCR,﻿Member State,﻿Nicaragua,﻿Río San Juan,﻿NIC016
﻿PAN,﻿PA,﻿PAN,﻿LCR,﻿Member State,﻿Panama,﻿Coclé,﻿PAN003
﻿PAN,﻿PA,﻿PAN,﻿LCR,﻿Member State,﻿Panama,﻿Colón,﻿PAN004
﻿PAN,﻿PA,﻿PAN,﻿LCR,﻿Member State,﻿Panama,﻿Darién,﻿PAN005
﻿PAN,﻿PA,﻿PAN,﻿LCR,﻿Member State,﻿Panama,﻿Emberá,﻿PAN006
﻿PAN,﻿PA,﻿PAN,﻿LCR,﻿Member State,﻿Panama,﻿Herrera,﻿PAN007
﻿PAN,﻿PA,﻿PAN,﻿LCR,﻿Member State,﻿Panama,﻿Los Santos,﻿PAN009
﻿PAN,﻿PA,﻿PAN,﻿LCR,﻿Member State,﻿Panama,﻿Panamá,﻿PAN011
﻿PAN,﻿PA,﻿PAN,﻿LCR,﻿Member State,﻿Panama,﻿Panamá Oeste,﻿PAN012
﻿PAN,﻿PA,﻿PAN,﻿LCR,﻿Member State,﻿Panama,﻿Kuna Yala,﻿PAN008
﻿PER,﻿PE,﻿PER,﻿LCR,﻿Member State,﻿Peru,﻿Amazonas,﻿PER001
﻿PER,﻿PE,﻿PER,﻿LCR,﻿Member State,﻿Peru,﻿Apurímac,﻿PER003
﻿PER,﻿PE,﻿PER,﻿LCR,﻿Member State,﻿Peru,﻿Ayacucho,﻿PER005
﻿PER,﻿PE,﻿PER,﻿LCR,﻿Member State,﻿Peru,﻿Cajamarca,﻿PER006
﻿PER,﻿PE,﻿PER,﻿LCR,﻿Member State,﻿Peru,﻿Cusco,﻿PER008
﻿PER,﻿PE,﻿PER,﻿LCR,﻿Member State,﻿Peru,﻿Huánuco,﻿PER010
﻿PER,﻿PE,﻿PER,﻿LCR,﻿Member State,﻿Peru,﻿Lambayeque,﻿PER014
﻿PER,﻿PE,﻿PER,﻿LCR,﻿Member State,﻿Peru,﻿La Libertad,﻿PER013
﻿PER,﻿PE,﻿PER,﻿LCR,﻿Member State,﻿Peru,﻿Loreto,﻿PER016
﻿PER,﻿PE,﻿PER,﻿LCR,﻿Member State,﻿Peru,﻿Madre de Dios,﻿PER017
﻿PER,﻿PE,﻿PER,﻿LCR,﻿Member State,﻿Peru,﻿Puno,﻿PER021
﻿PER,﻿PE,﻿PER,﻿LCR,﻿Member State,﻿Peru,﻿San Martín,﻿PER022
﻿PER,﻿PE,﻿PER,﻿LCR,﻿Member State,﻿Peru,﻿Ucayali,﻿PER025
﻿SLV,﻿SV,﻿SLV,﻿LCR,﻿Member State,﻿El Salvador,﻿Ahuachapán,﻿SLV001
﻿SLV,﻿SV,﻿SLV,﻿LCR,﻿Member State,﻿El Salvador,﻿La Paz,﻿SLV006
﻿SLV,﻿SV,﻿SLV,﻿LCR,﻿Member State,﻿El Salvador,﻿Sonsonate,﻿SLV013
﻿SLV,﻿SV,﻿SLV,﻿LCR,﻿Member State,﻿El Salvador,﻿San Vicente,﻿SLV011
﻿SLV,﻿SV,﻿SLV,﻿LCR,﻿Member State,﻿El Salvador,﻿Usulután,﻿SLV014
﻿VEN,﻿VE,﻿VEN,﻿LCR,﻿Member State,﻿Republica Bolivariana de Venezuela,﻿Amazonas,﻿VEN001
﻿ARG,﻿AR,﻿ARG,﻿LCR,﻿Member State,﻿Argentina,﻿Córdoba,﻿ARG006
﻿ARG,﻿AR,﻿ARG,﻿LCR,﻿Member State,﻿Argentina,﻿Chubut,﻿ARG005
﻿ARG,﻿AR,﻿ARG,﻿LCR,﻿Member State,﻿Argentina,﻿Catamarca,﻿ARG003
﻿ARG,﻿AR,﻿ARG,﻿LCR,﻿Member State,﻿Argentina,﻿La Pampa,﻿ARG011
﻿ARG,﻿AR,﻿ARG,﻿LCR,﻿Member State,﻿Argentina,﻿La Rioja,﻿ARG012
﻿ARG,﻿AR,﻿ARG,﻿LCR,﻿Member State,﻿Argentina,﻿Mendoza,﻿ARG013
﻿ARG,﻿AR,﻿ARG,﻿LCR,﻿Member State,﻿Argentina,﻿Neuquén,﻿ARG015
﻿ARG,﻿AR,﻿ARG,﻿LCR,﻿Member State,﻿Argentina,﻿Río Negro,﻿ARG016
﻿ARG,﻿AR,﻿ARG,﻿LCR,﻿Member State,﻿Argentina,﻿Santa Cruz,﻿ARG020
﻿ARG,﻿AR,﻿ARG,﻿LCR,﻿Member State,﻿Argentina,﻿Santiago Del Estero,﻿ARG022
﻿ARG,﻿AR,﻿ARG,﻿LCR,﻿Member State,﻿Argentina,﻿San Juan,﻿ARG018
﻿ARG,﻿AR,﻿ARG,﻿LCR,﻿Member State,﻿Argentina,﻿San Luis,﻿ARG019
﻿ARG,﻿AR,﻿ARG,﻿LCR,﻿Member State,﻿Argentina,﻿Tierra Del Fuego,﻿ARG023
﻿ARG,﻿AR,﻿ARG,﻿LCR,﻿Member State,﻿Argentina,﻿Tucumán,﻿ARG024
﻿ASM,﻿AS,﻿ASM,﻿Other,﻿Territory,﻿American Samoa (U.S.),﻿Administrative unit not available,﻿ASM001
﻿BOL,﻿BO,﻿BOL,﻿LCR,﻿Member State,﻿Bolivia,﻿Chuquisaca,﻿BOL002
﻿BOL,﻿BO,﻿BOL,﻿LCR,﻿Member State,﻿Bolivia,﻿Tarija,﻿BOL009
﻿CAN,﻿CA,﻿CAN,﻿Other,﻿Member State,﻿Canada,﻿Yukon,﻿CAN013
﻿CHL,﻿CL,﻿CHL,﻿LCR,﻿Member State,﻿Chile,﻿Región de Aysén del General Carlos Ibáñez del Campo,﻿CHL001
﻿CHL,﻿CL,﻿CHL,﻿LCR,﻿Member State,﻿Chile,﻿Región de Antofagasta,﻿CHL002
﻿CHL,﻿CL,﻿CHL,﻿LCR,﻿Member State,﻿Chile,﻿Región de Arica y Painacota,﻿CHL004
﻿CHL,﻿CL,﻿CHL,﻿LCR,﻿Member State,﻿Chile,﻿Región de Araucanía,﻿CHL003
﻿CHL,﻿CL,﻿CHL,﻿LCR,﻿Member State,﻿Chile,﻿Región de Atacama,﻿CHL005
﻿CHL,﻿CL,﻿CHL,﻿LCR,﻿Member State,﻿Chile,﻿Región de Bío-Bío,﻿CHL006
﻿CHL,﻿CL,﻿CHL,﻿LCR,﻿Member State,﻿Chile,﻿Región de Ñuble,﻿CHL016
﻿CHL,﻿CL,﻿CHL,﻿LCR,﻿Member State,﻿Chile,﻿Región de Coquimbo,﻿CHL007
﻿CHL,﻿CL,﻿CHL,﻿LCR,﻿Member State,﻿Chile,﻿Región de Los Lagos,﻿CHL009
﻿CHL,﻿CL,﻿CHL,﻿LCR,﻿Member State,﻿Chile,﻿Región de Libertador General Bernardo O'Higgins,﻿CHL008
﻿CHL,﻿CL,﻿CHL,﻿LCR,﻿Member State,﻿Chile,﻿Región de Los Ríos,﻿CHL010
﻿CHL,﻿CL,﻿CHL,﻿LCR,﻿Member State,﻿Chile,﻿Región de Magallanes y la Antártica Chilena,﻿CHL011
﻿CHL,﻿CL,﻿CHL,﻿LCR,﻿Member State,﻿Chile,﻿Región de Maule,﻿CHL012
﻿CHL,﻿CL,﻿CHL,﻿LCR,﻿Member State,﻿Chile,﻿Región Metropolitana de Santiago,﻿CHL013
﻿CHL,﻿CL,﻿CHL,﻿LCR,﻿Member State,﻿Chile,﻿Región de Tarapacá,﻿CHL014
﻿CHL,﻿CL,﻿CHL,﻿LCR,﻿Member State,﻿Chile,﻿Región de Valparaíso,﻿CHL015
﻿COK,﻿CK,﻿COK,﻿Other,﻿Territory,﻿Cook Islands (N.Z.),﻿Cook Islands (N.Z.),﻿COK001
﻿CPT,﻿CP,﻿FRA,﻿Other,﻿Territory,﻿Clipperton Island (Fr.),﻿Clipperton Island (Fr.),﻿CPT001
﻿CRI,﻿CR,﻿CRI,﻿LCR,﻿Member State,﻿Costa Rica,﻿Cartago,﻿CRI002
﻿CRI,﻿CR,﻿CRI,﻿LCR,﻿Member State,﻿Costa Rica,﻿Guanacaste,﻿CRI003
﻿CRI,﻿CR,﻿CRI,﻿LCR,﻿Member State,﻿Costa Rica,﻿Limón,﻿CRI005
﻿CRI,﻿CR,﻿CRI,﻿LCR,﻿Member State,﻿Costa Rica,﻿Puntarenas,﻿CRI006
﻿CRI,﻿CR,﻿CRI,﻿LCR,﻿Member State,﻿Costa Rica,﻿San José,﻿CRI007
﻿ECU,﻿EC,﻿ECU,﻿LCR,﻿Member State,﻿Ecuador,﻿Cotopaxi,﻿ECU005
﻿ECU,﻿EC,﻿ECU,﻿LCR,﻿Member State,﻿Ecuador,﻿El Oro,﻿ECU007
﻿ECU,﻿EC,﻿ECU,﻿LCR,﻿Member State,﻿Ecuador,﻿Esmeraldas,﻿ECU008
﻿ECU,﻿EC,﻿ECU,﻿LCR,﻿Member State,﻿Ecuador,﻿Galapagos,﻿ECU020
﻿ECU,﻿EC,﻿ECU,﻿LCR,﻿Member State,﻿Ecuador,﻿Los Rios,﻿ECU012
﻿ECU,﻿EC,﻿ECU,﻿LCR,﻿Member State,﻿Ecuador,﻿Manabi,﻿ECU013
﻿ECU,﻿EC,﻿ECU,﻿LCR,﻿Member State,﻿Ecuador,﻿Santa Elena,﻿ECU024
﻿ECU,﻿EC,﻿ECU,﻿LCR,﻿Member State,﻿Ecuador,﻿Santo Domingo de los Tsachilas,﻿ECU023
﻿GRL,﻿GL,﻿GRL,﻿Other,﻿Territory,﻿Greenland (Den.),﻿Greenland (Den.),﻿GRL001
﻿ISL,﻿IS,﻿ISL,﻿Other,﻿Member State,﻿Iceland,﻿Suðurnes,﻿ISL006
﻿KIR,﻿KI,﻿KIR,﻿EAP,﻿Member State,﻿Kiribati,﻿Line Islands,﻿KIR002
﻿KIR,﻿KI,﻿KIR,﻿EAP,﻿Member State,﻿Kiribati,﻿Phoenix Islands,﻿KIR004
﻿NIC,﻿NI,﻿NIC,﻿LCR,﻿Member State,﻿Nicaragua,﻿Granada,﻿NIC006
﻿NIU,﻿NU,﻿NIU,﻿Other,﻿Territory,﻿Niue (N.Z.),﻿Niue (N.Z.),﻿NIU001
﻿PAN,﻿PA,﻿PAN,﻿LCR,﻿Member State,﻿Panama,﻿Bocas del Toro,﻿PAN001
﻿PAN,﻿PA,﻿PAN,﻿LCR,﻿Member State,﻿Panama,﻿Chiriquí,﻿PAN002
﻿PAN,﻿PA,﻿PAN,﻿LCR,﻿Member State,﻿Panama,﻿Ngäbe Buglé,﻿PAN010
﻿PAN,﻿PA,﻿PAN,﻿LCR,﻿Member State,﻿Panama,﻿Veraguas,﻿PAN013
﻿PCN,﻿PN,﻿PCN,﻿Other,﻿Territory,﻿Pitcairn Islands (U.K.),﻿Administrative unit not available,﻿PCN001
﻿PER,﻿PE,﻿PER,﻿LCR,﻿Member State,﻿Peru,﻿Ancash,﻿PER002
﻿PER,﻿PE,﻿PER,﻿LCR,﻿Member State,﻿Peru,﻿Arequipa,﻿PER004
﻿PER,﻿PE,﻿PER,﻿LCR,﻿Member State,﻿Peru,﻿Callao,﻿PER007
﻿PER,﻿PE,﻿PER,﻿LCR,﻿Member State,﻿Peru,﻿Huancavelica,﻿PER009
﻿PER,﻿PE,﻿PER,﻿LCR,﻿Member State,﻿Peru,﻿Ica,﻿PER011
﻿PER,﻿PE,﻿PER,﻿LCR,﻿Member State,﻿Peru,﻿Junín,﻿PER012
﻿PER,﻿PE,﻿PER,﻿LCR,﻿Member State,﻿Peru,﻿Lima,﻿PER015
﻿PER,﻿PE,﻿PER,﻿LCR,﻿Member State,﻿Peru,﻿Moquegua,﻿PER018
﻿PER,﻿PE,﻿PER,﻿LCR,﻿Member State,﻿Peru,﻿Pasco,﻿PER019
﻿PER,﻿PE,﻿PER,﻿LCR,﻿Member State,﻿Peru,﻿Piura,﻿PER020
﻿PER,﻿PE,﻿PER,﻿LCR,﻿Member State,﻿Peru,﻿Tacna,﻿PER023
﻿PER,﻿PE,﻿PER,﻿LCR,﻿Member State,﻿Peru,﻿Tumbes,﻿PER024
﻿PYF,﻿PF,﻿PYF,﻿Other,﻿Territory,﻿French Polynesia (Fr.),﻿French Polynesia (Fr.),﻿PYF001
﻿TKL,﻿TK,﻿TKL,﻿Other,﻿Territory,﻿Tokelau (N.Z.),﻿Administrative unit not available,﻿TKL001
﻿TON,﻿TO,﻿TON,﻿EAP,﻿Member State,﻿Tonga,﻿'Eua,﻿TON001
﻿TON,﻿TO,﻿TON,﻿EAP,﻿Member State,﻿Tonga,﻿Ha'apai,﻿TON002
﻿TON,﻿TO,﻿TON,﻿EAP,﻿Member State,﻿Tonga,﻿Niuas,﻿TON003
﻿TON,﻿TO,﻿TON,﻿EAP,﻿Member State,﻿Tonga,﻿Tongatapu,﻿TON004
﻿TON,﻿TO,﻿TON,﻿EAP,﻿Member State,﻿Tonga,﻿Vava'u,﻿TON005
﻿WLF,﻿WF,﻿WLF,﻿Other,﻿Territory,﻿Wallis and Futuna (Fr.),﻿Wallis and Futuna (Fr.),﻿WLF001
﻿WSM,﻿WS,﻿WSM,﻿EAP,﻿Member State,﻿Samoa,﻿Aʻana,﻿WSM001
﻿WSM,﻿WS,﻿WSM,﻿EAP,﻿Member State,﻿Samoa,﻿Aiga-i-le-Tai,﻿WSM002
﻿WSM,﻿WS,﻿WSM,﻿EAP,﻿Member State,﻿Samoa,﻿Atua,﻿WSM003
﻿WSM,﻿WS,﻿WSM,﻿EAP,﻿Member State,﻿Samoa,﻿Faʻasaleleaga,﻿WSM004
﻿WSM,﻿WS,﻿WSM,﻿EAP,﻿Member State,﻿Samoa,﻿Gagaʻemauga,﻿WSM005
﻿WSM,﻿WS,﻿WSM,﻿EAP,﻿Member State,﻿Samoa,﻿Gagaʻifomauga,﻿WSM006
﻿WSM,﻿WS,﻿WSM,﻿EAP,﻿Member State,﻿Samoa,﻿Palauli,﻿WSM007
﻿WSM,﻿WS,﻿WSM,﻿EAP,﻿Member State,﻿Samoa,﻿Satupaʻitea,﻿WSM008
﻿WSM,﻿WS,﻿WSM,﻿EAP,﻿Member State,﻿Samoa,﻿Tuamasaga,﻿WSM009
﻿WSM,﻿WS,﻿WSM,﻿EAP,﻿Member State,﻿Samoa,﻿Vaʻa-o-Fonoti,﻿WSM010
﻿WSM,﻿WS,﻿WSM,﻿EAP,﻿Member State,﻿Samoa,﻿Vaisigano,﻿WSM011
﻿VEN,﻿VE,﻿VEN,﻿LCR,﻿Member State,﻿Republica Bolivariana de Venezuela,﻿Nueva Esparta,﻿VEN018